# Fiecare aliment din FNDDS, cu litera și punctajul pe care i le dă motorul.
# Generat de tools/CatalogueSnapshotQuery — nu se editează de mână.
# Calibrare: FNDDS 2021-2023, măsurată 2026-08-23
# Descrierea e ultima coloană și conține virgule: se citește ca rest de linie.
fdcId,Weight Loss grade,Weight Loss score,Fitness grade,Fitness score,description
2705384,A,72.6,C,54.2,Milk, NFS
2705385,B,65.0,C,48.5,Milk, whole
2705386,A,74.6,C,55.7,Milk, reduced fat (2%)
2705387,A,76.9,B,57.2,Milk, low fat (1%)
2705388,A,79.6,B,59.2,Milk, fat free (skim)
2705389,A,76.9,B,57.2,Milk, lactose free, low fat (1%)
2705390,A,79.6,B,59.2,Milk, lactose free, fat free (skim)
2705391,A,74.6,C,55.7,Milk, lactose free, reduced fat (2%)
2705392,B,65.0,C,48.5,Milk, lactose free, whole
2705393,A,76.1,C,56.7,Buttermilk
2705394,A,76.4,B,57.9,Kefir
2705395,B,63.7,C,49.0,Goat milk
2705396,A,79.7,B,58.5,Milk, dry, reconstituted, nonfat
2705397,B,61.0,C,48.6,Milk, dry, reconstituted, whole
2705398,C,52.5,C,52.4,Milk, evaporated, NS as to fat content
2705399,C,52.5,C,52.4,Milk, evaporated, whole
2705400,A,72.9,B,67.5,Milk, evaporated, reduced fat (2%)
2705401,A,77.9,B,70.7,Milk, evaporated, fat free (skim)
2705402,E,28.1,D,40.6,Milk, condensed, sweetened
2705403,A,77.3,C,51.4,Non-dairy milk, NFS
2705404,A,74.5,C,56.1,Soy milk, sweetened
2705405,A,79.3,B,59.3,Soy milk, unsweetened
2705406,B,70.4,C,53.5,Soy milk, chocolate
2705407,A,78.1,C,50.2,Almond milk, sweetened
2705408,A,73.7,C,47.7,Almond milk, chocolate
2705409,A,79.2,C,51.1,Almond milk, unsweetened
2705410,A,78.9,C,50.9,Almond milk, NFS
2705411,B,69.7,D,44.0,Rice milk
2705412,B,69.5,D,44.5,Oat milk
2705413,B,71.3,D,44.2,Coconut milk
2705414,B,64.0,B,58.5,Yogurt, NFS
2705415,A,72.4,B,70.8,Yogurt, Greek, NS as to type of milk or flavor
2705416,B,60.3,C,50.7,Yogurt, NS as to type of milk or flavor
2705417,A,74.4,B,61.1,Yogurt, NS as to type of milk, plain
2705418,C,58.3,D,46.1,Yogurt, whole milk, plain
2705419,A,74.4,B,61.1,Yogurt, low fat milk, plain
2705420,A,76.8,B,59.6,Yogurt, nonfat milk, plain
2705421,A,83.2,A,80.5,Yogurt, Greek, NS as to type of milk, plain
2705422,B,67.8,B,66.4,Yogurt, Greek, whole milk, plain
2705423,A,83.2,A,80.5,Yogurt, Greek, low fat milk, plain
2705424,A,86.1,A,82.6,Yogurt, Greek, nonfat milk, plain
2705425,B,60.3,C,50.7,Yogurt, NS as to type of milk, fruit
2705426,C,45.8,D,37.4,Yogurt, whole milk, fruit
2705427,B,60.3,C,50.7,Yogurt, low fat milk, fruit
2705428,A,76.2,B,57.4,Yogurt, nonfat milk, fruit
2705429,A,72.4,B,70.8,Yogurt, Greek, NS as to type of milk, fruit
2705430,B,58.8,B,58.2,Yogurt, Greek, whole milk, fruit
2705431,A,72.4,B,70.8,Yogurt, Greek, low fat milk, fruit
2705432,A,76.4,A,73.6,Yogurt, Greek, nonfat milk, fruit
2705433,B,63.1,C,52.0,Yogurt, NS as to type of milk, flavors other than fruit
2705434,C,48.1,D,38.0,Yogurt, whole milk, flavors other than fruit
2705435,B,63.1,C,52.0,Yogurt, low fat milk, flavors other than fruit
2705436,A,75.8,B,57.2,Yogurt, nonfat milk, flavors other than fruit
2705437,A,75.5,A,72.3,Yogurt, Greek, NS as to type of milk, flavors other than fruit
2705438,B,60.7,B,59.0,Yogurt, Greek, whole milk, flavors other than fruit
2705439,A,75.5,A,72.3,Yogurt, Greek, low fat milk, flavors other than fruit
2705440,A,79.1,A,74.9,Yogurt, Greek, nonfat milk, flavors other than fruit
2705441,B,60.1,B,64.5,Yogurt, Greek, with oats
2705442,B,63.3,C,49.5,Yogurt, liquid
2705443,B,63.9,C,52.2,Yogurt tube
2705444,E,30.1,D,40.0,Chipotle dip, yogurt based
2705445,D,32.5,D,38.1,Onion dip, yogurt based
2705446,D,32.3,D,43.1,Ranch dip, yogurt based
2705447,D,36.6,D,41.8,Spinach dip, yogurt based
2705448,C,50.1,D,43.5,Tzatziki dip
2705449,E,31.5,D,41.6,Vegetable dip, yogurt based
2705450,B,62.8,C,55.3,Yogurt parfait, with fruit
2705451,D,33.5,E,29.0,Frozen yogurt, NFS
2705452,D,33.5,E,29.0,Frozen yogurt, vanilla
2705453,D,39.0,D,33.8,Frozen yogurt, chocolate
2705454,E,28.4,E,29.0,Frozen yogurt, soft serve, vanilla
2705455,D,32.6,D,33.2,Frozen yogurt, soft serve, chocolate
2705456,E,22.4,E,25.4,Frozen yogurt sandwich
2705457,D,33.5,E,29.0,Frozen yogurt bar, vanilla
2705458,D,39.0,D,33.8,Frozen yogurt bar, chocolate
2705459,D,36.2,D,32.8,Frozen yogurt cone, chocolate
2705460,E,30.9,E,28.2,Frozen yogurt cone, vanilla
2705461,E,30.3,E,28.2,Frozen yogurt cone, vanilla, waffle cone
2705462,D,35.3,E,32.6,Frozen yogurt cone, chocolate, waffle cone
2705463,B,71.6,B,59.3,Baby Toddler food, NFS
2705464,C,58.3,D,46.1,Baby Toddler yogurt, plain
2705465,C,49.2,D,39.7,Baby Toddler yogurt, with fruit
2705466,B,69.2,C,52.8,Chocolate milk, NFS
2705467,C,55.2,D,42.5,Chocolate milk, whole
2705468,B,61.7,D,46.9,Chocolate milk, reduced fat (2%)
2705469,B,69.2,C,52.9,Chocolate milk, fat free (skim)
2705470,B,69.4,C,52.9,Chocolate milk, low fat (1%)
2705471,B,65.9,C,49.2,Chocolate milk, reduced sugar, NFS
2705472,C,54.6,D,37.9,Hot chocolate / cocoa, NFS
2705473,C,53.5,D,41.0,Hot chocolate / cocoa, made with whole or reduced fat (2%) milk
2705474,B,60.5,D,45.7,Hot chocolate / cocoa, made with lowfat (1%) or fat free (skim) milk
2705475,B,58.8,D,39.9,Hot chocolate / cocoa, made with non-dairy milk
2705476,C,47.3,D,36.8,Hot chocolate / cocoa, with whipped cream
2705477,B,64.4,C,49.9,Chocolate milk, Nesquik, NS as to type of milk
2705478,B,71.4,C,48.6,Chocolate milk, Nesquik, made with non-dairy milk
2705479,C,57.5,D,43.1,Chocolate milk, reduced sugar, whole
2705480,B,68.4,C,51.1,Chocolate milk, reduced sugar, reduced fat (2%)
2705481,B,70.9,C,52.7,Chocolate milk, reduced sugar, low fat (1%)
2705482,A,75.0,C,55.5,Chocolate milk, reduced sugar, fat free (skim)
2705483,C,53.8,D,32.9,Hot chocolate / cocoa, dry mix, made with water
2705484,C,56.8,D,46.6,Hot chocolate / cocoa, dry mix, made with whole or reduced fat (2%) milk
2705485,B,63.4,C,51.0,Hot chocolate / cocoa, dry mix, made with lowfat (1%) or fat free (skim) milk
2705486,B,60.8,D,44.1,Hot chocolate / cocoa, dry mix , made with non-dairy milk
2705487,C,46.2,E,28.1,Hot chocolate / cocoa, dry mix, made with water, with whipped cream
2705488,A,74.6,C,49.4,Hot chocolate / cocoa, dry mix, reduced sugar, made with water
2705489,B,68.5,C,55.7,Hot chocolate / cocoa, dry mix, reduced sugar, made with whole or reduced fat (2%) milk
2705490,B,70.0,C,47.1,Hot chocolate / cocoa, reduced sugar, made with non-dairy milk
2705491,B,64.7,C,48.5,Hot chocolate / cocoa, reduced sugar, made with whole or reduced fat (2%) milk
2705492,A,75.0,B,59.6,Hot chocolate / cocoa, dry mix, reduced sugar, made with lowfat (1%) or fat free (skim) milk
2705493,A,71.8,C,53.2,Hot chocolate / cocoa, reduced sugar, made with lowfat (1%) or fat free (skim) milk
2705494,A,72.2,C,52.0,Hot chocolate / cocoa, dry mix, reduced sugar, made with non-dairy milk
2705495,B,66.3,C,49.9,Strawberry milk, NFS
2705496,C,51.2,D,39.2,Strawberry milk, whole
2705497,B,64.3,C,48.9,Strawberry milk, reduced fat (2%)
2705498,B,65.2,C,49.3,Strawberry milk, low fat (1%)
2705499,B,70.4,C,52.8,Strawberry milk, fat free  (skim)
2705500,B,69.4,C,52.0,Strawberry milk, reduced sugar
2705501,B,71.0,C,53.8,Milk, malted
2705502,B,59.9,C,50.0,Eggnog
2705503,D,38.3,D,33.2,Milk shake, home recipe, chocolate
2705504,D,38.8,E,32.3,Milk shake, home recipe, flavors other than chocolate
2705505,C,55.7,D,46.0,Milk shake, home recipe, chocolate, light
2705506,B,58.6,C,47.8,Milk shake, home recipe, flavors other than chocolate, light
2705507,D,35.9,E,32.3,Milk shake with malt
2705508,D,33.7,E,32.3,Milk shake, fast food, chocolate
2705509,E,29.3,E,27.9,Milk shake, fast food, flavors other than chocolate
2705510,D,33.7,E,32.3,Milk shake, bottled, chocolate
2705511,E,29.3,E,27.9,Milk shake, bottled, flavors other than chocolate
2705512,B,63.3,D,46.6,Licuado or Batido
2705513,B,67.7,C,49.1,Fruit smoothie, NFS
2705514,B,67.7,C,49.1,Fruit smoothie, with whole fruit and dairy
2705515,A,75.9,B,68.7,Fruit smoothie, with whole fruit and dairy, added protein
2705516,B,59.6,D,39.0,Fruit smoothie juice drink, with dairy
2705517,B,68.7,D,44.2,Chocolate milk drink
2705518,B,64.4,D,44.3,Infant formula, NFS
2705519,B,64.1,D,43.9,Infant formula, Similac, NFS
2705520,B,65.3,D,46.1,Infant formula, Similac Alimentum, ready-to-feed
2705521,B,65.3,D,46.1,Infant formula, Similac Alimentum, powder, made with water
2705522,B,63.8,D,43.8,Infant formula, Similac Advance, ready-to-feed
2705523,B,63.9,D,43.9,Infant formula, Similac Advance, powder, made with tap water
2705524,B,64.1,D,44.1,Infant formula, Similac Advance, powder, made with bottled water
2705525,B,63.8,D,43.8,Infant formula, Similac Advance, powder, made with baby water
2705526,B,63.0,D,43.1,Infant formula, Similac Sensitive, ready-to-feed
2705527,B,63.1,D,43.2,Infant formula, Similac Sensitive, powder, made with tap water
2705528,B,63.4,D,43.4,Infant formula, Similac Sensitive, powder, made with bottled water
2705529,B,63.0,D,43.1,Infant formula, Similac Sensitive, powder, made with baby water
2705530,B,63.0,D,43.0,Infant formula, Similac for Spit-Up, ready-to-feed
2705531,B,63.0,D,43.0,Infant formula, Similac for Spit-Up, powder, made with water
2705532,B,70.4,C,49.1,Toddler formula, Similac Go and Grow
2705533,B,64.8,D,44.7,Infant formula, Enfamil, NFS
2705534,B,64.8,D,44.7,Infant formula, Enfamil Infant, ready-to-feed
2705535,B,64.9,D,44.8,Infant formula, Enfamil Infant, powder, made with tap water
2705536,B,65.1,D,44.9,Infant formula, Enfamil Infant, powder, made with bottled water
2705537,B,64.8,D,44.7,Infant formula, Enfamil Infant, powder, made with baby water
2705538,B,65.2,D,45.4,Infant formula, Enfamil AR, ready-to-feed
2705539,B,65.2,D,45.4,Infant formula, Enfamil AR, powder, made with water
2705540,B,63.8,D,44.3,Infant formula, Enfamil Gentlease, ready-to-feed
2705541,B,63.9,D,44.4,Infant formula, Enfamil Gentlease, powder, made with tap water
2705542,B,64.2,D,44.6,Infant formula, Enfamil Gentlease, powder, made with bottled water
2705543,B,63.8,D,44.3,Infant formula, Enfamil Gentlease, powder, made with baby water
2705544,B,65.6,D,46.2,Toddler formula, Enfamil Enfagrow
2705545,C,58.1,D,46.0,Toddler formula, PediaSure
2705546,B,68.4,C,47.9,Toddler formula, Nido Kinder
2705547,B,68.4,C,47.9,Toddler formula, store brand, beginning or next stage
2705548,C,58.1,D,46.0,Toddler formula, store brand, pediatric shake
2705549,B,64.5,D,44.5,Infant formula, Gerber, NFS
2705550,B,63.4,D,43.6,Infant formula, Gerber Good Start Gentle, Stage 1, ready-to-feed
2705551,B,63.4,D,43.6,Infant formula, Gerber Good Start Gentle, Stage 1, powder, made with tap water
2705552,B,63.7,D,43.9,Infant formula, Gerber Good Start Gentle, Stage 1, powder, made with bottled water
2705553,B,63.4,D,43.6,Infant formula, Gerber Good Start Gentle, Stage 1, powder, made with baby water
2705554,B,63.4,D,43.6,Infant formula, Gerber Good Start Gentle, Stage 2
2705555,B,68.4,C,47.9,Toddler formula, Gerber Good Start, Stage 3
2705556,B,65.5,C,47.2,Infant formula, premature, powder, made with water
2705557,B,65.5,C,47.2,Infant formula, premature, ready-to-feed
2705558,B,64.4,D,44.3,Infant formula, organic, powder, made with water
2705559,B,64.4,D,44.3,Infant formula, organic, ready-to-feed
2705560,B,64.5,D,44.4,Infant formula, store brand, advantage or tender, powder, made with tap water
2705561,B,64.6,D,44.5,Infant formula, store brand, advantage or tender, powder, made with bottled water
2705562,B,64.4,D,44.3,Infant formula, store brand, advantage or tender, powder, made with baby water
2705563,B,63.6,D,43.9,Infant formula, store brand, gentle or sensitivity
2705564,B,64.2,D,44.3,Infant formula, store brand, added rice
2705565,B,65.4,D,45.7,Infant formula, Enfamil ProSobee, ready-to-feed
2705566,B,65.5,D,45.8,Infant formula, Enfamil ProSobee, powder, made with tap water
2705567,B,65.7,D,45.9,Infant formula, Enfamil ProSobee, powder, made with bottled water
2705568,B,65.4,D,45.7,Infant formula, Enfamil ProSobee, powder, made with baby water
2705569,B,65.3,D,45.4,Infant formula, Similac Isomil Soy, ready-to-feed
2705570,B,65.4,D,45.4,Infant formula, Similac Isomil Soy, powder, made with tap water
2705571,B,65.6,D,45.6,Infant formula, Similac Isomil Soy, powder, made with bottled water
2705572,B,65.3,D,45.4,Infant formula, Similac Isomil Soy, powder, made with baby water
2705573,B,65.3,D,45.9,Infant formula, Similac for Diarrhea
2705574,B,66.7,D,46.5,Infant formula, Gerber Good Start Soy, Stage 1, ready-to-feed
2705575,B,66.8,D,46.5,Infant formula, Gerber Good Start Soy, Stage 1, powder, made with tap water
2705576,B,66.9,D,46.6,Infant formula, Gerber Good Start Soy, Stage 1, powder, made with bottled water
2705577,B,66.7,D,46.5,Infant formula, Gerber Good Start Soy, Stage 1, powder, made with baby water
2705578,B,65.1,D,45.4,Infant formula, store brand, soy
2705579,B,64.8,D,45.8,Infant formula, Enfamil Nutramigen, ready-to-feed
2705580,B,64.8,D,45.8,Infant formula, Enfamil Nutramigen, powder, made with water
2705581,B,66.0,D,46.8,Infant formula, Enfamil Pregestimil, ready-to-feed
2705582,B,66.0,D,46.8,Infant formula, Enfamil Pregestimil, powder, made with water
2705583,B,65.7,D,46.3,Infant formula, amino acids
2705584,B,62.3,D,42.7,Infant formula, low iron
2705585,A,83.4,A,90.7,Milk, dry, not reconstituted
2705586,C,54.1,A,73.4,Whey, sweet, dry
2705587,A,94.1,A,96.7,Cocoa powder, not reconstituted
2705588,E,29.2,D,34.2,Chocolate beverage powder, dry mix, not reconstituted
2705589,B,62.3,B,67.6,Chocolate beverage powder, light, dry mix, not reconstituted
2705590,E,30.0,E,24.5,Milk, malted, dry mix, not reconstituted
2705591,E,4.7,E,3.7,Strawberry beverage powder, dry mix, not reconstituted
2705592,E,25.0,E,22.5,Cream, NS as to light, heavy, or half and half
2705593,E,13.3,E,15.8,Cream, light
2705594,E,25.0,E,22.5,Cream, half and half
2705595,E,25.1,E,22.4,Cream, half and half, flavored
2705596,B,64.3,D,46.1,Cream, half and half, fat free
2705597,E,4.6,E,8.6,Cream, heavy
2705598,E,4.5,E,8.2,Cream, whipped
2705599,E,17.7,E,12.8,Coffee creamer, NFS
2705600,E,17.7,E,12.8,Coffee creamer, liquid
2705601,E,10.2,E,8.8,Coffee creamer, liquid, flavored
2705602,D,42.4,E,25.3,Coffee creamer, liquid, fat free
2705603,E,14.9,E,10.5,Coffee creamer, liquid, fat free, flavored
2705604,D,42.4,E,25.3,Coffee creamer, liquid, fat free, sugar free, flavored
2705605,D,42.4,E,25.3,Coffee creamer, liquid, sugar free, flavored
2705606,E,5.2,E,10.3,Coffee creamer, powder
2705607,E,2.4,E,3.4,Coffee creamer, powder, flavored
2705608,E,6.8,E,10.0,Coffee creamer, powder, fat free
2705609,E,5.2,E,10.3,Coffee creamer,powder, sugar free, flavored
2705610,E,17.7,E,12.8,Coffee creamer, soy, liquid
2705611,E,3.8,E,5.8,Whipped topping
2705612,E,11.9,E,15.1,Whipped topping, fat free
2705613,E,11.9,E,15.1,Whipped topping, sugar free
2705614,E,14.0,E,16.6,Sour cream, regular
2705615,E,26.5,E,24.9,Sour cream, light
2705616,B,62.6,C,47.6,Sour cream, fat free
2705617,E,10.5,E,12.6,Sour cream, imitation
2705618,E,5.1,E,10.5,Dip, NFS
2705619,E,4.1,E,8.3,Chipotle dip, regular
2705620,E,11.1,E,11.3,Chipotle dip, light
2705621,E,5.0,E,9.3,Onion dip, regular
2705622,E,14.2,E,13.5,Onion dip, light
2705623,E,5.1,E,10.5,Ranch dip, regular
2705624,E,12.3,E,13.6,Ranch dip, light
2705625,E,5.7,E,10.3,Spinach dip, regular
2705626,E,15.9,E,15.3,Spinach dip, light
2705627,E,4.6,E,9.3,Vegetable dip, regular
2705628,E,11.6,E,12.3,Vegetable dip, light
2705629,E,17.4,E,20.9,Ice cream, NFS
2705630,E,18.0,E,20.9,Ice cream, vanilla
2705631,E,16.8,E,21.0,Ice cream, vanilla, with additional ingredients
2705632,E,20.7,E,24.0,Ice cream, chocolate
2705633,E,19.0,E,23.5,Ice cream, chocolate, with additional ingredients
2705634,D,33.2,D,35.6,Ice cream, soft serve, vanilla
2705635,E,29.4,D,33.1,Ice cream, soft serve, chocolate
2705636,E,13.4,E,17.9,Gelato, vanilla
2705637,E,19.5,E,25.8,Gelato, chocolate
2705638,E,5.2,E,9.2,Ice cream bar, vanilla
2705639,E,10.3,E,17.8,Ice cream bar, vanilla, chocolate coated
2705640,E,12.8,E,20.3,Ice cream candy bar
2705641,E,11.5,E,19.5,Ice cream bar, chocolate
2705642,E,17.7,E,23.4,Ice cream sandwich, vanilla
2705643,E,19.5,E,25.4,Ice cream sandwich, chocolate
2705644,E,16.4,E,23.5,Ice cream cookie sandwich
2705645,E,18.2,E,21.6,Ice cream cone, scooped, vanilla
2705646,E,18.4,E,22.1,Ice cream cone, scooped, vanilla, waffle cone
2705647,E,17.7,E,21.7,Ice cream cone, NFS
2705648,E,20.9,E,24.7,Ice cream cone, scooped, chocolate
2705649,E,20.9,E,24.9,Ice cream cone, scooped, chocolate, waffle cone
2705650,D,32.3,D,35.4,Ice cream cone, soft serve, vanilla
2705651,E,28.8,D,33.2,Ice cream cone, soft serve, chocolate
2705652,E,31.8,D,35.2,Ice cream cone, soft serve, vanilla, waffle cone
2705653,E,28.6,D,33.3,Ice cream cone, soft serve, chocolate, waffle cone
2705654,E,13.0,E,22.6,Ice cream cone, vanilla, prepackaged
2705655,E,13.6,E,23.4,Ice cream cone, chocolate, prepackaged
2705656,D,36.7,E,22.4,Ice cream soda, flavors other than chocolate
2705657,D,37.6,E,23.7,Ice cream soda, chocolate
2705658,E,17.1,E,21.3,Ice cream sundae, NFS
2705659,E,15.7,E,17.6,Ice cream sundae, fruit topping
2705660,E,18.3,E,18.6,Banana split
2705661,E,17.1,E,21.3,Ice cream sundae, hot fudge topping
2705662,E,15.6,E,17.8,Ice cream sundae, caramel topping
2705663,E,15.8,E,21.2,Ice cream, fried
2705664,E,29.7,E,31.5,Light ice cream, NFS
2705665,E,29.7,E,31.5,Light ice cream, vanilla
2705666,E,27.8,E,30.1,Light ice cream, chocolate
2705667,E,25.1,E,27.1,Soft serve, blended with candy or cookies, from fast food
2705668,E,23.7,E,29.4,Light ice cream sandwich, vanilla
2705669,E,23.0,E,28.7,Light ice cream sandwich, chocolate
2705670,E,11.8,E,15.8,Light ice cream bar, vanilla
2705671,E,12.2,E,16.5,Light ice cream bar, vanilla, chocolate coated
2705672,E,11.9,E,16.1,Light ice cream bar, chocolate
2705673,E,26.8,E,22.9,Creamsicle
2705674,E,25.0,E,23.4,Fudgesicle
2705675,E,28.1,D,33.9,Light ice cream cone, vanilla, prepackaged
2705676,E,27.3,D,33.1,Light ice cream cone, chocolate, prepackaged
2705677,E,21.2,E,16.3,Sherbet, all flavors
2705678,C,49.2,D,43.1,Fudgesicle, light
2705679,E,25.8,E,22.0,Pudding, chocolate, NFS
2705680,D,42.2,D,43.4,Pudding, bread
2705681,E,20.6,E,15.5,Pudding, flavors other than chocolate, NFS
2705682,B,59.3,C,51.4,Custard
2705683,E,29.2,D,33.1,Flan
2705684,C,48.0,D,41.4,Creme brulee
2705685,D,42.1,D,34.3,Pudding, rice
2705686,D,33.4,E,31.4,Firni, Indian pudding
2705687,E,23.8,E,19.2,Pudding, tapioca, made from dry mix
2705688,D,37.3,E,29.2,Pudding, flavors other than chocolate, made from dry mix
2705689,D,37.0,E,30.5,Pudding, chocolate, made from dry mix
2705690,C,56.7,D,42.4,Pudding, flavors other than chocolate, made from dry mix, sugar free
2705691,B,59.9,D,46.5,Pudding, chocolate, made from dry mix, sugar free
2705692,E,20.6,E,15.5,Pudding, flavors other than chocolate, ready-to-eat
2705693,C,56.7,D,42.4,Pudding, flavors other than chocolate, ready-to-eat, sugar free
2705694,E,25.8,E,22.0,Pudding, chocolate, ready-to-eat
2705695,B,59.9,D,46.5,Pudding, chocolate, ready-to-eat, sugar free
2705696,E,23.8,E,19.2,Pudding, tapioca, ready-to-eat
2705697,E,23.8,E,22.3,Banana pudding
2705698,E,19.5,E,23.9,Mousse
2705699,E,25.5,D,36.1,Dulce de leche
2705700,E,20.5,E,28.4,Barfi or Burfi, Indian dessert
2705701,E,22.3,E,23.4,Trifle
2705702,E,14.2,E,24.7,Tiramisu
2705703,E,28.3,E,27.8,White sauce or gravy
2705704,D,42.3,B,63.2,Cheese, NFS
2705705,E,41.8,E,61.3,Cheese, Blue or Roquefort
2705706,C,48.6,B,66.4,Cheese, Brick
2705707,E,45.8,E,63.6,Cheese, Camembert
2705708,E,42.1,E,61.4,Cheese, Brie
2705709,D,43.5,B,63.8,Cheese, Cheddar
2705710,B,67.4,A,78.1,Cheese, Cheddar, reduced fat
2705711,A,89.8,A,93.7,Cheese, Cheddar, nonfat or fat free
2705712,D,45.5,B,64.4,Cheese, Colby
2705713,D,43.8,B,63.4,Cheese, Colby Jack
2705714,E,49.3,E,65.3,Cheese, Feta
2705715,C,48.4,B,65.1,Cheese, Fontina
2705716,D,44.1,B,63.5,Cheese, goat
2705717,C,52.3,B,67.6,Cheese, Gouda or Edam
2705718,B,61.3,A,74.4,Cheese, Gruyere
2705719,D,44.3,B,63.5,Cheese, Limburger
2705720,D,42.1,B,62.3,Cheese, Monterey
2705721,B,64.4,A,75.4,Cheese, Monterey, reduced fat
2705722,B,64.5,A,76.6,Cheese, Mozzarella, NFS
2705723,B,64.5,A,76.6,Cheese, Mozzarella, part skim
2705724,A,76.2,A,84.9,Cheese, Mozzarella, reduced sodium
2705725,A,91.8,A,95.1,Cheese, Mozzarella, nonfat or fat free
2705726,C,49.1,B,66.7,Cheese, Muenster
2705727,B,66.3,A,77.3,Cheese, Muenster, reduced fat
2705728,C,58.4,B,71.3,Cheese, Parmesan, dry grated
2705729,B,70.2,A,80.1,Cheese, Parmesan, dry grated, reduced fat
2705730,C,58.4,B,71.3,Cheese, Parmesan, hard
2705731,A,78.4,A,86.6,Cheese, Parmesan, dry grated, fat free
2705732,C,52.3,B,67.6,Cheese, Port du Salut
2705733,C,52.4,B,68.7,Cheese, Provolone
2705734,B,69.1,A,79.7,Cheese, provolone, reduced fat
2705735,B,62.2,A,75.9,Cheese, Swiss
2705736,B,68.5,A,79.8,Cheese, Swiss, reduced sodium
2705737,A,88.3,A,93.0,Cheese, Swiss, reduced fat
2705738,A,91.4,A,94.7,Cheese, Swiss, nonfat or fat free
2705739,C,49.7,B,67.8,Cheese, Cheddar, reduced sodium
2705740,C,57.4,A,74.8,Cheese, paneer
2705741,D,45.3,B,64.3,Cheese, Mexican blend
2705742,A,72.5,A,82.7,Cheese, Mexican blend, reduced fat
2705743,E,40.1,E,60.4,Queso Anejo, aged Mexican cheese
2705744,C,53.7,B,68.6,Queso Asadero
2705745,C,47.5,B,65.6,Queso Fresco
2705746,E,48.2,E,64.6,Queso cotija
2705747,A,77.7,A,78.6,Cheese, cottage, NFS
2705748,B,63.3,B,69.5,Cheese, cottage, creamed, large or small curd
2705749,C,47.8,B,57.9,Cottage cheese, farmer's
2705750,C,56.2,B,62.0,Cheese, Ricotta
2705751,A,76.6,A,73.6,Cheese, cottage, with fruit
2705752,A,78.4,A,76.2,Cheese, cottage, with vegetables
2705753,A,75.9,A,74.9,Cheese, cottage, dry curd
2705754,B,60.8,B,62.0,Cheese, cottage, salted, dry curd
2705755,C,47.5,B,65.6,Puerto Rican white cheese
2705756,A,77.7,A,78.6,Cheese, cottage, low fat
2705757,A,72.8,B,66.6,Cheese, cottage, lowfat, with fruit
2705758,A,86.0,A,88.3,Cheese, cottage, lowfat, low sodium
2705759,A,77.7,A,78.6,Cheese, cottage, lowfat, lactose reduced
2705760,E,11.2,E,23.2,Cream cheese, regular, plain
2705761,E,21.8,E,36.0,Cream cheese, regular, flavored
2705762,E,24.1,E,39.8,Cream cheese, light
2705763,D,40.6,B,62.5,Cheese, American and Swiss blends
2705764,D,40.6,B,62.5,Cheese, American
2705765,C,56.2,B,71.0,Cheese, American, reduced fat
2705766,A,87.7,A,92.8,Cheese, American, nonfat or fat free
2705767,C,47.0,B,66.1,Cheese, American, reduced sodium
2705768,B,62.4,A,75.9,Cheese spread, American or Cheddar cheese base, reduced fat
2705769,A,82.6,A,88.8,Cream cheese, fat free
2705770,C,54.6,A,73.3,Cheese, processed cheese food
2705771,E,29.7,E,55.3,Cheese, processed, with vegetables
2705772,C,54.6,A,73.3,Cheese,  with wine
2705773,E,40.0,E,60.4,Cheese spread, American or Cheddar cheese base
2705774,E,40.0,E,60.4,Cheese spread, Swiss cheese base
2705775,E,16.7,E,29.9,Cheese spread, cream cheese
2705776,E,40.0,E,60.4,Cheese spread, pressurized can
2705777,C,58.4,A,74.2,Imitation cheese
2705778,C,53.9,C,49.6,Cheese, cottage cheese, with gelatin dessert
2705779,C,58.3,C,49.0,Cheese, cottage cheese, with gelatin dessert and fruit
2705780,B,64.5,B,61.3,Cheese, cottage cheese, with gelatin dessert and vegetables
2705781,E,31.7,B,57.6,Cheese ball
2705782,E,8.5,E,16.3,Artichoke dip
2705783,E,10.1,E,18.5,Spinach and artichoke dip
2705784,E,12.9,E,25.5,Seafood dip
2705785,E,21.6,E,20.7,Cheese dip with chili pepper
2705786,E,17.8,E,18.8,Cheese dip
2705787,B,63.7,A,77.4,Topping from cheese pizza
2705788,B,63.4,A,78.6,Topping from vegetable pizza
2705789,D,45.2,B,64.1,Topping from meat pizza
2705790,C,48.1,B,66.7,Topping from meat and vegetable pizza
2705791,B,59.4,A,74.2,Cheese fondue
2705792,D,35.6,C,48.2,Cheese souffle
2705793,D,41.6,C,47.2,Welsh rarebit
2705794,D,43.3,B,62.9,Cheese sandwich, NFS
2705795,D,43.3,B,62.9,Cheese sandwich, American cheese, on white bread
2705796,C,50.1,B,69.7,Cheese sandwich, American cheese, on wheat bread
2705797,C,45.9,B,66.3,Cheese sandwich, cheddar cheese, on white bread
2705798,C,51.9,B,70.3,Cheese sandwich, cheddar cheese, on wheat bread
2705799,C,49.3,B,67.4,Cheese sandwich, reduced fat cheese, on white bread
2705800,C,56.2,A,73.4,Cheese sandwich, reduced fat cheese, on wheat bread
2705801,D,32.7,C,51.8,Grilled cheese sandwich, NFS
2705802,D,32.7,C,51.8,Grilled cheese sandwich, American cheese, on white bread
2705803,D,37.6,B,58.1,Grilled cheese sandwich, American cheese, on wheat bread
2705804,D,36.9,B,60.7,Grilled cheese sandwich, cheddar cheese, on white bread
2705805,D,40.4,B,63.2,Grilled cheese sandwich, cheddar cheese, on wheat bread
2705806,D,35.9,C,54.5,Grilled cheese sandwich, reduced fat cheese, on white bread
2705807,D,41.9,B,61.5,Grilled cheese sandwich, reduced fat cheese, on wheat bread
2705808,E,17.8,E,18.8,Cheese sauce
2705809,E,15.5,E,14.2,Alfredo sauce
2705810,E,23.2,E,18.2,Alfredo sauce with added vegetables
2705811,E,25.8,E,32.7,Alfredo sauce with meat
2705812,E,32.0,E,36.2,Alfredo sauce with meat and added vegetables
2705813,E,30.1,E,35.9,Alfredo sauce with poultry
2705814,D,39.0,D,41.2,Alfredo sauce with poultry and added vegetables
2705815,E,29.5,E,32.8,Alfredo sauce with seafood
2705816,D,40.8,D,39.9,Alfredo sauce with seafood and added vegetables
2705817,D,40.6,B,62.2,Mozzarella sticks, breaded, baked, or fried
2705818,C,54.4,C,55.3,Mozzarella cheese, tomato, and basil, with oil and vinegar dressing
2705819,A,74.6,A,82.6,Meat, NFS
2705820,B,64.4,A,75.4,Meat, ground, NFS
2705821,A,75.9,A,82.8,Baby Toddler meat, NFS
2705822,A,72.3,A,81.0,Beef, NFS
2705823,A,72.3,A,81.0,Steak, NS as to type of meat, NS as to fat eaten
2705824,A,72.5,A,81.1,Beef, steak, NFS
2705825,B,71.4,A,80.5,Beef, steak, chuck
2705826,A,84.1,A,89.6,Beef, steak, cube
2705827,A,73.8,A,81.8,Beef, steak, flank
2705828,B,61.7,A,73.3,Beef, steak, ribeye, NS as to fat eaten
2705829,C,55.3,B,69.1,Beef, steak, ribeye, lean and fat eaten
2705830,B,70.0,A,79.2,Beef, steak, ribeye, lean only eaten
2705831,A,86.6,A,91.2,Beef, steak, round
2705832,B,70.5,A,79.6,Beef, steak, sirloin, NS as to fat eaten
2705833,B,65.0,A,75.7,Beef, steak, sirloin, lean and fat eaten
2705834,A,76.3,A,83.7,Beef, steak, sirloin, lean only eaten
2705835,B,70.5,A,79.6,Beef, steak, strip, NS as to fat eaten
2705836,B,65.0,A,75.7,Beef, steak, strip, lean and fat eaten
2705837,A,76.3,A,83.7,Beef, steak, strip, lean only eaten
2705838,B,68.0,A,78.0,Beef, steak, T-bone, NS as to fat eaten
2705839,B,62.5,A,74.1,Beef, steak, T-bone,  lean and fat eaten
2705840,A,73.4,A,81.9,Beef, steak, T-bone, lean only eaten
2705841,A,83.5,A,89.0,Beef, steak, tenderloin
2705842,C,52.8,B,69.0,Beef, steak, country fried
2705843,B,64.7,A,75.4,Beef, oxtails
2705844,B,64.7,A,75.4,Beef, neck bones
2705845,C,51.4,B,67.1,Beef, shortribs
2705846,B,64.7,A,75.4,Beef, cow head
2705847,A,80.0,A,86.3,Beef, roast
2705848,B,70.7,A,79.7,Beef, pot roast
2705849,B,70.7,A,79.7,Beef, stew meat
2705850,E,47.8,E,64.3,Beef, corned
2705851,A,76.1,A,83.5,Beef, brisket
2705852,E,38.8,E,60.0,Beef, sandwich steak
2705853,C,57.5,B,71.1,Beef, ground, raw
2705854,B,64.7,A,75.6,Beef, ground
2705855,B,62.6,A,74.1,Beef, ground, patty
2705856,E,49.2,E,65.0,Beef, bacon, cooked
2705857,E,39.0,E,60.3,Beef, bacon, reduced sodium, cooked
2705858,E,63.8,E,72.0,Beef, dried, chipped, uncooked
2705859,E,59.6,E,69.9,Beef, dried, chipped, cooked in fat
2705860,C,56.4,B,69.2,Beef jerky
2705861,A,83.4,A,85.7,Baby Toddler beef
2705862,A,78.1,A,85.0,Pork, NFS
2705863,B,61.1,A,72.8,Pork, ground
2705864,B,60.8,A,72.8,Pork, carnitas
2705865,E,55.2,E,68.2,Pork jerky
2705866,A,80.1,A,86.4,Pork, chop, NS as to fat eaten
2705867,A,77.3,A,84.4,Pork, chop, lean and fat eaten
2705868,A,82.5,A,88.2,Pork, chop, lean only eaten
2705869,A,74.5,A,83.0,Pork, chop, coated, NS as to fat eaten
2705870,A,71.9,A,81.1,Pork, chop, coated, lean and fat eaten
2705871,A,76.9,A,84.6,Pork, chop, coated, lean only eaten
2705872,B,66.6,A,77.9,Pork, chop, stuffed
2705873,B,67.6,A,77.7,Pork, steak, NS as to fat eaten
2705874,B,63.6,A,74.9,Pork, steak, lean and fat eaten
2705875,A,71.9,A,80.7,Pork, steak, lean only eaten
2705876,B,64.8,A,76.2,Pork, steak, coated
2705877,A,85.5,A,90.5,Pork, tenderloin
2705878,B,64.7,A,73.7,Ham
2705879,E,60.9,E,70.5,Ham, prosciutto
2705880,B,60.2,B,71.3,Ham, canned
2705881,B,60.2,B,71.3,Ham, ground
2705882,A,78.9,A,85.6,Pork, roast
2705883,E,29.5,E,54.3,Pork, roll
2705884,A,83.5,A,88.5,Canadian bacon, cooked
2705885,E,47.5,E,64.2,Bacon, NS as to type of meat, cooked
2705886,D,41.9,B,62.7,Bacon, NS as to type of meat, reduced sodium, cooked
2705887,E,47.5,E,64.2,Pork bacon, NS as to fresh, smoked or cured, cooked
2705888,E,39.0,E,60.3,Pork bacon, NS as to fresh, smoked or cured, reduced sodium, cooked
2705889,E,48.3,E,64.5,Pork bacon, smoked or cured, cooked
2705890,E,48.3,E,64.5,Bacon or side pork, fresh, cooked
2705891,E,39.0,E,60.3,Pork bacon, smoked or cured, reduced sodium, cooked
2705892,E,29.3,E,22.8,Fat back, cooked
2705893,C,46.5,B,64.1,Ribs, NFS
2705894,C,45.6,B,63.6,Pork, ribs
2705895,E,38.0,E,59.6,Pork, cracklings
2705896,B,68.8,A,78.4,Pork, ears
2705897,B,68.8,A,78.4,Pork, bones
2705898,C,58.6,B,71.2,Pork, pig's feet
2705899,E,48.8,E,59.5,Pork, pig's feet, pickled
2705900,E,37.2,E,58.8,Pork, ham hocks
2705901,C,48.6,B,65.2,Pork, belly
2705902,C,51.5,B,66.9,Pork skin rinds
2705903,A,76.2,A,79.2,Baby Toddler ham
2705904,C,53.3,B,68.9,Baby Toddler meat stick
2705905,C,57.1,B,70.3,Lamb, NS as to cut
2705906,B,66.5,A,76.6,Lamb, chop
2705907,B,59.0,A,71.5,Lamb, ground
2705908,A,87.3,A,91.8,Goat
2705909,A,85.2,A,89.9,Veal, chop
2705910,B,70.9,A,79.9,Veal, ground
2705911,B,68.1,A,79.3,Mock chicken legs
2705912,A,82.2,A,88.0,Rabbit
2705913,A,85.5,A,90.5,Venison, NFS
2705914,A,89.2,A,93.0,Venison, steak
2705915,E,54.7,E,67.5,Venison/deer jerky
2705916,E,44.6,E,62.9,Venison sausage
2705917,A,90.5,A,94.0,Moose
2705918,A,82.8,A,89.2,Bear
2705919,A,88.2,A,92.6,Caribou
2705920,A,79.5,A,86.4,Bison
2705921,A,85.2,A,90.1,Groundhog
2705922,A,84.1,A,89.8,Opossum
2705923,A,88.3,A,92.6,Squirrel
2705924,A,87.1,A,92.1,Beaver
2705925,A,79.8,A,87.0,Raccoon
2705926,A,85.2,A,90.1,Armadillo
2705927,A,85.2,A,90.1,Wild pig
2705928,A,82.4,A,88.5,Ostrich
2705929,A,82.6,A,88.3,Chicken, NS as to part and cooking method, NS as to skin eaten
2705930,A,75.0,A,83.1,Chicken, NS as to part and cooking method, skin eaten
2705931,A,82.6,A,88.3,Chicken, NS as to part and cooking method, skin not eaten
2705932,A,83.4,A,88.9,Chicken, NS as to part, baked, broiled, or roasted, NS as to skin eaten
2705933,A,73.3,A,81.9,Chicken, NS as to part, baked, broiled, or roasted, skin eaten
2705934,A,83.4,A,88.9,Chicken, NS as to part, baked, broiled, or roasted, skin not eaten
2705935,A,82.6,A,88.3,Chicken, NS as to part, rotisserie, NS as to skin eaten
2705936,A,75.0,A,83.1,Chicken, NS as to part, rotisserie, skin eaten
2705937,A,82.6,A,88.3,Chicken, NS as to part, rotisserie, skin not eaten
2705938,A,83.0,A,88.6,Chicken, NS as to part, stewed, NS as to skin eaten
2705939,A,72.1,A,81.1,Chicken, NS as to part, stewed, skin eaten
2705940,A,83.0,A,88.6,Chicken, NS as to part, stewed, skin not eaten
2705941,A,81.1,A,87.4,Chicken, NS as to part, grilled without sauce, NS as to skin eaten
2705942,B,70.9,A,80.3,Chicken, NS as to part, grilled without sauce, skin eaten
2705943,A,81.1,A,87.4,Chicken, NS as to part, grilled without sauce, skin not eaten
2705944,A,73.4,A,82.3,Chicken, NS as to part, grilled with sauce, NS as to skin eaten
2705945,B,63.9,A,75.7,Chicken, NS as to part, grilled with sauce, skin eaten
2705946,A,73.4,A,82.3,Chicken, NS as to part, grilled with sauce, skin not eaten
2705947,B,70.9,A,80.3,Chicken, NS as to part, sauteed, skin eaten
2705948,A,81.1,A,87.4,Chicken, NS as to part, sauteed, skin not eaten
2705949,B,59.0,A,71.8,Chicken, NS as to part, fried, coated, skin / coating eaten
2705950,A,80.2,A,86.4,Chicken, NS as to part, fried, coated, skin / coating not eaten
2705951,B,59.0,A,71.8,Chicken, NS as to part, baked, coated, skin / coating eaten
2705952,A,80.2,A,86.4,Chicken, NS as to part, baked, coated, skin / coating not eaten
2705953,A,80.4,A,86.8,Chicken breast, NS as to cooking method, skin eaten
2705954,A,86.3,A,90.8,Chicken breast, NS as to cooking method, skin not eaten
2705955,A,78.2,A,85.3,Chicken breast, baked, broiled, or roasted, skin eaten, from raw
2705956,A,86.6,A,91.1,Chicken breast, baked, broiled, or roasted, skin not eaten, from raw
2705957,A,80.4,A,86.8,Chicken breast, baked or broiled, skin eaten, from pre-cooked
2705958,A,86.3,A,90.8,Chicken breast, baked or broiled, skin not eaten, from pre-cooked
2705959,A,74.8,A,83.0,Chicken breast, baked or broiled, skin eaten, from fast food / restaurant
2705960,A,84.6,A,89.7,Chicken breast, baked or broiled, skin not eaten, from fast food / restaurant
2705961,A,74.8,A,83.1,Chicken breast, baked, broiled, or roasted with marinade, skin eaten, from raw
2705962,A,84.3,A,89.5,Chicken breast, baked, broiled, or roasted with marinade, skin not eaten, from raw
2705963,A,80.4,A,86.8,Chicken breast, rotisserie, skin eaten
2705964,A,86.3,A,90.8,Chicken breast, rotisserie, skin not eaten
2705965,A,77.8,A,85.1,Chicken breast, stewed, skin eaten
2705966,A,86.3,A,90.9,Chicken breast, stewed, skin not eaten
2705967,A,75.9,A,83.9,Chicken breast, grilled without sauce, skin eaten
2705968,A,85.0,A,90.0,Chicken breast, grilled without sauce, skin not eaten
2705969,B,69.2,A,79.5,Chicken breast, grilled with sauce, skin eaten
2705970,A,78.8,A,86.0,Chicken breast, grilled with sauce, skin not eaten
2705971,A,75.9,A,83.9,Chicken breast, sauteed, skin eaten
2705972,A,85.0,A,90.0,Chicken breast, sauteed, skin not eaten
2705973,B,67.7,A,79.0,Chicken breast, fried, coated, skin / coating eaten, from raw
2705974,A,85.0,A,90.0,Chicken breast, fried, coated, skin / coating not eaten, from raw
2705975,A,76.0,A,84.5,Chicken breast, fried, coated, prepared skinless, coating eaten, from raw
2705976,B,65.2,A,77.5,Chicken breast, fried, coated, skin / coating eaten, from pre-cooked
2705977,A,85.0,A,90.0,Chicken breast, fried, coated, skin / coating not eaten, from pre-cooked
2705978,C,56.2,B,71.2,Chicken breast, fried, coated, skin / coating eaten, from fast food / restaurant
2705979,A,72.2,A,81.7,Chicken breast, fried, coated, skin / coating not eaten, from fast food / restaurant
2705980,A,74.0,A,82.9,Chicken breast, baked, coated, skin / coating eaten
2705981,A,85.0,A,90.0,Chicken breast, baked, coated, skin / coating not eaten
2705982,B,69.6,A,79.5,Chicken leg, drumstick and thigh, NS as to cooking method, skin eaten
2705983,A,78.2,A,85.3,Chicken leg, drumstick and thigh, NS as to cooking method, skin not eaten
2705984,B,68.4,A,78.6,Chicken leg, drumstick and thigh, baked or broiled, skin eaten
2705985,A,79.0,A,85.9,Chicken leg, drumstick and thigh, baked or broiled, skin not eaten
2705986,B,69.6,A,79.5,Chicken leg, drumstick and thigh, rotisserie, skin eaten
2705987,A,78.2,A,85.3,Chicken leg, drumstick and thigh, rotisserie, skin not eaten
2705988,B,66.3,A,76.9,Chicken leg, drumstick and thigh, stewed, skin eaten
2705989,A,78.6,A,85.5,Chicken leg, drumstick and thigh, stewed, skin not eaten
2705990,B,65.3,A,76.4,Chicken leg, drumstick and thigh, grilled without sauce, skin eaten
2705991,A,75.3,A,83.4,Chicken leg, drumstick and thigh, grilled without sauce, skin not eaten
2705992,C,58.1,A,71.6,Chicken leg, drumstick and thigh, grilled with sauce, skin eaten
2705993,B,67.1,A,77.8,Chicken leg, drumstick and thigh, grilled with sauce, skin not eaten
2705994,B,65.3,A,76.4,Chicken leg, drumstick and thigh, sauteed, skin eaten
2705995,A,75.3,A,83.4,Chicken leg, drumstick and thigh, sauteed, skin not eaten
2705996,C,58.3,A,72.7,Chicken leg, drumstick and thigh, fried, coated, skin / coating eaten
2705997,A,76.3,A,84.2,Chicken leg, drumstick and thigh, fried, coated, skin / coating not eaten
2705998,B,63.9,A,75.7,Chicken leg, drumstick and thigh, baked, coated, skin / coating eaten
2705999,A,75.3,A,83.4,Chicken leg, drumstick and thigh, baked, coated, skin / coating not eaten
2706000,A,74.4,A,82.7,Chicken drumstick, NS as to cooking method, skin eaten
2706001,A,82.8,A,88.4,Chicken drumstick, NS as to cooking method, skin not eaten
2706002,A,72.6,A,81.5,Chicken drumstick, baked, broiled, or roasted, skin eaten, from raw
2706003,A,81.0,A,87.3,Chicken drumstick, baked, broiled, or roasted, skin not eaten, from raw
2706004,A,74.4,A,82.7,Chicken drumstick, baked or broiled, skin eaten, from pre-cooked
2706005,A,82.8,A,88.4,Chicken drumstick, baked or broiled, skin not eaten, from pre-cooked
2706006,B,68.3,A,78.3,Chicken drumstick, baked or broiled, skin eaten, from fast food / restaurant
2706007,A,76.5,A,84.1,Chicken drumstick, baked or broiled, skin not eaten, from fast food / restaurant
2706008,A,74.4,A,82.7,Chicken drumstick, rotisserie, skin eaten
2706009,A,82.8,A,88.4,Chicken drumstick, rotisserie, skin not eaten
2706010,B,69.3,A,79.2,Chicken drumstick, grilled without sauce, skin eaten
2706011,A,77.5,A,84.9,Chicken drumstick, grilled without sauce, skin not eaten
2706012,B,61.8,A,74.1,Chicken drumstick, grilled with sauce, skin eaten
2706013,B,68.7,A,78.9,Chicken drumstick, grilled with sauce, skin not eaten
2706014,B,70.2,A,79.6,Chicken drumstick, stewed, skin eaten
2706015,A,80.2,A,86.5,Chicken drumstick, stewed, skin not eaten
2706016,B,69.3,A,79.2,Chicken drumstick, sauteed, skin eaten
2706017,A,77.5,A,84.9,Chicken drumstick, sauteed, skin not eaten
2706018,B,61.9,A,75.1,Chicken drumstick, fried, coated, skin / coating eaten, from raw
2706019,A,78.3,A,85.6,Chicken drumstick, fried, coated, skin / coating not eaten, from raw
2706020,B,67.1,A,78.4,Chicken drumstick, fried, coated, prepared skinless, coating eaten, from raw
2706021,C,58.1,A,72.5,Chicken drumstick, fried, coated, skin / coating eaten, from pre-cooked
2706022,A,77.5,A,84.9,Chicken drumstick, fried, coated, skin / coating not eaten, from pre-cooked
2706023,C,48.4,B,66.2,Chicken drumstick, fried, coated, skin / coating eaten, from fast food / restaurant
2706024,B,68.6,A,79.1,Chicken drumstick, fried, coated, skin / coating not eaten, from fast food / restaurant
2706025,B,67.4,A,78.1,Chicken drumstick, baked, coated, skin / coating eaten
2706026,A,77.5,A,84.9,Chicken drumstick, baked, coated, skin / coating not eaten
2706027,B,66.2,A,77.2,Chicken thigh, NS as to cooking method, skin eaten
2706028,A,74.1,A,82.6,Chicken thigh, NS as to cooking method, skin not eaten
2706029,B,65.7,A,76.6,Chicken thigh, baked, broiled, or roasted, skin eaten, from raw
2706030,A,77.6,A,85.0,Chicken thigh, baked, broiled, or roasted, skin not eaten, from raw
2706031,B,66.2,A,77.2,Chicken thigh, baked or broiled, skin eaten, from pre-cooked
2706032,A,74.1,A,82.6,Chicken thigh, baked or broiled, skin not eaten, from pre-cooked
2706033,B,61.9,A,73.8,Chicken thigh, baked or broiled, skin eaten, from fast food / restaurant
2706034,A,72.8,A,81.5,Chicken thigh, baked or broiled, skin not eaten, from fast food / restaurant
2706035,B,66.2,A,77.2,Chicken thigh, rotisserie, skin eaten
2706036,A,74.1,A,82.6,Chicken thigh, rotisserie, skin not eaten
2706037,B,64.2,A,75.5,Chicken thigh, stewed, skin eaten
2706038,A,77.5,A,84.8,Chicken thigh, stewed, skin not eaten
2706039,B,63.0,A,74.8,Chicken thigh, grilled without sauce, skin eaten
2706040,A,73.9,A,82.4,Chicken thigh, grilled without sauce, skin not eaten
2706041,C,56.3,B,70.5,Chicken thigh, grilled with sauce, skin eaten
2706042,B,65.9,A,76.9,Chicken thigh, grilled with sauce, skin not eaten
2706043,B,63.0,A,74.8,Chicken thigh, sauteed, skin eaten
2706044,A,73.9,A,82.4,Chicken thigh, sauteed, skin not eaten
2706045,C,56.1,B,71.3,Chicken thigh, fried, coated, skin / coating eaten, from raw
2706046,A,75.0,A,83.3,Chicken thigh, fried, coated, skin / coating not eaten, from raw
2706047,B,64.8,A,76.9,Chicken thigh, fried, coated, prepared skinless, coating eaten, from raw
2706048,C,52.5,B,68.9,Chicken thigh, fried, coated, skin / coating eaten, from pre-cooked
2706049,A,73.9,A,82.4,Chicken thigh, fried, coated, skin / coating not eaten, from pre-cooked
2706050,D,43.5,B,63.2,Chicken thigh, fried, coated, skin / coating eaten, from fast food
2706051,B,61.9,A,74.3,Chicken thigh, fried, coated, skin / coating not eaten, from fast food
2706052,D,43.5,B,63.2,Chicken thigh, fried, coated, skin / coating eaten, from restaurant
2706053,B,61.9,A,74.3,Chicken thigh, fried, coated, skin / coating not eaten, from restaurant
2706054,B,61.6,A,74.1,Chicken thigh, baked, coated, skin / coating eaten
2706055,A,73.9,A,82.4,Chicken thigh, baked, coated, skin / coating not eaten
2706056,B,60.3,A,72.5,Chicken wing, NS as to cooking method
2706057,B,62.2,A,74.0,Chicken wing, baked, broiled, or roasted, from raw
2706058,B,60.3,A,72.5,Chicken wing, baked or broiled, from pre-cooked
2706059,B,59.9,A,72.4,Chicken wing, baked or broiled, from fast food / restaurant
2706060,B,60.3,A,72.5,Chicken wing, rotisserie
2706061,B,61.6,A,73.7,Chicken wing, stewed
2706062,B,60.7,A,73.2,Chicken wing, grilled without sauce
2706063,C,54.6,B,69.3,Chicken wing, grilled with sauce
2706064,B,60.7,A,73.2,Chicken wing, sauteed
2706065,C,53.3,B,69.2,Chicken wing, fried, coated, from raw
2706066,C,50.3,B,67.6,Chicken wing, fried, coated, from pre-cooked
2706067,D,43.7,B,63.2,Chicken wing, fried, coated, from fast food
2706068,D,43.7,B,63.2,Chicken wing, fried, coated, from restaurant
2706069,B,59.2,A,72.4,Chicken wing, baked, coated
2706070,D,43.6,B,62.6,Chicken "wings" with hot sauce, from fast food / restaurant
2706071,C,46.4,B,64.6,Chicken "wings" with other sauces or seasoning, from fast food / restaurant
2706072,D,43.7,B,63.2,Chicken "wings", plain, from fast food / restaurant
2706073,C,48.5,B,65.4,Chicken "wings" with hot sauce, from precooked
2706074,C,51.3,B,67.5,Chicken "wings" with other sauces or seasoning, from precooked
2706075,C,50.3,B,67.6,Chicken "wings", plain, from precooked
2706076,D,44.6,B,63.2,Chicken "wings" with hot sauce, from other sources
2706077,C,47.8,B,65.5,Chicken "wings" with other sauces or seasoning, from other sources
2706078,D,45.2,B,64.3,Chicken "wings", plain, from other sources
2706079,D,35.2,C,55.8,Chicken "wings", boneless, with hot sauce, from fast food / restaurant
2706080,D,40.1,C,56.4,Chicken "wings", boneless, with hot sauce, from other sources
2706081,B,63.5,A,75.2,Chicken, back
2706082,C,57.6,A,71.6,Chicken, neck or ribs
2706083,E,31.3,C,56.9,Chicken, tail
2706084,E,29.9,E,55.8,Chicken skin
2706085,B,65.1,A,77.0,Chicken feet
2706086,A,77.0,A,84.4,Chicken, canned, meat only
2706087,A,81.0,A,87.0,Chicken, chicken roll, roasted
2706088,D,42.4,B,63.1,Chicken patty, breaded
2706089,C,54.1,B,71.3,Chicken fillet, breaded
2706090,A,78.7,A,85.7,Chicken fillet, grilled
2706091,A,78.6,A,85.6,Chicken, ground
2706092,D,42.8,B,63.3,Chicken nuggets, NFS
2706093,D,42.8,B,63.3,Chicken nuggets, from fast food
2706094,D,42.8,B,63.3,Chicken nuggets, from restaurant
2706095,C,52.6,B,70.2,Chicken nuggets, from school lunch
2706096,D,41.2,B,63.0,Chicken nuggets, from frozen
2706097,D,42.3,B,63.2,Chicken nuggets, from other sources
2706098,B,59.8,A,73.9,Chicken tenders or strips, NFS
2706099,B,59.8,A,73.9,Chicken tenders or strips, breaded, from fast food
2706100,C,56.2,B,71.5,Chicken tenders or strips, breaded, from restaurant
2706101,C,52.6,B,70.2,Chicken tenders or strips, breaded, from school lunch
2706102,C,54.1,B,71.3,Chicken tenders or strips, breaded, from frozen
2706103,C,58.5,A,73.3,Chicken tenders or strips, breaded, from other sources
2706104,A,86.6,A,90.9,Turkey, NFS
2706105,A,86.6,A,90.9,Turkey, light meat, skin not eaten
2706106,A,82.1,A,87.7,Turkey, light meat, skin eaten
2706107,A,84.1,A,89.6,Turkey, light meat, breaded, baked or fried, skin not eaten
2706108,A,80.3,A,87.0,Turkey, light meat, breaded, baked or fried, skin eaten
2706109,A,86.6,A,90.9,Turkey, light meat, roasted, skin not eaten
2706110,A,82.1,A,87.7,Turkey, light meat, roasted, skin eaten
2706111,A,81.1,A,87.0,Turkey, dark meat, roasted, skin not eaten
2706112,A,74.8,A,82.6,Turkey, dark meat, roasted, skin eaten
2706113,A,84.3,A,89.3,Turkey, light and dark meat, roasted, skin not eaten
2706114,A,79.4,A,85.8,Turkey, light and dark meat, roasted, skin eaten
2706115,A,83.6,A,89.1,Turkey, light or dark meat, fried, coated, skin not eaten
2706116,A,78.7,A,85.7,Turkey, light or dark meat, fried, coated, skin eaten
2706117,A,86.0,A,90.5,Turkey, light or dark meat, stewed, skin not eaten
2706118,A,78.0,A,84.5,Turkey light or dark meat, stewed, skin eaten
2706119,B,70.1,A,78.4,Turkey, light or dark meat, smoked, skin eaten
2706120,A,79.6,A,85.4,Turkey, light or dark meat, smoked, skin not eaten
2706121,A,85.6,A,90.2,Turkey, drumstick, cooked, skin not eaten
2706122,A,79.0,A,85.8,Turkey, drumstick, cooked, skin eaten
2706123,A,85.6,A,90.2,Turkey, drumstick, roasted, skin not eaten
2706124,A,77.1,A,84.4,Turkey, drumstick, roasted, skin eaten
2706125,A,74.2,A,82.3,Turkey, thigh, cooked, skin eaten
2706126,A,81.9,A,87.6,Turkey, thigh, cooked, skin not eaten
2706127,A,74.0,A,82.1,Turkey, neck
2706128,A,86.6,A,90.9,Turkey, wing, cooked, skin not eaten
2706129,A,75.8,A,83.3,Turkey, wing, cooked, skin eaten
2706130,C,53.3,B,68.2,Turkey, tail
2706131,B,70.8,A,79.7,Turkey, back
2706132,A,77.0,A,84.4,Turkey, canned
2706133,A,76.9,A,84.5,Turkey, ground
2706134,B,70.2,A,80.6,Turkey, nuggets
2706135,E,55.6,E,68.5,Turkey bacon, cooked
2706136,D,41.9,B,62.7,Turkey bacon, reduced sodium, cooked
2706137,D,42.5,B,63.0,Duck, cooked, skin eaten
2706138,A,75.3,A,83.9,Duck, cooked, skin not eaten
2706139,D,42.5,B,63.0,Duck, roasted, skin eaten
2706140,A,75.3,A,83.9,Duck, roasted, skin not eaten
2706141,D,32.9,D,35.2,Duck, Peking
2706142,B,65.4,A,77.1,Goose, wild, roasted
2706143,B,59.8,A,72.6,Cornish game hen, cooked, skin eaten
2706144,A,83.3,A,88.9,Cornish game hen, cooked, skin not eaten
2706145,B,59.8,A,72.6,Cornish game hen, roasted, skin eaten
2706146,A,83.3,A,88.9,Cornish game hen, roasted, skin not eaten
2706147,A,77.9,A,86.3,Dove, cooked, NS as to cooking method
2706148,A,76.0,A,85.0,Dove, fried
2706149,A,77.5,A,85.8,Quail, cooked
2706150,A,80.1,A,86.7,Pheasant, cooked
2706151,A,74.9,A,84.2,Baby Toddler chicken
2706152,B,71.6,A,76.7,Baby Toddler turkey
2706153,A,89.6,A,94.4,Liver, beef
2706154,A,83.3,A,91.3,Liver, chicken
2706155,B,68.4,A,82.3,Liver, paste or pate
2706156,A,87.2,A,91.9,Heart
2706157,A,86.3,A,91.2,Kidney
2706158,A,88.8,A,93.3,Sweetbreads
2706159,B,65.5,A,73.9,Brains
2706160,C,48.8,B,65.8,Tongue
2706161,E,45.6,E,63.2,Tongue pot roast, Puerto Rican style
2706162,A,72.8,A,78.7,Tripe
2706163,E,36.5,E,55.8,Chitterlings
2706164,B,60.9,A,72.0,Hog maws
2706165,A,87.6,A,91.8,Gizzard
2706166,E,27.0,E,48.9,Hot dog, NFS
2706167,E,27.0,E,48.9,Hot dog, beef
2706168,E,26.0,E,43.0,Hot dog, meat and poultry
2706169,E,43.4,E,62.1,Hot dog, reduced fat
2706170,D,39.8,B,57.7,Hot dog, turkey
2706171,E,30.6,E,55.8,Beef sausage
2706172,E,31.1,E,56.1,Beef sausage with cheese
2706173,E,28.3,E,54.6,Blood sausage
2706174,E,30.3,E,55.4,Bratwurst
2706175,E,30.7,E,55.7,Bratwurst, with cheese
2706176,E,25.8,E,44.2,Bologna
2706177,E,38.7,E,55.1,Bologna, reduced fat
2706178,E,26.3,E,44.5,Bologna, reduced sodium
2706179,E,39.9,E,60.6,Chorizo
2706180,E,51.9,E,66.2,Head cheese
2706181,E,25.6,E,46.3,Knockwurst
2706182,E,36.3,E,58.3,Mortadella
2706183,B,64.6,A,73.9,Pastrami, NFS
2706184,A,78.8,A,85.4,Pastrami, made from any kind of meat, reduced fat
2706185,E,23.0,E,51.6,Pepperoni, NFS
2706186,E,37.2,E,58.8,Pepperoni, reduced fat
2706187,E,23.1,E,51.7,Pepperoni, reduced sodium
2706188,E,27.6,E,51.5,Polish sausage
2706189,E,40.0,E,60.5,Italian sausage
2706190,E,39.5,E,60.3,Sausage, NFS
2706191,E,39.5,E,60.3,Pork sausage
2706192,C,55.2,B,69.6,Pork sausage, reduced fat
2706193,B,69.1,A,80.5,Pork sausage, reduced sodium
2706194,E,34.2,E,57.6,Pork and beef sausage
2706195,E,37.2,E,58.8,Salami, NFS
2706196,C,57.4,B,69.5,Salami, made from any type of meat, reduced fat
2706197,E,37.5,E,59.0,Salami, made from any type of meat, reduced sodium
2706198,D,41.5,C,51.9,Scrapple, cooked
2706199,E,33.2,E,56.9,Thuringer
2706200,B,62.0,A,73.8,Turkey or chicken sausage
2706201,B,69.8,A,80.9,Turkey or chicken sausage, reduced sodium
2706202,E,51.0,E,66.2,Turkey or chicken and pork sausage
2706203,E,30.2,E,46.9,Vienna sausage, canned
2706204,E,39.4,E,60.1,Pickled sausage
2706205,B,68.4,A,76.6,Luncheon meat, NFS
2706206,B,68.4,A,76.6,Ham, prepackaged or deli, luncheon meat
2706207,A,75.9,A,82.8,Ham, prepackaged or deli, luncheon meat, reduced sodium
2706208,B,68.2,A,76.2,Chicken, prepackaged or deli, luncheon meat
2706209,A,76.6,A,83.1,Chicken, prepackaged or deli, luncheon meat, reduced sodium
2706210,E,62.1,E,71.7,Ham luncheon meat, loaf type
2706211,E,31.0,E,55.6,Spam
2706212,D,33.4,C,55.5,Spam, reduced sodium
2706213,C,58.6,A,78.6,Liverwurst
2706214,D,37.8,C,54.1,Luncheon meat, loaf type
2706215,B,65.2,A,74.6,Turkey, prepackaged or deli, luncheon meat
2706216,B,71.1,A,79.5,Turkey, prepackaged or deli, luncheon meat, reduced sodium
2706217,B,65.2,A,74.6,Turkey ham, prepackaged or deli, luncheon meat
2706218,A,78.8,A,85.4,Beef, prepackaged or deli, luncheon meat
2706219,A,82.0,A,88.1,Beef, prepackaged or deli, luncheon meat, reduced sodium
2706220,E,22.3,E,34.4,Meat spread or potted meat, NFS
2706221,D,42.8,B,57.9,Chicken salad spread
2706222,E,26.9,E,39.7,Ham salad spread
2706223,A,87.4,A,92.0,Fish, raw
2706224,B,67.2,A,79.4,Fish, NFS
2706225,A,75.6,A,84.5,Fish, NS as to type, baked or broiled
2706226,B,71.4,A,81.9,Fish, NS as to type, baked or broiled, coated
2706227,C,54.9,A,72.2,Fish, NS as to type, fried
2706228,A,81.6,A,88.4,Fish, NS as to type, steamed
2706229,A,85.4,A,91.2,Fish, canned
2706230,A,88.6,A,92.5,Fish, smoked
2706231,D,44.1,B,60.3,Fish, stick
2706232,E,61.7,E,71.2,Fish, anchovy
2706233,A,72.7,A,83.0,Fish, carp
2706234,C,48.8,B,68.1,Fish, catfish, NFS
2706235,B,69.3,A,80.0,Fish, catfish, baked or broiled
2706236,A,72.8,A,82.3,Fish, catfish, grilled
2706237,B,65.0,A,77.4,Fish, catfish, baked or broiled, coated
2706238,C,48.8,B,68.1,Fish, catfish, fried
2706239,A,77.2,A,85.4,Fish, catfish, steamed
2706240,C,55.6,A,72.4,Fish, cod, NFS
2706241,A,81.4,A,87.9,Fish, cod, baked or broiled
2706242,A,85.2,A,90.4,Fish, cod, grilled
2706243,A,74.5,A,83.7,Fish, cod, baked or broiled, coated
2706244,C,55.6,A,72.4,Fish, cod, fried
2706245,A,89.5,A,93.2,Fish, cod, steamed
2706246,A,75.3,A,84.6,Fish, croaker
2706247,A,75.3,A,86.4,Fish, eel
2706248,A,75.6,A,84.3,Fish, flounder, NFS
2706249,A,75.6,A,84.3,Fish, flounder, baked or broiled
2706250,A,80.9,A,87.6,Fish, flounder, grilled
2706251,B,69.6,A,80.6,Fish, flounder, baked or broiled, coated
2706252,C,47.6,B,62.2,Fish, flounder, fried
2706253,A,86.9,A,91.6,Fish, flounder, steamed
2706254,B,59.1,A,74.6,Fish, haddock, NFS
2706255,A,83.8,A,89.6,Fish, haddock, baked or broiled
2706256,A,87.2,A,91.8,Fish, haddock, grilled
2706257,A,77.1,A,85.5,Fish, haddock, baked or broiled, coated
2706258,B,59.1,A,74.6,Fish, haddock, fried
2706259,A,90.8,A,94.2,Fish, haddock, steamed
2706260,A,77.3,A,85.7,Fish, halibut
2706261,B,68.5,A,80.3,Fish, herring
2706262,C,49.1,B,68.3,Fish, pickled
2706263,A,75.2,A,84.1,Fish, mackerel, NFS
2706264,A,75.2,A,84.1,Fish, mackerel, baked or broiled
2706265,A,77.6,A,85.7,Fish, mackerel, grilled
2706266,B,71.5,A,81.9,Fish, mackerel, baked or broiled, coated
2706267,C,55.8,A,72.7,Fish, mackerel, fried
2706268,A,85.4,A,91.2,Fish, mackerel, canned
2706269,A,76.5,A,85.4,Fish, mullet
2706270,C,55.5,A,72.6,Fish, perch, NFS
2706271,A,79.8,A,87.3,Fish, perch, baked or broiled
2706272,A,83.9,A,89.7,Fish, perch, grilled
2706273,A,73.9,A,83.6,Fish, perch, baked or broiled, coated
2706274,C,55.5,A,72.6,Fish, perch, fried
2706275,A,89.9,A,93.8,Fish, perch, steamed
2706276,A,79.8,A,87.5,Fish, pike
2706277,B,67.7,A,78.6,Fish, pompano, NFS
2706278,B,67.7,A,78.6,Fish, pompano, baked or broiled
2706279,B,70.1,A,80.1,Fish, pompano, grilled
2706280,B,64.1,A,76.5,Fish, pompano, baked or broiled, coated
2706281,C,49.5,B,68.2,Fish, pompano, fried
2706282,A,73.7,A,82.8,Fish, pompano, steamed
2706283,A,79.9,A,87.5,Fish, snapper
2706284,A,77.4,A,86.3,Fish, salmon, raw
2706285,A,74.0,A,83.6,Fish, salmon, NFS
2706286,A,74.0,A,83.6,Fish, salmon, baked or broiled
2706287,A,76.0,A,84.9,Fish, salmon, grilled
2706288,B,70.5,A,81.5,Fish, salmon, baked or broiled, coated
2706289,C,54.9,A,72.4,Fish, salmon, fried
2706290,A,78.5,A,86.6,Fish, salmon, steamed
2706291,A,86.4,A,91.3,Fish, salmon, canned
2706292,A,78.5,A,85.3,Fish, salmon, smoked
2706293,A,82.3,A,89.5,Fish, sardines, canned
2706294,A,82.6,A,89.1,Fish, bass, NFS
2706295,A,82.6,A,89.1,Fish, bass, baked or broiled
2706296,A,85.6,A,91.0,Fish, bass, grilled
2706297,A,77.0,A,85.7,Fish, bass, baked or broiled, coated
2706298,B,61.0,A,76.0,Fish, bass, fried
2706299,A,88.2,A,92.7,Fish, bass, steamed
2706300,A,77.1,A,85.8,Fish, shark
2706301,A,73.3,A,83.2,Fish, swordfish
2706302,B,60.7,A,76.2,Fish, trout, NFS
2706303,A,79.9,A,87.7,Fish, trout, baked or broiled
2706304,A,82.2,A,89.1,Fish, trout, grilled
2706305,A,75.7,A,85.1,Fish, trout, baked or broiled, coated
2706306,B,60.7,A,76.2,Fish, trout, fried
2706307,A,84.8,A,90.7,Fish, trout, steamed
2706308,A,90.5,A,94.1,Fish, tuna, raw
2706309,A,90.2,A,93.8,Fish, tuna, NFS
2706310,A,87.1,A,91.7,Fish, tuna, cooked
2706311,A,90.2,A,93.8,Fish, tuna, canned
2706312,B,60.7,A,75.5,Fish, whiting, NFS
2706313,A,82.7,A,88.9,Fish, whiting, baked or broiled
2706314,A,85.7,A,90.9,Fish, whiting, grilled
2706315,A,76.9,A,85.4,Fish, whiting, baked or broiled, coated
2706316,B,60.7,A,75.5,Fish, whiting, fried
2706317,A,88.6,A,92.8,Fish, whiting, steamed
2706318,A,83.5,A,89.3,Fish, tilapia, NFS
2706319,A,83.5,A,89.3,Fish, tilapia, baked or broiled
2706320,A,86.1,A,91.0,Fish, tilapia, grilled
2706321,A,77.9,A,85.9,Fish, tilapia, baked or broiled, coated
2706322,B,62.7,A,76.6,Fish, tilapia, fried
2706323,A,88.8,A,92.8,Fish, tilapia, steamed
2706324,A,82.4,A,88.6,Fish, white, mixed species, NFS
2706325,A,82.4,A,88.6,Fish, white, mixed species, baked or broiled
2706326,A,76.2,A,84.9,Fish, white, mixed species, baked or broiled, coated
2706327,B,59.6,A,74.7,Fish, white, mixed species, fried
2706328,A,88.9,A,92.9,Fish, white, mixed species, steamed
2706329,A,85.5,A,90.6,Fish, white, mixed species, grilled
2706330,B,61.3,A,76.5,Frog legs
2706331,B,61.1,A,77.2,Octopus
2706332,A,80.2,A,88.9,Caviar
2706333,A,80.6,A,88.3,Calamari, cooked
2706334,C,57.5,A,74.4,Calamari, fried
2706335,A,85.9,A,91.3,Turtle
2706336,A,76.2,A,85.5,Shellfish, NFS
2706337,A,82.0,A,89.6,Abalone
2706338,A,88.8,A,93.2,Clams, raw
2706339,A,78.9,A,87.4,Clams, NFS
2706340,A,80.2,A,88.1,Clams, baked or broiled
2706341,C,56.2,A,73.0,Clams, fried
2706342,A,87.9,A,92.8,Clams, steamed or boiled
2706343,A,87.7,A,92.7,Clams, canned
2706344,A,90.6,A,94.2,Crab
2706345,A,90.1,A,93.7,Crab, canned
2706346,B,61.8,A,76.4,Crab, soft shell
2706347,B,61.7,A,77.2,Crayfish, fried
2706348,A,90.7,A,94.5,Crayfish, cooked
2706349,A,88.9,A,92.9,Lobster
2706350,A,85.7,A,91.8,Mussels
2706351,A,81.3,B,67.0,Oysters, raw
2706352,B,68.6,B,64.1,Oysters, baked or broiled
2706353,A,81.0,B,71.5,Oysters, steamed
2706354,D,37.4,D,43.1,Oysters, fried
2706355,A,80.6,A,72.8,Oysters, canned
2706356,A,72.9,A,82.0,Scallops, baked or broiled
2706357,A,78.3,A,85.5,Scallops, grilled
2706358,A,85.0,A,90.1,Scallops, steamed or boiled
2706359,D,44.9,B,59.3,Scallops, fried
2706360,A,76.2,A,85.5,Shrimp, NFS
2706361,A,80.7,A,88.1,Shrimp, baked or broiled
2706362,A,85.2,A,90.8,Shrimp, grilled
2706363,A,89.2,A,93.3,Shrimp, steamed or boiled
2706364,C,53.7,B,69.0,Shrimp, fried
2706365,A,74.7,A,84.4,Shrimp, baked or broiled, coated
2706366,A,84.5,A,90.4,Shrimp, dried
2706367,A,87.7,A,92.1,Shrimp, canned
2706368,A,85.0,A,91.9,Escargot
2706369,C,55.6,B,69.8,Barbecue meat, NFS
2706370,A,80.5,A,87.3,Beef with tomato-based sauce
2706371,A,77.7,A,85.9,Beef burgundy
2706372,B,65.3,B,70.1,Guisada, beef
2706373,B,70.3,A,72.2,Chili, NFS
2706374,B,63.3,A,73.4,Chili with meat, from restaurant
2706375,B,70.3,A,72.2,Chili with meat and beans
2706376,B,69.9,B,68.2,Chili with meat, canned
2706377,B,68.0,A,79.0,Chili with meat
2706378,B,68.3,A,76.7,Sloppy joe, no bun
2706379,A,75.8,A,83.7,Beef with gravy
2706380,E,33.1,E,38.1,Salisbury steak with gravy
2706381,A,74.3,A,83.0,Beef with cream or white sauce
2706382,C,49.1,B,57.2,Beef stroganoff
2706383,C,50.1,C,52.0,Creamed chipped or dried beef
2706384,C,50.7,B,64.4,Swedish meatballs with cream or white sauce
2706385,A,75.9,A,84.0,Beef with mushroom sauce
2706386,B,66.2,A,78.5,Beef with soy-based sauce
2706387,A,79.7,A,86.0,Steak teriyaki
2706388,B,64.5,B,62.3,Beef curry
2706389,C,52.3,C,48.6,Beef curry with rice
2706390,B,59.0,A,72.0,Barbecue beef, with sauce
2706391,B,69.5,A,78.8,Barbecue beef, no sauce
2706392,D,41.0,C,52.4,Beef with sweet and sour sauce
2706393,C,57.3,B,71.0,Stewed seasoned ground beef, Mexican style
2706394,C,58.1,A,72.1,Steak tartare
2706395,C,47.4,B,65.5,Meatballs, Puerto Rican style
2706396,D,41.3,B,62.9,Stewed seasoned ground beef, Puerto Rican style
2706397,C,48.2,B,65.2,Stewed dried beef, Puerto Rican style
2706398,A,72.2,A,81.2,Ham or pork with gravy
2706399,C,54.6,B,69.2,Barbecue pork, with sauce
2706400,B,63.5,A,74.6,Barbecue pork, no sauce
2706401,D,34.7,C,47.6,Sweet and sour pork
2706402,E,39.8,E,43.2,Ham stroganoff
2706403,A,72.5,A,81.6,Ham or pork with mushroom sauce
2706404,A,77.4,A,85.3,Ham or pork with tomato-based sauce
2706405,E,40.5,E,60.8,Sausage with tomato-based sauce
2706406,E,29.0,D,36.3,Sausage gravy
2706407,B,61.6,B,66.1,Guisada, pork
2706408,B,63.1,A,76.5,Pork or ham with soy-based sauce
2706409,D,34.8,C,48.3,Chili hot dog, no bun
2706410,E,25.1,E,38.4,Frankfurters or hot dogs with tomato-based sauce
2706411,A,81.9,A,84.5,Pork with chili and tomatoes
2706412,B,68.3,A,79.8,Stewed pork, Puerto Rican style
2706413,C,52.7,B,67.7,Lamb or mutton with gravy
2706414,B,66.3,A,78.1,Stewed goat, Puerto Rican style
2706415,B,61.4,A,75.0,Veal scallopini
2706416,B,71.2,A,81.5,Veal Marsala
2706417,B,63.0,A,76.7,Veal parmigiana
2706418,A,73.3,A,82.5,Veal cordon bleu
2706419,A,87.6,A,92.2,Venison or deer with tomato-based sauce
2706420,A,85.6,A,90.7,Venison or deer with gravy
2706421,B,59.4,A,73.3,Chicken or turkey cacciatore
2706422,A,73.3,B,63.7,Spaghetti sauce with poultry
2706423,A,76.3,B,66.1,Spaghetti sauce with poultry and added vegetables
2706424,B,68.3,A,75.5,Stewed chicken with tomato-based sauce, Mexican style
2706425,A,76.8,A,77.3,Chili with chicken and beans
2706426,A,81.8,A,88.2,Chili with chicken
2706427,A,76.9,A,76.5,Chili, white
2706428,A,74.1,A,82.0,Chicken with gravy
2706429,C,53.9,B,60.7,Chicken or turkey fricassee
2706430,A,80.9,A,87.1,Turkey with gravy
2706431,A,72.3,A,81.3,Chicken or turkey with cream sauce
2706432,A,74.4,A,82.5,Chicken or turkey with mushroom sauce
2706433,A,77.6,A,84.3,Chicken or turkey with teriyaki
2706434,B,69.8,A,79.8,Barbecue chicken
2706435,D,40.0,C,54.3,Sweet and sour chicken or turkey
2706436,D,40.0,C,54.3,Sweet and sour chicken or turkey, without vegetables
2706437,B,62.5,B,57.9,Chicken curry
2706438,C,50.3,D,45.3,Chicken curry with rice
2706439,A,74.0,A,82.3,Chicken with mole sauce
2706440,B,71.3,A,80.4,Chicken or turkey with cheese sauce
2706441,B,71.2,A,80.9,Chicken or turkey cordon bleu
2706442,B,71.2,A,82.0,Chicken or turkey parmigiana
2706443,C,48.5,B,67.2,Orange chicken
2706444,C,46.2,B,66.3,Sesame chicken
2706445,C,53.5,B,68.2,Chicken kiev
2706446,A,73.3,A,81.4,Stuffed chicken, drumstick or breast, Puerto Rican style
2706447,A,81.9,A,88.4,Fish with cream or white sauce, not tuna or lobster
2706448,C,48.9,C,57.0,Fish timbale or mousse
2706449,A,82.6,A,88.9,Shrimp cocktail
2706450,A,81.7,A,88.2,Tuna with cream or white sauce
2706451,E,30.3,E,47.8,Seafood thermidor
2706452,D,41.2,C,51.0,Seafood sauce
2706453,A,75.9,B,62.7,Spaghetti sauce with seafood
2706454,A,78.1,B,64.4,Spaghetti sauce with seafood and added vegetables
2706455,B,65.3,A,76.2,Shrimp with lobster sauce
2706456,D,40.0,D,43.2,Sweet and sour shrimp
2706457,E,55.0,E,42.7,Fish sauce
2706458,B,69.3,A,81.5,Shrimp scampi
2706459,A,89.7,A,93.5,Fish with tomato-based sauce
2706460,B,63.6,C,54.3,Fish curry
2706461,C,51.6,D,43.7,Fish curry with rice
2706462,A,87.0,A,91.9,Shrimp teriyaki
2706463,A,87.4,A,84.4,Ceviche
2706464,B,71.7,A,80.6,Crabs in tomato-based sauce, Puerto Rican style
2706465,D,45.0,B,63.1,Shrimp in garlic sauce, Puerto Rican style
2706466,A,84.0,A,73.7,Stew, fish
2706467,C,55.9,B,69.1,Meatballs, NS as to type of meat, with sauce
2706468,C,49.2,B,66.8,Meat loaf, Puerto Rican style
2706469,A,80.6,A,87.4,Meat with tomato-based sauce
2706470,B,65.4,B,57.8,Spaghetti sauce with meat
2706471,B,69.4,B,61.0,Spaghetti sauce with meat and added vegetables
2706472,A,73.6,A,82.7,Stewed, seasoned, ground beef and pork, Mexican style
2706473,A,75.8,A,83.7,Meat with gravy, NS as to type of meat,
2706474,C,55.4,C,56.9,Beef and potatoes, no sauce
2706475,B,61.2,B,59.7,Beef and potatoes with cream sauce, white sauce or mushroom sauce
2706476,B,71.0,A,81.3,Beef, roast, hash
2706477,E,36.4,E,45.2,Corned beef hash
2706478,C,53.9,C,55.6,Beef and potatoes with cheese sauce
2706479,B,63.0,B,68.6,Stewed, seasoned, ground beef with potatoes, Mexican style
2706480,C,47.6,B,60.9,Beef and noodles, no sauce
2706481,C,49.0,C,54.3,Beef and macaroni with cheese sauce
2706482,C,56.1,B,57.9,Beef and noodles with tomato-based sauce
2706483,B,65.0,B,66.5,Chili with macaroni
2706484,C,46.5,C,49.5,Beef and noodles with gravy
2706485,C,48.4,C,51.5,Beef and noodles with cream or white sauce
2706486,C,48.0,C,50.2,Beef stroganoff with noodles
2706487,C,47.3,C,49.6,Beef and noodles with mushroom sauce
2706488,B,63.2,A,76.4,Beef and noodles with soy-based sauce
2706489,D,40.7,D,44.6,Beef and rice, no sauce
2706490,C,54.0,B,57.8,Biryani with meat
2706491,C,46.6,C,47.0,Beef and rice with tomato-based sauce
2706492,C,51.5,B,59.9,Porcupine balls with tomato-based sauce
2706493,D,38.4,D,40.1,Beef and rice with gravy
2706494,D,41.0,D,43.2,Beef and rice with cream sauce
2706495,D,39.8,D,41.0,Beef and rice with mushroom sauce
2706496,D,44.7,C,54.3,Porcupine balls with mushroom sauce
2706497,B,63.7,A,77.1,Beef and rice with soy-based sauce
2706498,D,44.8,C,49.1,Beef and rice with cheese sauce
2706499,B,62.9,A,75.4,Meat loaf made with beef
2706500,B,64.9,A,77.1,Meat loaf made with beef, with tomato-based sauce
2706501,D,42.7,B,63.4,Beef wellington
2706502,E,36.4,E,45.2,Corned beef patty
2706503,C,56.4,A,72.4,Beef stew with potatoes, Puerto Rican style
2706504,B,67.0,A,77.3,Meat loaf made with ham
2706505,D,39.7,D,42.3,Ham and noodles with cream or white sauce
2706506,E,31.4,E,32.6,Ham and rice with mushroom sauce
2706507,D,38.4,D,40.7,Ham or pork with stuffing
2706508,E,45.9,E,63.7,Ham croquette
2706509,D,45.0,D,46.2,Pork and rice with tomato-based sauce
2706510,E,29.5,E,29.4,Sausage and rice with tomato-based sauce
2706511,E,28.3,E,29.4,Sausage and rice with mushroom sauce
2706512,D,32.4,D,36.3,Sausage and rice with cheese sauce
2706513,D,32.7,D,35.9,Sausage and noodles with cream or white sauce
2706514,D,39.5,D,43.2,Ham and noodles, no sauce
2706515,D,38.9,D,41.9,Ham or pork and rice, no sauce
2706516,D,43.3,D,41.4,Ham or pork and potatoes with gravy
2706517,C,52.6,C,54.1,Ham or pork and potatoes with cheese sauce
2706518,C,55.5,B,61.5,Stewed pig's feet, Puerto Rican style
2706519,B,67.4,B,66.1,Stew, pork
2706520,B,58.9,B,62.7,Stew, pork, with pasta
2706521,C,52.4,B,68.1,Lamb or mutton loaf
2706522,D,37.9,D,36.8,Lamb or mutton and potatoes with gravy
2706523,C,47.9,D,44.9,Lamb or mutton and potatoes with tomato-based sauce
2706524,D,38.7,D,41.7,Lamb or mutton and noodles with gravy
2706525,A,74.6,A,83.7,Meat loaf made with venison/deer
2706526,C,52.3,C,55.8,Venison or deer and noodles with cream or white sauce
2706527,B,70.0,B,71.0,Chicken or turkey hash
2706528,C,54.6,C,54.5,Chicken or turkey and potatoes with gravy
2706529,D,43.7,C,48.1,Chicken or turkey and noodles, no sauce
2706530,D,42.0,D,44.7,Chicken or turkey and noodles with gravy
2706531,D,44.1,D,45.8,Chicken or turkey and noodles with mushroom sauce
2706532,D,45.3,C,48.0,Chicken or turkey and noodles with cream or white sauce
2706533,C,48.3,C,54.0,Chicken or turkey and noodles with cheese sauce
2706534,B,62.7,B,70.8,Chicken or turkey tetrazzini
2706535,C,51.2,C,52.2,Chicken or turkey and noodles with tomato-based sauce
2706536,B,58.7,B,68.6,Chicken or turkey and noodles with soy-based sauce
2706537,D,36.2,D,39.6,Chicken or turkey and rice, no sauce
2706538,B,65.4,B,61.5,Biryani with chicken
2706539,C,51.8,C,54.6,Chicken or turkey and rice with cream sauce
2706540,D,36.6,D,37.4,Chicken or turkey and rice with mushroom sauce
2706541,D,40.4,D,41.2,Chicken or turkey and rice with tomato-based sauce
2706542,B,59.8,B,70.6,Chicken or turkey and rice with soy-based sauce
2706543,B,68.5,A,78.9,Chicken or turkey with dumplings
2706544,A,72.3,A,81.7,Chicken or turkey with stuffing
2706545,B,59.5,A,73.0,Chicken or turkey cake, patty, or croquette
2706546,C,51.7,B,63.8,Chicken or turkey souffle
2706547,A,73.7,A,83.2,Meat loaf made with chicken or turkey
2706548,A,74.5,A,84.0,Meat loaf made with chicken or turkey, with tomato-based sauce
2706549,B,60.3,A,75.5,Crab, cake
2706550,C,54.7,B,71.2,Fish, cake or patty
2706551,A,72.5,A,72.9,Gefilte fish
2706552,C,50.9,B,69.6,Fish, salmon cake or patty
2706553,C,50.2,C,52.6,Shrimp and noodles, no sauce
2706554,C,47.3,D,46.4,Shrimp and noodles with gravy
2706555,C,47.8,C,47.6,Shrimp and noodles with mushroom sauce
2706556,C,50.0,C,51.8,Shrimp and noodles with cream or white sauce
2706557,B,64.3,B,69.5,Shrimp and noodles with soy-based sauce
2706558,C,53.6,C,56.2,Shrimp and noodles with cheese sauce
2706559,C,54.1,C,53.2,Shrimp and noodles with tomato sauce
2706560,B,61.0,A,75.2,Tuna cake or patty
2706561,B,68.9,A,81.2,Clam cake or patty
2706562,A,76.0,A,85.0,Flounder with crab stuffing
2706563,B,60.1,A,73.3,Lobster with bread stuffing, baked
2706564,B,65.3,A,74.8,Clams Casino
2706565,C,57.9,A,74.2,Shrimp, cake or patty
2706566,B,71.3,A,82.0,Shrimp with crab stuffing
2706567,D,36.5,C,47.4,Shrimp toast
2706568,C,54.9,C,53.2,Imitation crab meat
2706569,C,49.9,B,57.8,Seafood souffle
2706570,C,52.6,B,61.3,Tuna noodle casserole with cream or white sauce
2706571,C,53.1,B,57.6,Tuna noodle casserole with mushroom sauce
2706572,D,35.7,D,33.9,Tuna and rice with mushroom sauce
2706573,D,44.0,D,43.1,Fish and rice with tomato-based sauce
2706574,D,39.0,D,38.9,Fish and rice with cream sauce
2706575,D,37.1,D,37.2,Fish and rice with mushroom sauce
2706576,D,45.2,D,45.1,Fish and noodles with mushroom sauce
2706577,C,53.8,C,53.2,Shellfish and noodles with tomato-based sauce
2706578,B,70.9,A,79.0,Stewed salmon, Puerto Rican style
2706579,B,62.4,A,75.1,Meat loaf, NS as to type of meat
2706580,C,56.4,B,67.2,Meatballs, with breading, NS as to type of meat, with gravy
2706581,B,63.2,A,75.6,Meat loaf made with beef and pork
2706582,B,63.2,A,75.6,Meat loaf made with beef, veal and pork
2706583,B,65.0,A,77.2,Meat loaf made with beef and pork, with tomato-based sauce
2706584,E,36.4,E,45.2,Hash, NS as to type of meat
2706585,E,27.5,E,32.7,Vienna sausages stewed with potatoes, Puerto Rican style
2706586,B,68.3,A,78.4,Stewed, seasoned, ground beef and pork with potatoes, Mexican style
2706587,B,60.5,B,58.6,Beef, potatoes, and vegetables including carrots, broccoli, and/or dark-green leafy; no sauce
2706588,C,53.9,C,53.6,Beef, potatoes, and vegetables, excluding carrots, broccoli, and dark-green leafy; no sauce
2706589,C,50.4,D,46.3,Corned beef, potatoes, and vegetables including carrots, broccoli, and/or dark-green leafy; no sauce
2706590,D,43.0,D,40.3,Corned beef, potatoes, and vegetables excluding carrots, broccoli, and dark-green leafy; no sauce
2706591,C,53.2,D,46.4,Stew, beef, canned
2706592,B,69.4,B,68.6,Stew, beef
2706593,B,61.2,B,65.4,Stew, beef, with pasta
2706594,C,56.6,C,56.6,Shepherd's pie
2706595,C,49.9,C,47.0,Beef, potatoes, and vegetables including carrots, broccoli, and/or dark-green leafy; gravy
2706596,D,45.0,D,42.6,Beef, potatoes, and vegetables excluding carrots, broccoli, and dark-green leafy; gravy
2706597,C,50.7,C,47.5,Beef, potatoes, and vegetables including carrots, broccoli, and/or dark-green leafy; cream sauce, white sauce, or mushroom sauce
2706598,D,44.8,D,42.7,Beef, potatoes, and vegetables excluding carrots, broccoli, and dark-green leafy; cream sauce, white sauce, or mushroom sauce
2706599,C,54.6,C,50.6,Beef, potatoes, and vegetables including carrots, broccoli, and/or dark-green leafy; tomato-based sauce
2706600,C,51.0,C,47.8,Beef, potatoes, and vegetables excluding carrots, broccoli, and dark-green leafy; tomato-based sauce
2706601,B,61.7,B,62.1,Beef, potatoes, and vegetables including carrots, broccoli, and/or dark-green leafy; cheese sauce
2706602,C,55.2,C,57.1,Beef, potatoes, and vegetables excluding carrots, broccoli, and dark-green leafy; cheese sauce
2706603,B,70.4,A,78.3,Beef, potatoes, and vegetables including carrots, broccoli, and/or dark-green leafy; soy-based sauce
2706604,B,68.5,A,76.7,Beef, potatoes, and vegetables excluding carrots, broccoli, and dark-green leafy; soy-based sauce
2706605,B,58.9,B,62.5,Beef, noodles, and vegetables including carrots, broccoli, and/or dark-green leafy; no sauce
2706606,C,52.2,B,57.2,Beef, noodles, and vegetables excluding carrots, broccoli, and dark-green leafy; no sauce
2706607,B,67.2,A,72.4,Beef chow mein or chop suey with noodles
2706608,B,68.7,A,73.2,Beef, noodles, and vegetables including carrots, broccoli, and/or dark-green leafy; soy-based sauce
2706609,B,66.4,A,71.5,Beef, noodles, and vegetables excluding carrots, broccoli, and dark-green leafy; soy-based sauce
2706610,B,58.7,C,56.8,Beef, noodles, and vegetables including carrots, broccoli, and/or dark-green leafy; tomato-based sauce
2706611,C,53.0,C,52.4,Beef, noodles, and vegetables excluding carrots, broccoli, and dark-green leafy; tomato-based sauce
2706612,C,55.2,C,53.5,Beef, noodles, and vegetables including carrots, broccoli, and/or dark-green leafy; mushroom sauce
2706613,C,47.4,C,47.4,Beef, noodles, and vegetables excluding carrots, broccoli, and dark-green leafy; mushroom sauce
2706614,C,54.7,C,53.3,Beef, noodles, and vegetables including carrots, broccoli, and/or dark-green leafy; gravy
2706615,C,46.4,D,46.8,Beef, noodles, and vegetables excluding carrots, broccoli, and dark-green leafy; gravy
2706616,C,52.5,C,55.2,Beef, rice, and vegetables including carrots, broccoli, and/or dark-green leafy; no sauce
2706617,D,44.4,C,48.6,Beef, rice, and vegetables excluding carrots, broccoli, and dark-green leafy; no sauce
2706618,C,52.7,C,50.6,Beef, rice, and vegetables including carrots, broccoli, and/or dark-green leafy; tomato-based sauce
2706619,C,47.2,D,46.2,Beef, rice, and vegetables excluding carrots, broccoli, and/or dark-green leafy; tomato-based sauce
2706620,B,65.4,B,64.6,Stuffed cabbage rolls with beef and rice
2706621,C,47.4,C,56.0,Stuffed grape leaves with beef and rice
2706622,C,48.5,D,46.9,Beef, rice, and vegetables including carrots, broccoli, and/or dark-green leafy; mushroom sauce
2706623,D,40.6,D,40.7,Beef, rice, and vegetables excluding carrots, broccoli, and dark-green leafy; mushroom sauce
2706624,C,54.7,B,58.6,Beef, rice, and vegetables including carrots, broccoli, and/or dark-green leafy; cheese sauce
2706625,C,47.4,C,51.5,Beef, rice, and vegetables excluding carrots, broccoli, and dark-green leafy; cheese sauce
2706626,C,48.0,D,46.6,Beef, rice, and vegetables including carrots, broccoli, and/or dark-green leafy; gravy
2706627,D,38.9,D,39.5,Beef, rice, and vegetables excluding carrots, broccoli, and dark-green leafy; gravy
2706628,B,68.9,A,74.3,Beef, rice, and vegetables including carrots, broccoli, and/or dark-green leafy; soy-based sauce
2706629,B,66.7,A,73.1,Beef, rice, and vegetables excluding carrots, broccoli, and dark-green leafy; soy-based sauce
2706630,E,30.0,D,44.0,Pot pie, beef
2706631,C,53.7,C,51.6,Beef, dumplings, and vegetables including carrots, broccoli, and/or dark-green leafy; gravy
2706632,C,46.2,D,45.7,Beef, dumplings, and vegetables excluding carrots, broccoli, and dark-green leafy; gravy
2706633,B,62.2,B,65.8,Stuffed green pepper, Puerto Rican style
2706634,C,49.9,C,54.7,Ham or pork, noodles and vegetables excluding carrots, broccoli, and dark-green leafy; no sauce
2706635,C,57.5,B,60.6,Ham or pork, noodles, and vegetables including carrots, broccoli, and/or dark-green leafy; no sauce
2706636,C,50.0,C,56.4,Ham or pork, noodles and vegetables excluding carrots, broccoli, and dark-green leafy; cheese sauce
2706637,C,58.5,C,56.3,Pork, potatoes, and vegetables including carrots, broccoli, and/or dark-green leafy; no sauce
2706638,C,58.0,C,55.6,Ham or pork, noodles, and vegetables including carrots, broccoli, and/or dark-green leafy; tomato-based sauce
2706639,D,41.5,D,40.2,Sausage, noodles, and vegetables excluding carrots, broccoli, and dark-green leafy; tomato-based sauce
2706640,C,49.9,D,46.7,Sausage, noodles, and vegetables including carrots, broccoli, and/or dark-green leafy; tomato-based sauce
2706641,C,53.0,C,49.1,Pork, potatoes, and vegetables including carrots, broccoli, and/or dark-green leafy; tomato-based sauce
2706642,C,49.2,D,46.0,Pork, potatoes, and vegetables excluding carrots, broccoli, and dark-green leafy; tomato-based sauce
2706643,D,40.5,D,36.3,Sausage, potatoes, and vegetables including carrots, broccoli, and/or dark-green leafy; gravy
2706644,D,33.1,E,30.2,Sausage, potatoes, and vegetables excluding carrots, broccoli, and dark-green leafy; gravy
2706645,C,49.9,D,46.2,Pork, potatoes, and vegetables including carrots, broccoli, and/or dark-green leafy; gravy
2706646,D,43.8,D,41.1,Pork, potatoes, and vegetables excluding carrots, broccoli, and dark-green leafy; gravy
2706647,C,51.2,C,50.8,Pork, potatoes, and vegetables excluding carrots, broccoli, and dark-green leafy; no sauce
2706648,B,60.2,B,66.6,Pork chow mein or chop suey with noodles
2706649,B,66.4,B,71.0,Pork, rice, and vegetables including carrots, broccoli, and/or dark-green leafy; soy-based sauce
2706650,B,63.5,B,69.2,Pork, rice, and vegetables excluding carrots, broccoli, and dark-green leafy; soy-based sauce
2706651,C,52.2,C,49.6,Pork, rice, and vegetables including carrots, broccoli, and/or dark-green leafy; tomato-based sauce
2706652,D,45.2,D,44.2,Pork, rice, and vegetables excluding carrots, broccoli, and dark-green leafy; tomato-based sauce
2706653,C,46.1,D,43.9,Ham, potatoes, and vegetables excluding carrots, broccoli, and dark-green leafy; no sauce
2706654,C,52.6,C,49.5,Ham, potatoes, and vegetables including carrots, broccoli, and/or dark-green leafy; no sauce
2706655,C,48.9,B,58.8,Sweet and sour pork with rice
2706656,D,33.4,D,33.6,Lamb or mutton, rice, and vegetables excluding carrots, broccoli, and dark-green leafy; gravy
2706657,C,48.1,D,45.5,Lamb or mutton, rice, and vegetables including carrots, broccoli, and/or dark-green leafy; tomato-based sauce
2706658,D,40.9,D,39.6,Lamb or mutton, rice, and vegetables  including carrots, broccoli, and/or dark-green leafy; gravy
2706659,D,43.8,C,54.0,Stuffed grape leaves with lamb and rice
2706660,B,63.5,B,63.1,Stew, lamb
2706661,B,66.9,A,79.4,Stewed rabbit, Puerto Rican style,
2706662,C,54.8,C,52.1,Venison or deer, potatoes, and vegetables including carrots, broccoli, and/or dark-green leafy; gravy
2706663,C,49.9,C,48.1,Venison or deer, potatoes, and vegetables excluding carrots, broccoli, and dark-green leafy; gravy
2706664,B,60.7,B,60.1,Venison or deer, noodles, and vegetables including carrots, broccoli, and/or dark-green leafy; tomato-based sauce
2706665,C,56.2,C,56.7,Venison or deer, noodles, and vegetables excluding carrots, broccoli, and dark-green leafy; tomato-based sauce
2706666,D,38.3,D,35.4,Chicken or turkey, potatoes, corn, and cheese, with gravy
2706667,C,56.7,C,54.2,Chicken or turkey, potatoes, and vegetables including carrots, broccoli, and/or dark-green leafy; no sauce
2706668,C,49.4,C,48.6,Chicken or turkey, potatoes, and vegetables excluding carrots, broccoli, and dark-green leafy; no sauce
2706669,C,49.8,D,45.3,Chicken or turkey, potatoes, and vegetables including carrots, broccoli, and/or dark-green leafy; gravy
2706670,D,41.5,D,38.9,Chicken or turkey, potatoes, and vegetables excluding carrots, broccoli, and dark-green leafy; gravy
2706671,C,48.4,D,44.6,Chicken or turkey, potatoes, and vegetables including carrots, broccoli, and/or dark-green leafy; cream sauce, white sauce, or mushroom sauce
2706672,D,42.5,D,39.8,Chicken or turkey, potatoes, and vegetables excluding carrots, broccoli, and dark-green leafy; cream sauce, white sauce, or mushroom sauce
2706673,C,58.6,B,58.5,Chicken or turkey, potatoes, and vegetables including carrots, broccoli, and/or dark-green leafy; cheese sauce
2706674,C,51.8,C,53.2,Chicken or turkey, potatoes, and vegetables excluding carrots, broccoli, and dark-green leafy; cheese sauce
2706675,C,53.0,C,48.2,Chicken or turkey, potatoes, and vegetables including carrots, broccoli, and/or dark-green leafy; tomato-based sauce
2706676,C,47.1,D,43.8,Chicken or turkey, potatoes, and vegetables excluding carrots, broccoli, and dark-green leafy; tomato-based sauce
2706677,B,71.1,A,73.2,Stew, chicken, with pasta
2706678,A,78.4,A,75.4,Stew, chicken
2706679,C,55.8,B,58.4,Chicken or turkey, noodles, and vegetables including carrots, broccoli, and/or dark-green leafy; no sauce
2706680,C,47.7,C,52.2,Chicken or turkey, noodles, and vegetables excluding carrots, broccoli, and dark-green leafy; no sauce
2706681,C,51.2,C,49.5,Chicken or turkey, noodles, and vegetables including carrots, broccoli, and/or dark-green leafy; gravy
2706682,D,43.5,D,43.3,Chicken or turkey, noodles, and vegetables excluding carrots, broccoli, and dark-green leafy; gravy
2706683,C,51.5,C,49.6,Chicken or turkey, noodles, and vegetables including carrots, broccoli, and/or dark-green leafy; cream sauce, white sauce, or mushroom sauce
2706684,D,43.1,D,43.1,Chicken or turkey, noodles, and vegetables excluding carrots, broccoli, and/or dark-green leafy; cream sauce, white sauce, or mushroom sauce
2706685,C,55.0,C,52.9,Chicken or turkey, noodles, and vegetables including carrots, broccoli, and/or dark-green leafy; tomato-based sauce
2706686,C,48.5,C,48.0,Chicken or turkey, noodles, and vegetables excluding carrots, broccoli, and dark-green leafy; tomato-based sauce
2706687,B,60.6,B,65.2,Chicken or turkey chow mein or chop suey with noodles
2706688,C,57.2,B,61.2,Chicken or turkey, noodles, and vegetables including carrots, broccoli, and/or dark-green leafy; cheese sauce
2706689,C,50.2,C,55.7,Chicken or turkey, noodles, and vegetables excluding carrots, broccoli, and dark-green leafy; cheese sauce
2706690,C,48.7,C,50.7,Chicken or turkey, rice, and vegetables including carrots, broccoli, and/or dark-green leafy; no sauce
2706691,D,40.3,D,43.9,Chicken or turkey, rice, and vegetables excluding carrots, broccoli, and dark-green leafy; no sauce
2706692,D,44.2,D,42.6,Chicken or turkey, rice, and vegetables including carrots, broccoli, and/or dark-green leafy; gravy
2706693,D,36.1,D,36.2,Chicken or turkey, rice, and vegetables excluding carrots, broccoli, and dark-green leafy; gravy
2706694,D,32.4,D,34.8,Chicken or turkey, rice, corn, and cheese, with gravy
2706695,B,67.4,B,69.7,Chicken or turkey, rice, and vegetables including carrots, broccoli, and/or dark-green leafy; soy-based sauce
2706696,B,64.7,B,68.2,Chicken or turkey, rice, and vegetables excluding carrots, broccoli, and dark-green leafy; soy-based sauce
2706697,D,44.8,D,43.0,Chicken or turkey, rice, and vegetables including carrots, broccoli, and/or dark-green leafy; cream sauce, white sauce, or mushroom sauce
2706698,D,38.2,D,37.6,Chicken or turkey, rice, and vegetables excluding carrots, broccoli, and dark-green leafy; cream sauce, white sauce, or mushroom sauce
2706699,C,53.5,C,56.2,Chicken or turkey, rice, and vegetables including carrots, broccoli, and/or dark-green leafy; cheese sauce
2706700,D,45.5,C,50.0,Chicken or turkey, rice, and vegetables excluding carrots, broccoli, and dark-green leafy; cheese sauce
2706701,C,50.3,C,47.5,Chicken or turkey, rice, and vegetables including carrots, broccoli, and/or dark-green leafy; tomato-based sauce
2706702,D,43.4,D,42.2,Chicken or turkey, rice, and vegetables excluding carrots, broccoli, and dark-green leafy; tomato-based sauce
2706703,D,33.2,C,47.0,Pot pie, chicken
2706704,C,49.4,C,52.5,Chicken or turkey, stuffing, and vegetables including carrots, broccoli, and/or dark-green leafy; no sauce
2706705,D,41.2,D,46.1,Chicken or turkey,stuffing, and vegetables excluding carrots, broccoli, and dark green leafy; no sauce
2706706,C,47.2,D,45.3,Chicken or turkey, stuffing, and vegetables including carrots, broccoli, and/or dark-green leafy; gravy
2706707,D,39.7,D,38.4,Chicken or turkey, stuffing, and vegetables excluding carrots, broccoli, and dark-green leafy; gravy
2706708,C,50.9,C,48.2,Chicken or turkey, dumplings, and vegetables including carrots, broccoli, and/or dark green leafy; gravy
2706709,D,43.5,D,42.3,Chicken or turkey, dumplings, and vegetables excluding carrots, broccoli, and dark green leafy; gravy
2706710,B,62.0,A,73.1,Chicken fricassee, Puerto Rican style
2706711,C,49.8,C,53.2,Paella with seafood
2706712,B,66.7,B,67.5,Shrimp chow mein or chop suey with noodles
2706713,B,69.4,A,72.4,Shrimp creole, with rice
2706714,C,55.7,B,60.4,Tuna noodle casserole with vegetables, cream or white sauce
2706715,B,58.7,B,60.9,Fish, noodles, and vegetables including carrots, broccoli, and/or dark green leafy; cheese sauce
2706716,C,52.1,C,55.7,Fish, noodles, and vegetables excluding carrots, broccoli, and dark-green leafy; cheese sauce
2706717,A,78.6,A,72.0,Soup, bouillabaisse
2706718,C,57.2,B,58.1,Tuna noodle casserole with vegetables and mushroom sauce
2706719,C,49.0,D,43.4,Codfish with starchy vegetables, Puerto Rican style
2706720,C,52.8,B,61.1,Biscayne codfish, Puerto Rican style
2706721,A,72.4,B,71.0,Stew, NFS
2706722,B,60.6,B,65.2,Chow mein or chop suey, NS as to type of meat, with noodles
2706723,D,40.5,C,50.4,Paella, NFS
2706724,B,62.8,B,68.2,Chow mein or chop suey, various types of meat, with noodles
2706725,B,69.1,B,68.0,Stewed tripe, with potatoes, Puerto Rican style
2706726,B,67.4,B,64.3,Gumbo with rice
2706727,B,67.0,A,79.0,Jambalaya with meat and rice
2706728,A,77.1,A,81.3,Beef and vegetables including carrots, broccoli, and/or dark-green leafy; no potatoes, no sauce
2706729,B,63.1,B,66.8,Beef and vegetables excluding carrots, broccoli, and dark-green leafy; no potatoes, no sauce
2706730,A,80.7,A,88.4,Beef shish kabob with vegetables, excluding potatoes
2706731,B,70.6,B,68.6,Beef with vegetables including carrots, broccoli, and/or dark-green leafy; no potatoes, tomato-based sauce
2706732,A,82.7,A,89.5,Swiss steak
2706733,A,74.1,A,83.6,Beef rolls, stuffed with vegetables or meat mixture, tomato-based sauce
2706734,B,62.9,B,61.4,Beef with vegetables excluding carrots, broccoli, and dark-green leafy; no potatoes, tomato-based sauce
2706735,B,64.6,B,63.1,Beef with vegetables including carrots, broccoli, and/or dark-green leafy; no potatoes, mushroom sauce
2706736,C,54.1,C,54.8,Beef with vegetables excluding carrots, broccoli, and dark-green leafy; no potatoes, mushroom sauce
2706737,A,72.4,A,79.6,Beef and vegetables including carrots, broccoli, and/or dark-green leafy; no potatoes, soy-based sauce
2706738,B,66.0,A,72.5,Beef and broccoli
2706739,B,66.5,B,63.6,Beef, tofu, and vegetables including carrots, broccoli, and/or dark-green leafy; no potatoes, soy-based sauce
2706740,B,65.7,B,61.6,Szechuan beef
2706741,B,65.7,B,61.6,Hunan beef
2706742,A,81.0,A,81.0,Beef chow mein or chop suey, no noodles
2706743,B,70.2,A,81.9,Kung Pao beef
2706744,B,70.4,A,78.8,Beef and vegetables excluding carrots, broccoli, and dark-green leafy; no potatoes, soy-based sauce
2706745,B,64.0,B,62.1,Beef, tofu, and vegetables excluding carrots, broccoli,  and dark-green leafy; no potatoes, soy-based sauce
2706746,B,60.2,C,51.1,Beef and vegetables, Hawaiian style
2706747,B,71.6,A,79.4,Pepper steak
2706748,B,59.1,B,71.4,Beef, ground, with egg and onion
2706749,C,54.7,B,70.6,Beef salad
2706750,B,59.2,A,73.0,Beef taco filling: beef, cheese, tomato, taco sauce
2706751,A,72.0,A,74.7,Stir fried beef and vegetables in soy sauce
2706752,B,65.7,B,64.5,Beef and vegetables including carrots, broccoli, and/or dark-green leafy; no potatoes, gravy
2706753,C,53.7,C,55.1,Beef and vegetables excluding carrots, broccoli, and dark-green leafy; no potatoes, gravy
2706754,C,50.1,B,66.9,Beef steak with onions, Puerto Rican style
2706755,A,78.2,B,71.1,Cabbage with ham hocks
2706756,E,41.1,E,61.1,Ham or pork salad
2706757,E,25.3,E,35.6,Frankfurters or hot dogs and sauerkraut
2706758,A,75.3,A,79.7,Pork and vegetables including carrots, broccoli, and/or dark-green leafy; no potatoes, no sauce
2706759,A,82.8,B,66.1,Greens with ham or pork
2706760,B,65.3,B,62.0,Pork, tofu, and vegetables including carrots, broccoli, and/or dark-green leafy; no potatoes, soy-base sauce
2706761,A,72.2,B,66.6,Pork and vegetables, Hawaiian style
2706762,B,63.1,A,76.5,Pork and watercress with soy-based sauce
2706763,B,67.7,A,80.4,Kung Pao pork
2706764,B,58.7,B,66.0,Moo Shu pork, without Chinese pancake
2706765,B,62.1,B,70.0,Pork and onions with soy-based sauce
2706766,C,49.9,B,65.4,Pork hash
2706767,B,60.4,B,58.9,Ham and vegetables including carrots broccoli, and/or dark- green leafy; no potatoes, no sauce
2706768,D,43.8,D,45.6,Ham and vegetables excluding carrots, broccoli, and dark-green leafy; no potatoes, no sauce
2706769,B,62.7,B,66.9,Pork and vegetables excluding carrots, broccoli, and dark-green leafy; no potatoes, no sauce
2706770,B,62.6,B,60.4,Pork, tofu, and vegetables, excluding carrots, broccoli, and dark-green leafy; no potatoes, soy-based sauce
2706771,A,72.7,A,74.2,Pork chow mein or chop suey, no noodles
2706772,B,68.9,B,66.2,Pork and vegetables including carrots, broccoli, and/or dark-green leafy; no potatoes, tomato-based sauce
2706773,B,62.8,B,61.8,Pork and vegetables excluding  carrots, broccoli, and dark-green leafy; no potatoes, tomato-based sauce
2706774,C,56.8,C,51.8,Sausage and vegetables including  carrots, broccoli, and/or dark-green leafy; no potatoes, tomato-based sauce
2706775,D,41.8,D,39.9,Sausage and vegetables, excluding carrots, broccoli, and dark-green leafy; no potatoes, tomato-based sauce
2706776,D,43.5,B,63.5,Sausage and peppers, no sauce
2706777,B,70.0,A,76.1,Pork and vegetables including carrots, broccoli, and/or dark-green leafy; no potatoes, soy-based sauce
2706778,B,67.4,A,75.0,Pork and vegetables excluding carrots, broccoli, and dark- green leafy; no potatoes, soy-based sauce
2706779,A,78.8,A,87.2,Pork shish kabob with vegetables, excluding potatoes
2706780,B,62.1,A,72.5,Lamb shish kabob with vegetables, excluding potatoes
2706781,A,71.8,A,73.2,Chicken or turkey and vegetables including carrots, broccoli, and/or dark-green leafy; no potatoes, no sauce
2706782,C,57.1,B,59.3,Chicken or turkey and vegetables excluding carrots, broccoli, and dark-green leafy; no potatoes, no sauce
2706783,A,81.3,A,87.8,Chicken or turkey shish kabob with vegetables, excluding potatoes
2706784,A,83.5,A,90.0,Chicken or turkey creole, without rice
2706785,B,63.1,B,60.1,Chicken or turkey and vegetables including carrots, broccoli, and/or dark-green leafy; no potatoes, gravy
2706786,C,49.8,C,49.7,Chicken or turkey and vegetables excluding carrots, broccoli, and dark-green leafy; no potatoes, gravy
2706787,C,47.2,C,56.8,Chicken or turkey a la king with vegetables including carrots, broccoli, and/or dark-green leafy; no potatoes, cream, white, or soup-based sauce
2706788,D,41.5,C,52.0,Chicken or turkey a la king with vegetables excluding carrorts, broccoli, and dark-green leafy; no potatoes, cream, white, or soup-based sauce
2706789,A,79.2,A,87.7,Chicken or turkey divan
2706790,B,69.2,B,66.3,Chicken or turkey and vegetables including carrots, broccoli, and/or dark-green leafy; no potatoes, soy-based sauce
2706791,B,68.4,A,73.5,Chicken or turkey and vegetables excluding carrots, broccoli, and dark-green leafy; no potatoes, soy-based sauce
2706792,B,66.6,B,63.3,Chicken or turkey and vegetables including carrots, broccoli, and/or dark-green leafy; no potatoes, tomato-based sauce
2706793,B,60.0,B,58.5,Chicken or turkey and vegetables excluding carrots, broccoli, and dark-green leafy; no potatoes, tomato-based sauce
2706794,D,40.2,B,61.2,General Tso chicken
2706795,A,77.5,B,68.6,Moo Goo Gai Pan
2706796,B,65.9,B,69.2,Kung pao chicken
2706797,B,71.2,A,83.0,Almond chicken
2706798,A,75.5,A,74.1,Chicken or turkey chow mein or chop suey, no noodles
2706799,D,45.5,B,64.7,Chicken or turkey salad, made with mayonnaise
2706800,C,47.4,B,65.1,Chicken or turkey salad with nuts and/or fruits
2706801,C,46.6,B,65.4,Chicken or turkey salad with egg
2706802,B,62.3,A,74.4,Chicken or turkey salad, made with light mayonnaise
2706803,B,62.6,A,74.7,Chicken or turkey salad, made with mayonnaise-type salad dressing
2706804,B,62.3,A,74.4,Chicken or turkey salad, made with light mayonnaise-type salad dressing
2706805,C,53.8,B,69.3,Chicken or turkey salad, made with creamy dressing
2706806,B,67.5,A,78.0,Chicken or turkey salad, made with light creamy dressing
2706807,B,62.2,A,74.4,Chicken or turkey salad, made with Italian dressing
2706808,A,72.1,A,81.3,Chicken or turkey salad, made with light Italian dressing
2706809,B,70.5,A,79.8,Chicken or turkey salad, made with any type of fat free dressing
2706810,A,86.6,A,82.8,Chicken or turkey garden salad, chicken and/or turkey, tomato and/or carrots, other vegetables, no dressing
2706811,A,87.4,A,85.3,Chicken or turkey garden salad, chicken and/or turkey, other vegetables excluding tomato and carrots, no dressing
2706812,A,77.4,A,80.2,Chicken or turkey garden salad with bacon and cheese, chicken and/or turkey, bacon, cheese, lettuce and/or greens, tomato and/or carrots, other vegetables, no dressing
2706813,B,61.3,B,58.8,Chicken or turkey, breaded, fried, garden salad with bacon and cheese, chicken and/or turkey, bacon, cheese, lettuce and/or greens, tomato and/or carrots, other vegetables, no dressing
2706814,A,79.4,A,79.4,Chicken or turkey garden salad with cheese, chicken and/or turkey, cheese, lettuce and/or greens, tomato and/or carrots, other vegetables, no dressing
2706815,B,61.7,B,58.6,Chicken or turkey, breaded, fried, garden salad with cheese, chicken and/or turkey, cheese, lettuce and/or greens, tomato and/or carrots, other vegetables, no dressing
2706816,A,75.4,A,80.6,Asian chicken or turkey garden salad, chicken and/or turkey, lettuce, fruit, nuts, no dressing
2706817,A,75.3,A,77.1,Asian chicken or turkey garden salad with crispy noodles, chicken and/or turkey, lettuce, fruit, nuts, crispy noodles, no dressing
2706818,A,83.6,A,76.6,Chicken or turkey caesar garden salad, chicken and/or turkey, lettuce, tomato, cheese, no dressing
2706819,B,62.8,B,58.4,Chicken or turkey, breaded, fried, caesar garden salad, chicken and/or turkey, lettuce, tomatoes, cheese, no dressing
2706820,B,68.1,B,70.5,Chicken or turkey and vegetables including carrots, broccoli, and/or dark-green leafy; no potatoes, cheese sauce
2706821,C,57.0,B,61.7,Chicken or turkey and vegetables excluding carrots, broccoli, and dark-green leafy; no potatoes, cheese sauce
2706822,B,63.4,A,76.9,Chicken or turkey fricassee, with sauce, no potatoes, potatoes reported separately, Puerto Rican style
2706823,B,71.5,A,80.3,Chicken or turkey fricassee, no sauce, no potatoes, Puerto Rican style
2706824,D,41.0,C,51.8,Crab salad
2706825,D,42.5,C,54.7,Lobster salad
2706826,D,40.6,C,55.3,Salmon salad
2706827,A,81.1,A,75.5,Shrimp chow mein or chop suey, no noodles
2706828,D,40.0,C,52.5,Tuna salad, made with mayonnaise
2706829,B,63.2,B,65.6,Tuna salad, made with light mayonnaise
2706830,B,63.5,B,66.2,Tuna salad, made with mayonnaise-type salad dressing
2706831,B,63.2,B,65.6,Tuna salad, made with light mayonnaise-type salad dressing
2706832,C,50.9,B,58.4,Tuna salad, made with creamy dressing
2706833,A,74.1,A,72.6,Tuna salad, made with light creamy dressing
2706834,B,63.1,B,65.6,Tuna salad, made with Italian dressing
2706835,A,77.2,A,75.0,Tuna salad, made with light Italian dressing
2706836,A,75.7,A,73.1,Tuna salad, made with any type of fat free dressing
2706837,D,41.9,C,55.4,Shrimp salad
2706838,D,41.3,C,53.4,Seafood salad
2706839,D,40.9,C,56.6,Tuna salad with cheese
2706840,D,42.2,C,54.6,Tuna salad with egg
2706841,A,82.6,A,75.2,Shrimp garden salad, shrimp, lettuce, eggs, tomato and/or carrots, other vegetables, no dressing
2706842,A,83.1,A,77.0,Shrimp garden salad, shrimp, lettuce, eggs, vegetables excluding tomato and carrots, no dressing
2706843,E,17.5,E,21.7,Crab salad made with imitation crab
2706844,D,38.7,D,38.7,Fish, tofu, and vegetables, tempura
2706845,A,85.9,A,75.4,Seafood garden salad with seafood, lettuce, vegetables excluding tomato and carrots, no dressing
2706846,A,85.0,A,73.3,Seafood garden salad with seafood, lettuce, tomato and/or carrots, other vegetables, no dressing
2706847,A,83.0,A,75.9,Seafood garden salad with seafood, lettuce, eggs, vegetables excluding tomato and carrots, no dressing
2706848,A,82.6,A,74.2,Seafood garden salad with seafood, lettuce, eggs, tomato and/or carrots, other vegetables, no dressing
2706849,B,63.8,B,63.4,Oysters Rockefeller
2706850,A,82.1,A,72.7,Lomi salmon
2706851,A,73.2,A,73.7,Shrimp and vegetables including carrots, broccoli, and/or dark-green leafy; no potatoes, no sauce
2706852,B,68.4,B,69.9,Shrimp and vegetables excluding carrots, broccoli, and dark-green leafy; no potatoes, no sauce
2706853,A,72.5,A,72.5,Shrimp and vegetables including carrots, broccoli, and/or dark-green leafy; no potatoes, soy-based sauce
2706854,B,71.4,A,72.4,Shrimp and vegetables excluding carrots, broccoli, and dark-green leafy; no potatoes, soy-based sauce
2706855,A,84.5,A,84.8,Shrimp shish kabob with vegetables, excluding potatoes
2706856,A,81.7,A,89.5,Shrimp creole, no rice
2706857,A,72.6,A,84.1,Kung Pao shrimp
2706858,B,61.3,B,62.9,Tuna casserole with vegetables and mushroom sauce, no noodles
2706859,A,72.4,A,73.3,Shellfish mixture and vegetables including carrots, broccoli, and/or dark-green leafy; no potatoes, soy-based sauce
2706860,B,71.5,A,73.3,Shellfish mixture and vegetables excluding carrots, broccoli, and dark-green leafy; no potatoes, soy-based sauce
2706861,B,62.8,B,58.0,Shellfish mixture and vegetables including carrots, broccoli, and/or dark-green leafy; no potatoes, mushroom sauce
2706862,C,54.6,C,51.7,Shellfish mixture and vegetables excluding carrots, broccoli, and dark-green leafy; no potatoes, mushroom sauce
2706863,B,66.5,B,60.7,Fish and vegetables including carrots, broccoli, and/or dark-green leafy; no potatoes, tomato-based sauce
2706864,B,61.3,C,56.9,Fish and vegetables excluding carrots, broccoli, and dark- green leafy; no potatoes, tomato-based sauce
2706865,B,71.0,B,67.5,Fish and vegetables including carrots, broccoli, and/or dark-green leafy; no potatoes, soy-based sauce
2706866,B,69.0,B,66.6,Fish and vegetables excluding  carrots, broccoli, and dark-green leafy; no potatoes, soy-based sauce
2706867,A,83.4,A,78.8,Fish shish kabob with vegetables, excluding potatoes
2706868,B,62.9,A,72.4,Fried fish with sauce, Puerto Rican style
2706869,B,62.7,B,70.1,Lobster with sauce, Puerto Rican style
2706870,B,60.5,B,67.5,Octopus salad, Puerto Rican style
2706871,D,37.2,D,43.0,Codfish salad, Puerto Rican style, Serenata
2706872,A,75.5,A,74.1,Chow mein or chop suey, NS as to type of meat, no noodles
2706873,B,68.1,A,78.6,Lau lau
2706874,B,62.9,A,72.1,Antipasto with ham, fish, cheese, vegetables
2706875,B,66.0,A,80.9,Livers, chicken, chopped, with eggs and onion
2706876,A,85.9,A,92.5,Liver, beef or calves, and onions
2706877,D,39.6,C,49.8,Stewed chitterlings, Puerto Rican style
2706878,A,78.0,A,86.6,Stewed gizzards, Puerto Rican style
2706879,B,70.6,B,67.3,Gumbo, no rice
2706880,C,47.1,B,66.4,Sandwich, NFS
2706881,C,45.7,B,63.6,Sandwich wrap, NFS
2706882,C,52.6,B,69.2,Barbecue sandwich, NFS
2706883,C,55.6,B,67.1,Sloppy joe sandwich, on white bun
2706884,B,61.9,A,72.7,Sloppy joe sandwich, on wheat bun
2706885,C,55.1,B,70.6,Barbecue beef sandwich, on white bun
2706886,B,59.7,A,74.0,Barbecue beef sandwich, on wheat bun
2706887,C,48.5,B,67.2,Cheeseburger slider, from fast food
2706888,C,50.6,B,67.9,Cheeseburger, NFS
2706889,C,48.6,B,67.1,Cheeseburger, from fast food, 1 small patty
2706890,C,47.3,B,66.6,Cheeseburger (Burger King)
2706891,D,45.5,B,62.1,Whopper Jr with cheese (Burger King)
2706892,D,43.1,B,63.5,Cheeseburger (McDonalds)
2706893,B,67.6,A,80.0,Cheeseburger, from school cafeteria
2706894,C,50.8,B,68.0,Cheeseburger slider
2706895,C,49.9,B,67.6,Cheeseburger, on white bun, 1 small patty
2706896,C,55.0,B,71.2,Cheeseburger, on wheat bun, 1 small patty
2706897,C,50.6,B,67.9,Cheeseburger, from fast food, 1 medium patty
2706898,C,50.0,B,67.6,Quarter Pounder (McDonalds)
2706899,D,43.7,B,64.1,Whopper with cheese (Burger King)
2706900,D,45.0,B,64.2,Quarter Pounder with cheese (McDonalds)
2706901,C,50.6,B,67.9,Cheeseburger, on white bun, 1 medium patty
2706902,C,55.5,B,71.3,Cheeseburger, on wheat bun, 1 medium patty
2706903,C,51.3,B,68.1,Cheeseburger, on white bun, 1 large patty
2706904,C,55.0,B,70.7,Cheeseburger, on wheat bun, 1 large patty
2706905,C,52.5,B,68.6,Double cheeseburger, on white bun, 2 small patties
2706906,C,55.3,B,70.6,Double cheeseburger, on wheat bun, 2 small patties
2706907,C,52.4,B,68.5,Double cheeseburger, on white bun, 2 medium patties
2706908,C,54.9,B,70.2,Double cheeseburger, on wheat bun, 2 medium patties
2706909,C,51.3,B,68.1,Cheeseburger, from fast food, 1 large patty
2706910,C,53.1,B,68.7,Double cheeseburger, on white bun, 2 large patties
2706911,C,54.9,B,70.0,Double cheeseburger, on wheat bun, 2 large patties
2706912,C,50.7,B,67.9,Double cheeseburger, from fast food, 2 small patties
2706913,C,49.1,B,67.3,Double cheeseburger (Burger King)
2706914,C,46.6,B,65.4,Double cheeseburger (McDonalds)
2706915,C,46.6,B,65.4,McDouble (McDonalds)
2706916,D,38.3,C,56.8,Big Mac (McDonalds)
2706917,C,52.4,B,68.5,Double cheeseburger, from fast food, 2 medium patties
2706918,C,53.1,B,68.7,Double cheeseburger, from fast food, 2 large patties
2706919,C,48.5,B,67.2,Hamburger slider, from fast food
2706920,C,50.8,B,68.0,Hamburger, NFS
2706921,C,48.6,B,67.2,Hamburger, from fast food, 1 small patty
2706922,C,48.2,B,67.2,Hamburger (Burger King)
2706923,D,43.9,B,57.6,Whopper Jr (Burger King)
2706924,C,47.0,B,66.6,Hamburger (McDonalds)
2706925,B,67.6,A,80.2,Hamburger, from school cafeteria
2706926,C,51.4,B,68.3,Hamburger slider
2706927,C,50.3,B,67.9,Hamburger, on white bun, 1 small patty
2706928,C,56.8,A,72.3,Hamburger, on wheat bun, 1 small patty
2706929,C,50.8,B,68.0,Hamburger, from fast food, 1 medium patty
2706930,C,52.0,B,68.4,Hamburger, from fast food, 1 large patty
2706931,D,43.2,B,58.6,Whopper (Burger King)
2706932,C,50.8,B,68.0,Hamburger, on white bun, 1 medium patty
2706933,C,56.7,A,72.1,Hamburger, on wheat bun, 1 medium patty
2706934,C,52.0,B,68.4,Hamburger, on white bun, 1 large patty
2706935,C,56.4,B,71.5,Hamburger, on wheat bun, 1 large patty
2706936,C,53.0,B,68.8,Double hamburger, on white bun, 2 small patties
2706937,C,55.8,B,70.9,Double hamburger, on wheat bun, 2 small patties
2706938,C,53.2,B,68.9,Double hamburger, on white bun, 2 medium patties
2706939,C,55.9,B,70.8,Double hamburger, on wheat bun, 2 medium patties
2706940,C,53.8,B,69.1,Double hamburger, on white bun, 2 large patties
2706941,C,55.9,B,70.6,Double hamburger, on wheat bun, 2 large patties
2706942,C,51.3,B,68.2,Double hamburger, from fast food, 2 small patties
2706943,C,53.2,B,68.9,Double hamburger, from fast food, 2 medium patties
2706944,C,53.8,B,69.1,Double hamburger, from fast food, 2 large patties
2706945,C,50.0,B,63.4,Meatball sandwich or sub
2706946,C,50.0,B,64.8,Meatloaf sandwich
2706947,C,54.5,B,71.0,Chiliburger, with or without cheese, on bun
2706948,D,44.4,B,64.2,Corned beef sandwich on white
2706949,D,45.1,B,64.6,Corned beef sandwich on white, with cheese
2706950,C,49.4,B,67.6,Corned beef sandwich on wheat
2706951,C,49.1,B,67.4,Corned beef sandwich on wheat, with cheese
2706952,E,30.8,C,47.4,Reuben sandwich
2706953,B,62.5,A,76.5,Roast beef sandwich on white
2706954,B,59.4,A,74.3,Roast beef sandwich on white, with cheese
2706955,B,67.8,A,80.2,Roast beef sandwich on wheat
2706956,B,63.9,A,77.5,Roast beef sandwich on wheat, with cheese
2706957,B,62.3,A,76.0,French dip sandwich
2706958,B,62.4,A,76.1,Steak sandwich or sub on white
2706959,B,67.0,A,79.3,Steak sandwich or sub on wheat
2706960,B,59.7,A,74.2,Cheese steak sandwich or sub on white
2706961,B,63.4,A,76.8,Cheese steak sandwich or sub on wheat
2706962,C,51.8,B,63.6,Gyro sandwich
2706963,C,46.6,B,65.3,Hamburger wrap sandwich, from fast food
2706964,C,58.3,A,72.2,Ham sandwich on white
2706965,C,56.1,A,71.9,Ham sandwich on white, with cheese
2706966,B,65.1,A,78.1,Ham sandwich on wheat
2706967,B,61.3,A,75.6,Ham sandwich on wheat, with cheese
2706968,B,60.5,A,74.4,Ham sandwich or sub, restaurant
2706969,C,57.1,A,72.2,Ham sandwich or sub, with cheese, restaurant
2706970,C,47.9,B,66.3,Ham sandwich wrap
2706971,D,39.3,B,57.3,Ham salad sandwich on white
2706972,D,43.2,B,61.6,Ham salad sandwich on wheat
2706973,C,56.0,B,71.3,Cuban sandwich
2706974,C,53.0,B,70.1,Barbecue rib sandwich
2706975,C,50.4,B,67.8,Barbecue pork sandwich, on white bun
2706976,C,55.6,B,71.5,Barbecue pork sandwich, on wheat bun
2706977,B,65.3,A,78.0,Pork sandwich
2706978,B,62.7,A,76.2,Pork sandwich, with cheese
2706979,D,45.3,B,59.6,Bacon, lettuce, tomato sandwich on white
2706980,C,53.4,B,68.1,Bacon, lettuce, tomato sandwich on wheat
2706981,C,54.4,B,67.4,Turkey sandwich on white
2706982,C,53.5,B,70.5,Turkey sandwich on white, with cheese
2706983,B,62.4,A,75.7,Turkey sandwich on wheat
2706984,B,59.5,A,74.5,Turkey sandwich on wheat, with cheese
2706985,C,56.6,B,69.4,Turkey sandwich or sub, restaurant
2706986,C,54.7,B,70.9,Turkey sandwich or sub, with cheese, restaurant
2706987,C,45.7,B,63.6,Turkey sandwich wrap
2706988,B,60.9,A,74.5,Chicken deli sandwich or sub, restaurant
2706989,C,57.6,A,72.4,Chicken deli sandwich or sub, with cheese, restaurant
2706990,D,44.1,B,62.2,Chicken salad sandwich on white
2706991,C,49.2,B,67.7,Chicken salad sandwich on wheat
2706992,D,41.2,B,61.5,Chicken salad sandwich wrap
2706993,C,53.5,B,69.4,Club sandwich on white
2706994,C,52.4,B,68.8,Club sandwich on white, with cheese
2706995,B,58.9,A,73.2,Club sandwich on wheat
2706996,C,57.0,A,72.0,Club sandwich on wheat, with cheese
2706997,C,53.6,B,69.4,Club sandwich or sub, restaurant
2706998,B,62.3,A,75.7,Barbecue chicken sandwich, on white bun
2706999,B,67.0,A,79.1,Barbecue chicken sandwich, on wheat bun
2707000,D,41.3,B,60.3,Chicken fillet sandwich, NFS
2707001,B,62.7,A,77.9,Chicken fillet sandwich, from school cafeteria
2707002,E,28.1,E,47.2,Chicken fillet biscuit, from fast food
2707003,D,41.3,B,60.3,Chicken fillet sandwich, fried, from fast food
2707004,D,43.3,B,64.2,Chicken fillet sandwich, fried, from fast food, with cheese
2707005,B,71.3,A,81.5,Chicken fillet sandwich, grilled, from fast food
2707006,B,68.5,A,79.6,Chicken fillet sandwich, grilled, from fast food, with cheese
2707007,D,41.3,B,60.3,Chicken fillet sandwich, NS as to fried or grilled, from fast food
2707008,D,45.2,B,63.6,Chicken fillet sandwich, fried, on white bun
2707009,C,46.7,B,66.9,Chicken fillet sandwich, fried, on white bun; with cheese
2707010,C,51.8,B,70.1,Chicken fillet sandwich, fried, on wheat bun
2707011,C,51.3,B,70.1,Chicken fillet sandwich, fried, on wheat bun, with cheese
2707012,A,73.4,A,83.0,Chicken fillet sandwich, grilled, on white bun
2707013,B,70.3,A,80.9,Chicken fillet sandwich, grilled, on white bun, with cheese
2707014,A,76.5,A,85.3,Chicken fillet sandwich, grilled, on wheat bun
2707015,A,73.4,A,83.2,Chicken fillet sandwich, grilled, on wheat bun, with cheese
2707016,D,39.5,B,60.3,Chicken fillet wrap sandwich, fried, from fast food
2707017,B,65.3,A,77.3,Chicken fillet wrap sandwich, grilled, from fast food
2707018,B,68.3,A,79.7,Turkey or chicken burger, on white bun
2707019,A,72.4,A,82.8,Turkey or chicken burger, on wheat bun
2707020,C,54.8,A,71.6,Fish sandwich, fried, from fast food
2707021,C,53.4,B,70.5,Fish sandwich, fried, from fast food, with cheese
2707022,C,54.1,B,70.5,Crab cake sandwich
2707023,C,49.7,B,69.3,Salmon cake sandwich
2707024,C,48.6,B,63.4,Fried seafood sandwich
2707025,B,68.6,A,81.3,Fish sandwich, from school cafeteria
2707026,C,53.4,B,70.5,Fish sandwich, NFS
2707027,C,55.4,A,72.1,Fish sandwich, fried, on white bun
2707028,C,54.2,B,71.2,Fish sandwich, fried, on white bun, with cheese
2707029,B,61.9,A,76.5,Fish sandwich, fried, on wheat bun
2707030,B,59.5,A,74.8,Fish sandwich, fried, on wheat bun, with cheese
2707031,B,70.5,A,81.6,Fish sandwich, grilled
2707032,C,49.6,B,68.0,Fish wrap sandwich
2707033,B,71.0,A,82.9,Sardine sandwich
2707034,D,40.1,C,53.0,Tuna salad sandwich on white
2707035,D,41.6,C,57.0,Tuna salad sandwich on white, with cheese
2707036,D,45.1,B,58.3,Tuna salad sandwich on wheat
2707037,C,46.0,B,61.8,Tuna salad sandwich on wheat, with cheese
2707038,D,36.6,C,52.4,Tuna salad sandwich wrap
2707039,D,40.9,C,53.7,Seafood salad sandwich
2707040,E,30.4,D,46.4,Bologna sandwich on white
2707041,D,34.7,C,53.6,Bologna sandwich on white, with cheese
2707042,D,35.9,C,52.9,Bologna sandwich on wheat
2707043,D,39.1,B,58.8,Bologna sandwich on wheat, with cheese
2707044,E,28.1,D,41.2,Corn dog
2707045,E,28.9,E,49.3,Pig in a blanket
2707046,E,37.9,E,59.7,Salami sandwich on white
2707047,D,39.3,B,60.6,Salami sandwich on white, with cheese
2707048,D,41.9,B,62.2,Salami sandwich on wheat
2707049,D,42.6,B,62.7,Salami sandwich on wheat, with cheese
2707050,E,39.5,E,60.6,Italian sandwich on white
2707051,D,42.3,B,62.3,Italian sandwich on wheat
2707052,E,39.6,E,60.5,Italian sandwich or sub, restaurant
2707053,D,40.4,B,61.7,Italian sausage sandwich on white
2707054,D,45.1,B,64.8,Italian sausage sandwich on wheat
2707055,E,28.9,E,45.2,Spam sandwich
2707056,E,29.0,E,47.6,Hot dog sandwich, NFS, on white bun
2707057,D,33.2,C,52.7,Hot dog sandwich, NFS, on wheat bun
2707058,E,28.5,E,47.6,Hot dog sandwich, NFS, on white bread
2707059,E,30.9,E,51.0,Hot dog sandwich, NFS, on wheat bread
2707060,E,29.0,E,47.6,Hot dog sandwich, beef, on white bun
2707061,D,33.2,C,52.7,Hot dog sandwich, beef, on wheat bun
2707062,E,28.5,E,47.6,Hot dog sandwich, beef, on white bread
2707063,E,30.9,E,51.0,Hot dog sandwich, beef, on wheat bread
2707064,E,31.0,D,46.7,Hot dog sandwich, meat and poultry, on white bun
2707065,D,36.5,C,52.7,Hot dog sandwich, meat and poultry, on wheat bun
2707066,E,30.3,D,45.9,Hot dog sandwich, meat and poultry, on white bread
2707067,D,33.6,C,50.1,Hot dog sandwich, meat and poultry, on wheat bread
2707068,D,38.4,C,54.9,Hot dog sandwich, turkey, on white bun
2707069,C,45.8,B,62.3,Hot dog sandwich, turkey, on wheat bun
2707070,D,39.6,C,56.0,Hot dog sandwich, turkey, on white bread
2707071,D,43.8,B,60.6,Hot dog sandwich, turkey, on wheat bread
2707072,D,39.6,B,57.5,Hot dog sandwich, reduced fat, on white bun
2707073,C,46.0,B,63.8,Hot dog sandwich, reduced fat, on wheat bun
2707074,D,41.0,B,58.9,Hot dog sandwich, reduced fat, on white bread
2707075,D,44.8,B,63.2,Hot dog sandwich, reduced fat, on wheat bread
2707076,B,59.9,A,75.2,Hot dog sandwich, vegetarian, on bun
2707077,B,63.6,A,77.4,Hot dog sandwich, vegetarian, on bread
2707078,D,35.4,C,49.3,Chili hot dog sandwich, on white bun
2707079,D,39.4,C,53.4,Chili hot dog sandwich, on wheat bun
2707080,D,35.6,C,49.2,Chili hot dog sandwich, on white bread
2707081,D,38.1,C,52.0,Chili hot dog sandwich, on wheat bread
2707082,C,55.0,B,69.6,Multiple meat sandwich on white
2707083,C,53.5,B,69.9,Multiple meat sandwich on white, with cheese
2707084,B,60.7,A,74.8,Multiple meat sandwich on wheat
2707085,C,58.4,A,73.3,Multiple meat sandwich on wheat, with cheese
2707086,C,56.1,B,70.8,Multiple meat sandwich or sub, restaurant
2707087,C,54.3,B,70.1,Multiple meat sandwich or sub, with cheese, restaurant
2707088,C,47.1,B,65.6,Multiple meat sandwich wrap
2707089,B,59.9,A,73.3,Turkey and ham sandwich on white
2707090,C,57.5,A,72.3,Turkey and ham sandwich on white, with cheese
2707091,B,65.4,A,77.8,Turkey and ham sandwich on wheat
2707092,B,62.1,A,75.7,Turkey and ham sandwich on wheat, with cheese
2707093,B,61.4,A,74.5,Turkey and ham sandwich or sub, restaurant
2707094,C,58.3,A,72.6,Turkey and ham sandwich or sub, with cheese, restaurant
2707095,D,39.1,D,42.5,Frozen dinner, NFS
2707096,D,39.1,D,42.5,Beef dinner, NFS, frozen meal
2707097,B,70.8,A,74.8,Beef with vegetable, diet frozen meal
2707098,D,39.1,D,42.5,Salisbury steak dinner, NFS, frozen meal
2707099,D,39.1,D,42.5,Salisbury steak with gravy, potatoes, vegetable, frozen meal
2707100,D,39.7,D,43.9,Salisbury steak with gravy, whipped potatoes, vegetable, dessert, frozen meal
2707101,D,44.7,C,57.1,Salisbury steak with gravy, macaroni and cheese, frozen meal
2707102,B,60.0,B,60.6,Beef, sliced, with gravy, potatoes, vegetable, frozen meal
2707103,B,64.0,B,66.8,Meatballs, Swedish, in gravy, with noodles, diet frozen meal
2707104,B,60.3,B,57.9,Beef with spaetzle or rice, vegetable, frozen meal
2707105,B,62.1,B,63.0,Chicken dinner, NFS, frozen meal
2707106,C,48.4,B,57.4,Chicken, fried, with potatoes, vegetable, frozen meal
2707107,C,51.7,B,62.1,Chicken patty, or nuggets, boneless, breaded, potatoes, vegetable, frozen meal
2707108,D,43.1,C,56.7,Chicken, fried, with potatoes, vegetable, dessert, frozen meal, large meat portion
2707109,D,43.7,D,42.2,Teriyaki chicken with rice and vegetable, diet frozen meal
2707110,B,62.8,B,65.6,Chicken with rice and vegetable, diet frozen meal
2707111,B,68.6,A,72.9,Chicken and vegetables au gratin with rice, diet frozen entree
2707112,C,53.3,B,62.6,Chicken and vegetable entree with rice, diet frozen meal
2707113,B,65.7,B,68.8,Chicken with noodles and cheese sauce, diet frozen meal
2707114,A,74.2,B,68.3,Chicken and vegetable entree with noodles, diet frozen meal
2707115,C,55.0,C,52.0,Chicken in soy-based sauce, rice and vegetables, frozen meal
2707116,B,62.1,B,63.0,Chicken and vegetable entree with noodles and cream sauce, frozen meal
2707117,A,74.9,A,73.6,Turkey with vegetable, stuffing, diet frozen meal
2707118,C,52.0,C,51.8,Turkey with gravy, dressing, potatoes, vegetable, frozen meal
2707119,C,48.8,D,43.8,Fish in lemon-butter sauce with starch item, vegetable, frozen meal
2707120,B,64.3,C,55.5,Shrimp and vegetables in sauce with noodles, diet frozen meal
2707121,C,47.4,C,47.9,Meat loaf dinner, NFS, frozen meal
2707122,C,47.4,C,47.9,Meat loaf with potatoes, vegetable, frozen meal
2707123,B,68.7,C,49.3,Soup, meatball
2707124,C,49.5,D,43.1,Soup, pho, with meat
2707125,C,58.2,D,36.4,Soup, pho, no meat
2707126,C,47.3,D,36.5,Soup, pepperpot
2707127,A,72.5,C,49.7,Soup, beef, canned
2707128,B,68.8,B,58.7,Soup, sopa or caldo de res
2707129,A,71.8,C,53.0,Soup, pozole
2707130,B,68.7,C,52.8,Soup, Italian wedding
2707131,B,71.5,C,52.5,Soup, pork or ham
2707132,C,50.7,E,28.1,Soup, broth
2707133,A,74.5,C,51.4,Soup, chicken, canned
2707134,A,76.3,C,56.7,Soup, chicken
2707135,A,77.4,B,65.3,Soup, sopa or caldo de pollo
2707136,C,55.1,D,36.8,Soup, hot and sour
2707137,C,52.3,D,42.6,Soup, cream of chicken
2707138,A,76.2,C,54.0,Soup, Manhattan clam chowder
2707139,C,48.0,D,37.4,Soup, New England clam chowder
2707140,C,54.0,D,38.8,Soup, bisque
2707141,A,77.5,B,65.6,Lobster gumbo
2707142,A,77.5,B,66.5,Shrimp gumbo
2707143,A,79.4,C,56.0,Soup, fish or shrimp
2707144,E,45.6,E,25.0,Gravy, poultry
2707145,E,49.9,E,36.3,Gravy, beef
2707146,E,49.9,E,36.3,Gravy, beef, fat free
2707147,E,45.6,E,25.0,Gravy, poultry, fat free
2707148,E,46.3,E,25.7,Gravy, made with soy sauce
2707149,E,49.9,E,36.3,Gravy, NFS
2707150,E,45.8,E,27.0,Oyster sauce
2707151,E,37.7,E,22.3,Mole sauce
2707152,A,71.9,A,80.6,Egg, whole, raw
2707153,B,62.0,A,72.9,Egg, whole, cooked, NS as to cooking method
2707154,A,71.9,A,80.6,Egg, whole, boiled or poached
2707155,C,57.0,B,69.1,Egg, whole, fried, NS as to fat
2707156,B,70.8,A,79.6,Egg, whole, fried no added fat
2707157,B,63.1,A,73.1,Egg, whole, fried with margarine
2707158,C,56.3,B,69.0,Egg, whole, fried with oil
2707159,C,54.1,B,66.4,Egg, whole, fried with butter
2707160,C,51.9,B,65.3,Egg, whole, fried with animal fat or meat drippings
2707161,B,68.7,A,77.8,Egg, whole, fried with cooking spray
2707162,C,57.0,B,69.1,Egg, whole, fried, NS as to fat type
2707163,C,56.3,B,69.0,Egg, whole, fried, from fast food / restaurant
2707164,C,57.0,B,69.1,Egg, whole, baked, NS as to fat
2707165,B,70.8,A,79.6,Egg, whole, baked, no added fat
2707166,C,57.0,B,69.1,Egg, whole, baked, fat added
2707167,B,64.3,A,75.0,Egg, whole, pickled
2707168,A,85.6,A,82.9,Egg, white only, raw
2707169,B,63.9,B,66.2,Egg, white, cooked, NS as to fat
2707170,A,83.2,A,80.8,Egg, white, cooked, no added fat
2707171,B,63.9,B,66.2,Egg, white, cooked, fat added
2707172,C,52.6,A,72.9,Egg, yolk only, raw
2707173,C,46.4,B,69.0,Egg, yolk only, cooked, NS as to fat
2707174,C,52.1,A,72.5,Egg, yolk only, cooked, no added fat
2707175,C,46.4,B,69.0,Egg, yolk only, cooked, fat added
2707176,C,54.5,B,69.7,Duck egg, cooked
2707177,C,57.7,A,74.0,Goose egg, cooked
2707178,B,71.2,A,81.9,Quail egg, canned
2707179,D,45.1,C,49.5,Egg, creamed
2707180,D,39.9,B,61.9,Egg, Benedict
2707181,C,46.8,B,61.1,Egg, deviled
2707182,D,32.3,C,49.1,Egg salad, made with mayonnaise
2707183,C,46.0,C,56.2,Egg salad, made with light mayonnaise
2707184,C,46.6,C,56.9,Egg salad, made with mayonnaise-type salad dressing
2707185,C,46.0,C,56.2,Egg salad, made with light mayonnaise-type salad dressing
2707186,D,38.2,C,52.2,Egg salad, made with creamy dressing
2707187,C,53.2,B,61.1,Egg salad, made with light creamy dressing
2707188,C,46.1,C,56.2,Egg salad, made with Italian dressing
2707189,C,57.4,B,63.5,Egg salad, made with light Italian dressing
2707190,C,55.6,B,61.3,Egg Salad, made with any type of fat free dressing
2707191,C,57.9,C,55.6,Huevos rancheros
2707192,C,53.4,B,64.8,Egg casserole with bread, cheese, milk and meat
2707193,A,72.6,A,78.7,Egg foo yung, NFS
2707194,B,70.0,A,79.5,Chicken egg foo yung
2707195,B,69.7,A,80.9,Pork egg foo yung
2707196,A,72.6,A,78.7,Shrimp egg foo yung
2707197,B,71.4,A,82.0,Beef egg foo yung
2707198,C,57.0,B,69.1,Egg omelet or scrambled egg, NS as to fat
2707199,B,63.1,A,73.1,Egg omelet or scrambled egg, made with margarine
2707200,C,56.3,B,69.0,Egg omelet or scrambled egg, made with oil
2707201,C,54.1,B,66.4,Egg omelet or scrambled egg, made with butter
2707202,C,51.9,B,65.3,Egg omelet or scrambled egg, made with animal fat or meat drippings
2707203,B,68.7,A,77.8,Egg omelet or scrambled egg, made with cooking spray
2707204,C,57.0,B,69.1,Egg omelet or scrambled egg, NS as to fat type
2707205,B,70.8,A,79.6,Egg omelet or scrambled egg, no added fat
2707206,C,56.3,B,69.0,Egg omelet or scrambled egg, from fast food / restaurant
2707207,B,60.1,A,74.0,Egg omelet or scrambled egg, with cheese, made with margarine
2707208,C,55.0,B,70.7,Egg omelet or scrambled egg, with cheese, made with oil
2707209,C,53.0,B,68.9,Egg omelet or scrambled egg, with cheese, made with butter
2707210,C,51.4,B,68.0,Egg omelet or scrambled egg, with cheese, made with animal fat or meat drippings
2707211,B,65.6,A,78.7,Egg omelet or scrambled egg, with cheese, made with cooking spray
2707212,B,66.9,A,79.6,Egg omelet or scrambled egg, with cheese, no added fat
2707213,C,57.2,A,71.7,Egg omelet or scrambled egg, with meat, NS as to fat
2707214,B,62.5,A,75.3,Egg omelet or scrambled egg, with meat, made with margarine
2707215,C,56.6,A,71.6,Egg omelet or scrambled egg, with meat, made with oil
2707216,C,54.2,B,69.0,Egg omelet or scrambled egg, with meat, made with butter
2707217,C,52.4,B,68.0,Egg omelet or scrambled egg, with meat, made with animal fat or meat drippings
2707218,B,67.0,A,79.2,Egg omelet or scrambled egg, with meat, made with cooking spray
2707219,C,57.2,A,71.7,Egg omelet or scrambled egg, with meat, NS as to fat type
2707220,B,68.4,A,80.1,Egg omelet or scrambled egg, with meat, no added fat
2707221,C,55.8,A,72.6,Egg omelet or scrambled egg, with cheese and meat, NS as to fat
2707222,B,60.4,A,75.7,Egg omelet or scrambled egg, with cheese and meat, made with margarine
2707223,C,55.6,A,72.7,Egg omelet or scrambled egg, with cheese and meat, made with oil
2707224,C,53.1,B,70.2,Egg omelet or scrambled egg, with cheese and meat, made with butter
2707225,C,51.6,B,69.1,Egg omelet or scrambled egg, with cheese and meat, made with animal fat or meat drippings
2707226,B,63.8,A,77.3,Egg omelet or scrambled egg, with cheese and meat, made with cooking spray
2707227,C,55.8,A,72.6,Egg omelet or scrambled egg, with cheese and meat, NS as to fat type
2707228,B,65.1,A,78.0,Egg omelet or scrambled egg, with cheese and meat, no added fat
2707229,C,58.4,B,66.5,Egg omelet or scrambled egg, with tomatoes, fat added
2707230,B,70.8,A,75.6,Egg omelet or scrambled egg, with tomatoes, no added fat
2707231,C,58.4,B,66.5,Egg omelet or scrambled egg, with tomatoes, NS as to fat
2707232,B,61.0,B,69.1,Egg omelet or scrambled egg, with dark-green vegetables, fat added
2707233,A,72.6,A,77.6,Egg omelet or scrambled egg, with dark-green vegetables, no added fat
2707234,B,61.0,B,69.1,Egg omelet or scrambled egg, with dark-green vegetables, NS as to fat
2707235,B,59.6,B,67.5,Egg omelet or scrambled egg, with tomatoes and dark-green vegetables, fat added
2707236,A,71.8,A,76.4,Egg omelet or scrambled egg, with tomatoes and dark-green vegetables, no fat added
2707237,B,59.6,B,67.5,Egg omelet or scrambled egg, with tomatoes and dark-green vegetables, NS as to fat
2707238,C,58.6,B,67.3,Egg omelet or scrambled egg, with vegetables other than dark green and/or tomatoes, fat added
2707239,B,70.7,A,76.3,Egg omelet or scrambled egg, with vegetables other than dark green and/or tomatoes, no added fat
2707240,C,58.6,B,67.3,Egg omelet or scrambled egg, with vegetables other than dark green and/or tomatoes, NS as to fat
2707241,C,56.0,B,68.0,Egg omelet or scrambled egg, with cheese and tomatoes, fat added
2707242,B,66.9,A,76.2,Egg omelet or scrambled egg, with cheese and tomatoes, no added fat
2707243,C,56.0,B,68.0,Egg omelet or scrambled egg, with cheese and tomatoes, NS as to fat
2707244,B,58.7,B,70.6,Egg omelet or scrambled egg, with cheese and dark-green vegetables, fat added
2707245,B,69.2,A,78.5,Egg omelet or scrambled egg, with cheese and dark-green vegetables, no added fat
2707246,B,58.7,B,70.6,Egg omelet or scrambled egg, with cheese and dark-green vegetables, NS as to fat
2707247,C,57.3,B,69.1,Egg omelet or scrambled egg, with cheese, tomatoes, and dark-green vegetables, fat added
2707248,B,68.3,A,77.2,Egg omelet or scrambled egg, with cheese, tomatoes, and dark-green vegetables, no added fat
2707249,C,57.3,B,69.1,Egg omelet or scrambled egg, with cheese, tomatoes, and dark-green vegetables, NS as to fat
2707250,C,55.6,B,68.1,Egg omelet or scrambled egg, with cheese and vegetables other than dark green and/or tomatoes, fat added
2707251,B,66.8,A,76.5,Egg omelet or scrambled egg, with cheese and vegetables other than dark green and/or tomatoes, no added fat
2707252,C,55.6,B,68.1,Egg omelet or scrambled egg, with cheese and vegetables other than dark green and/or tomatoes, NS as to fat
2707253,C,58.2,B,68.2,Egg omelet or scrambled egg, with meat and tomatoes, fat added
2707254,B,69.4,A,76.7,Egg omelet or scrambled egg, with meat and tomatoes, no added fat
2707255,C,58.2,B,68.2,Egg omelet or scrambled egg, with meat and tomatoes, NS as to fat
2707256,B,60.9,B,70.9,Egg omelet or scrambled egg, with meat and dark-green vegetables, fat added
2707257,B,71.7,A,79.1,Egg omelet or scrambled egg, with meat and dark-green vegetables, no added fat
2707258,B,60.9,B,70.9,Egg omelet or scrambled egg, with meat and dark-green vegetables, NS as to fat
2707259,B,60.0,B,70.6,Egg omelet or scrambled egg, with meat, tomatoes, and dark-green vegetables, fat added
2707260,B,70.3,A,78.5,Egg omelet or scrambled egg, with meat, tomatoes, and dark-green vegetables, no added fat
2707261,B,60.0,B,70.6,Egg omelet or scrambled egg, with meat, tomatoes, and dark-green vegetables, NS as to fat
2707262,C,57.8,B,68.3,Egg omelet or scrambled egg, with meat and vegetables other than dark-green and/or tomatoes, fat added
2707263,B,69.3,A,77.3,Egg omelet or scrambled egg, with meat and vegetables other than dark-green and/or tomatoes, no added fat
2707264,C,57.8,B,68.3,Egg omelet or scrambled egg, with meat and vegetables other than dark-green and/or tomatoes, NS as to fat
2707265,C,55.9,B,70.8,Egg omelet or scrambled egg, with cheese, meat, and tomatoes, fat added
2707266,B,66.1,A,78.6,Egg omelet or scrambled egg, with cheese, meat, and tomatoes, no added fat
2707267,C,55.9,B,70.8,Egg omelet or scrambled egg, with cheese, meat, and tomatoes, NS as to fat
2707268,C,57.5,A,72.3,Egg omelet or scrambled egg, with cheese, meat, and dark-green vegetables, fat added
2707269,B,67.6,A,80.1,Egg omelet or scrambled egg, with cheese, meat, and dark-green vegetables, no added fat
2707270,C,57.5,A,72.3,Egg omelet or scrambled egg, with cheese, meat, and dark-green vegetables, NS as to fat
2707271,C,57.8,B,71.0,Egg omelet or scrambled egg, with cheese, meat, tomatoes, and dark-green vegetables, fat added
2707272,B,67.4,A,78.1,Egg omelet or scrambled egg, with cheese, meat, tomatoes, and dark-green vegetables, no added fat
2707273,C,57.8,B,71.0,Egg omelet or scrambled egg, with cheese, meat, tomatoes, and dark-green vegetables, NS as to fat
2707274,C,55.8,B,70.9,Egg omelet or scrambled egg, with cheese, meat, and vegetables other than dark-green and/or tomatoes, fat added
2707275,B,66.0,A,78.7,Egg omelet or scrambled egg, with cheese, meat, and vegetables other than dark-green and/or tomatoes, no added fat
2707276,C,55.8,B,70.9,Egg omelet or scrambled egg, with cheese, meat, and vegetables other than dark-green and/or tomatoes, NS as to fat
2707277,C,56.4,B,65.6,Egg omelet or scrambled egg, with potatoes and/or onions, fat added
2707278,B,69.1,A,74.8,Egg omelet or scrambled egg, with potatoes and/or onions, no added fat
2707279,C,56.4,B,65.6,Egg omelet or scrambled egg, with potatoes and/or onions, NS as to fat
2707280,D,35.3,C,50.5,Egg salad sandwich on white
2707281,D,39.3,C,55.1,Egg salad sandwich on wheat
2707282,C,54.0,E,31.5,Soup, egg drop
2707283,B,63.9,B,66.2,Egg white omelet, scrambled, or fried, NS as to fat
2707284,A,73.7,A,73.3,Egg white omelet, scrambled, or fried, made with margarine
2707285,B,64.1,B,66.9,Egg white omelet, scrambled, or fried, made with oil
2707286,C,56.9,B,60.2,Egg white omelet, scrambled, or fried, made with butter
2707287,A,80.4,A,78.5,Egg white omelet, scrambled, or fried, made with cooking spray
2707288,B,63.9,B,66.2,Egg white omelet, scrambled, or fried, NS as to fat type
2707289,A,83.2,A,80.8,Egg white omelet, scrambled, or fried, no added fat
2707290,B,60.0,B,67.7,Egg white, omelet, scrambled, or fried, with cheese
2707291,B,59.6,B,66.7,Egg white, omelet, scrambled, or fried, with meat
2707292,A,71.9,B,70.5,Egg white, omelet, scrambled, or fried, with vegetables
2707293,C,58.3,B,68.3,Egg white, omelet, scrambled, or fried, with cheese and meat
2707294,B,66.7,B,70.7,Egg white, omelet, scrambled, or fried, with cheese and vegetables
2707295,B,68.9,B,70.7,Egg white, omelet, scrambled, or fried, with meat and vegetables
2707296,B,62.1,B,70.0,Egg white, omelet, scrambled, or fried, with cheese, meat, and vegetables
2707297,E,22.9,D,34.7,Meringues
2707298,A,74.3,A,73.2,Egg substitute, omelet, scrambled, or fried, fat added
2707299,A,88.8,A,83.5,Egg substitute, omelet, scrambled, or fried, no added fat
2707300,B,69.0,A,73.7,Egg substitute, omelet, scrambled, or fried, with cheese
2707301,B,71.0,A,74.9,Egg substitute, omelet, scrambled, or fried, with meat
2707302,A,75.8,A,72.2,Egg substitute, omelet, scrambled, or fried, with vegetables
2707303,B,67.5,A,74.7,Egg substitute, omelet, scrambled, or fried, with cheese and meat
2707304,B,71.2,A,73.1,Egg substitute, omelet, scrambled, or fried, with cheese and vegetables
2707305,A,74.2,A,73.8,Egg substitute, omelet, scrambled, or fried, with meat and vegetables
2707306,B,69.1,A,74.7,Egg substitute, omelet, scrambled, or fried, with cheese, meat, and vegetables
2707307,C,47.2,B,60.4,Egg sandwich on white bread
2707308,C,48.4,B,65.0,Egg sandwich on white bread, with cheese
2707309,D,40.7,B,59.5,Egg sandwich on white bread, with meat
2707310,D,42.7,B,63.4,Egg sandwich on white bread, with meat and cheese
2707311,C,54.1,B,67.8,Egg sandwich on wheat bread
2707312,C,54.4,B,71.5,Egg sandwich on wheat bread, with cheese
2707313,C,45.8,B,65.2,Egg sandwich on wheat bread, with meat
2707314,C,46.3,B,66.4,Egg sandwich on wheat bread, with meat and cheese
2707315,C,50.9,B,65.8,Egg sandwich on English muffin
2707316,D,44.2,B,63.9,Egg sandwich on English muffin, with sausage
2707317,C,51.6,B,69.8,Egg sandwich on English muffin, with bacon
2707318,C,53.1,B,68.3,Egg sandwich on English muffin, with ham
2707319,D,34.3,C,53.7,Egg sandwich on croissant
2707320,D,34.2,C,56.8,Egg sandwich on croissant, with sausage
2707321,D,38.0,B,60.8,Egg sandwich on croissant, with bacon
2707322,D,38.1,B,58.1,Egg sandwich on croissant, with ham
2707323,E,28.9,C,47.5,Egg sandwich on biscuit
2707324,E,28.1,E,47.7,Egg sandwich on biscuit, with sausage
2707325,E,30.5,E,52.0,Egg sandwich on biscuit, with sausage and cheese
2707326,E,31.0,E,51.9,Egg sandwich on biscuit, with bacon
2707327,E,33.9,E,56.8,Egg sandwich on biscuit, with bacon and cheese
2707328,C,47.9,B,64.5,Egg sandwich on bagel
2707329,D,43.5,B,63.1,Egg sandwich on bagel, with sausage
2707330,C,48.8,B,68.0,Egg sandwich on bagel, with bacon
2707331,C,50.5,B,67.4,Egg sandwich on bagel, with ham
2707332,D,33.7,D,45.3,Egg sandwich on griddle/pancake
2707333,D,35.1,C,54.7,Egg sandwich on griddle/pancake, with meat
2707334,C,53.5,B,60.6,Egg white sandwich
2707335,C,51.8,B,64.2,Egg white sandwich, with cheese
2707336,C,57.1,A,71.5,Egg white sandwich, with meat
2707337,E,31.1,E,56.0,Bacon biscuit sandwich
2707338,E,29.3,E,49.9,Ham biscuit sandwich
2707339,E,24.1,E,44.5,Sausage biscuit sandwich
2707340,E,28.0,E,51.1,Sausage biscuit sandwich, with cheese
2707341,D,41.1,B,62.8,Sausage English muffin sandwich
2707342,D,32.2,C,49.5,Sausage griddle/pancake sandwich
2707343,D,42.3,B,57.8,Egg burrito
2707344,D,41.2,B,58.0,Egg burrito, with sausage
2707345,D,43.5,B,61.5,Egg burrito, with bacon
2707346,D,43.9,B,59.7,Egg burrito, with ham
2707347,B,65.9,B,66.0,Beans, NFS
2707348,B,65.9,B,66.0,Beans, from dried, NS as to type, fat added
2707349,A,76.1,A,73.5,Beans, from dried, NS as to type, no added fat
2707350,B,63.7,B,62.9,Beans, from canned, NS as to type, fat added
2707351,A,72.8,B,69.0,Beans, from canned, NS as to type, no added fat
2707352,C,55.9,B,62.1,Beans, from fast food / restaurant, NS as to type
2707353,B,61.2,B,66.0,White beans, NFS
2707354,B,61.2,B,66.0,White beans, from dried, fat added
2707355,A,73.7,A,74.7,White beans, from dried, no added fat
2707356,B,65.1,A,71.8,White beans, from canned, fat added
2707357,A,73.4,A,77.6,White beans, from canned, no added fat
2707358,B,65.5,A,72.1,White beans, from canned, reduced sodium
2707359,B,66.1,B,65.9,Black beans, NFS
2707360,B,66.1,B,65.9,Black beans, from dried, fat added
2707361,A,76.4,A,73.4,Black beans, from dried, no added fat
2707362,A,73.2,B,70.6,Black beans, from canned, fat added
2707363,A,80.5,A,75.8,Black beans, from canned, no added fat
2707364,A,73.6,B,70.9,Black beans, from canned, reduced sodium
2707365,B,60.3,B,61.7,Black beans, from fast food / restaurant
2707366,B,69.8,A,74.7,Black beans with meat
2707367,C,53.6,C,55.1,Fava beans, cooked
2707368,B,59.7,B,59.4,Lima beans, NFS
2707369,B,59.7,B,59.4,Lima beans, from dried
2707370,C,54.0,B,59.9,Pink beans, cooked
2707371,B,66.1,B,66.2,Pinto beans, NFS
2707372,B,66.1,B,66.2,Pinto beans, from dried, fat added
2707373,A,75.8,A,73.4,Pinto beans, from dried, no added fat
2707374,B,59.7,B,59.9,Pinto beans, from canned, fat added
2707375,B,70.5,B,66.8,Pinto beans, from canned, no added fat
2707376,B,60.0,B,60.3,Pinto beans, from canned, reduced sodium
2707377,B,60.5,B,62.1,Pinto beans, from fast food / restaurant
2707378,B,69.2,A,74.6,Pinto beans with meat
2707379,B,61.6,B,62.9,Kidney beans, NFS
2707380,B,61.6,B,62.9,Kidney beans, from dried, fat added
2707381,A,73.7,B,71.3,Kidney beans, from dried, no added fat
2707382,B,63.4,B,64.5,Kidney beans, from canned, fat added
2707383,A,73.2,B,71.2,Kidney beans, from canned, no added fat
2707384,B,66.8,B,66.5,Kidney beans, from canned, reduced sodium
2707385,C,54.8,B,58.1,Kidney beans, from fast food / restaurant
2707386,B,66.9,A,72.7,Kidney beans with meat
2707387,B,71.6,B,69.7,Peruvian beans, from dried
2707388,A,76.0,A,86.3,Soybeans, cooked
2707389,B,60.3,B,57.4,Mung beans, cooked
2707390,C,57.7,C,49.1,Baked beans
2707391,B,62.3,C,52.6,Baked beans, vegetarian
2707392,C,50.6,D,43.9,Baked beans from fast food / restaurant
2707393,B,71.0,B,63.3,Beans and tomatoes, no added fat
2707394,B,59.7,C,56.0,Beans and tomatoes, fat added
2707395,C,56.1,D,44.0,Black bean salad
2707396,B,65.4,C,55.5,Refried beans
2707397,C,57.2,C,55.6,Refried beans, from fast food / restaurant
2707398,B,69.2,B,65.6,Refried beans with meat
2707399,B,66.8,C,56.5,Refried beans, from canned, reduced sodium
2707400,B,59.3,C,53.4,Bean dip, made with refried beans
2707401,D,36.5,D,37.6,Layer dip
2707402,D,40.3,C,48.1,Hummus, plain
2707403,D,41.3,C,48.6,Hummus, flavored
2707404,E,26.2,E,32.1,Black bean sauce
2707405,D,45.4,D,46.4,Beans and franks
2707406,C,57.7,C,49.1,Pork and beans
2707407,B,69.2,A,74.6,Beans with meat, NS as to type
2707408,E,26.0,D,42.1,Falafel
2707409,E,22.5,E,32.1,Bean cake
2707410,B,63.0,C,53.6,Baked beans, reduced sodium
2707411,B,66.4,B,60.6,Chili, vegetarian
2707412,C,57.2,B,57.9,Blackeyed peas, NFS
2707413,C,57.2,B,57.9,Blackeyed peas, from dried
2707414,C,55.8,B,60.1,Chickpeas, NFS
2707415,C,55.8,B,60.1,Chickpeas, from dried, fat added
2707416,B,68.7,B,69.0,Chickpeas, from dried, no added fat
2707417,C,55.3,B,58.4,Chickpeas, from canned, fat added
2707418,B,67.8,B,66.5,Chickpeas, from canned, no added fat
2707419,C,56.6,B,59.3,Chickpeas, from canned, reduced sodium
2707420,A,75.1,B,70.9,Split peas, from dried, no added fat
2707421,B,63.3,B,62.4,Split peas, from dried, fat added
2707422,C,48.9,B,70.2,Wasabi peas
2707423,B,66.0,B,66.2,Lentils, NFS
2707424,B,66.0,B,66.2,Lentils, from dried, fat added
2707425,A,77.6,A,74.6,Lentils, from dried, no added fat
2707426,B,65.3,B,65.7,Lentils, from canned
2707427,B,69.3,B,68.4,Dal
2707428,B,68.6,A,80.9,Bean chips
2707429,A,90.1,A,93.3,Papad, grilled or broiled
2707430,B,66.5,C,54.5,Sambar, vegetable stew
2707431,C,55.1,D,46.1,Lentil curry
2707432,C,45.6,D,38.5,Lentil curry with rice
2707433,A,90.1,A,93.3,Soy nuts
2707434,A,73.6,A,83.6,Soy chips
2707435,A,80.0,B,70.2,Soybean curd
2707436,A,76.0,A,81.3,Edamame, cooked
2707437,A,76.3,A,84.8,Soybean curd cheese
2707438,E,7.3,E,14.5,Miso sauce
2707439,E,47.2,E,62.2,Miso
2707440,A,81.2,A,89.6,Natto
2707441,E,13.4,E,16.8,Hoisin sauce
2707442,E,57.7,E,53.4,Soy sauce
2707443,E,58.8,E,56.7,Soy sauce, reduced sodium
2707444,B,65.5,C,55.4,Yogurt, soy
2707445,E,44.2,E,40.0,Teriyaki sauce
2707446,E,44.3,E,40.1,Teriyaki sauce, reduced sodium
2707447,C,50.1,E,30.7,Worcestershire sauce
2707448,B,70.5,A,83.1,Soybean curd, deep fried
2707449,C,54.8,B,58.8,Soybean curd, breaded, fried
2707450,E,22.3,E,13.9,Vermicelli, made from soybeans
2707451,A,94.0,A,96.2,Textured vegetable protein, dry
2707452,E,12.7,E,9.5,Frozen dessert, non-dairy
2707453,A,72.0,C,55.9,Soup, bean
2707454,A,74.1,C,52.8,Soup, bean, canned
2707455,E,53.6,E,33.7,Soup, miso or tofu
2707456,A,74.8,C,53.4,Soup, bean, canned, reduced sodium
2707457,B,69.8,B,60.6,Soup, bean, with meat
2707458,B,68.2,B,58.3,Soup, split pea, with meat
2707459,A,72.5,C,55.3,Soup, split pea
2707460,A,74.9,C,53.4,Soup, lentil, canned
2707461,A,75.8,C,54.1,Soup, lentil, canned, reduced sodium
2707462,A,74.3,B,57.3,Soup, lentil
2707463,B,71.6,B,61.7,Soup, lentil, with meat
2707464,A,71.9,C,49.2,Soup, mulligatawany
2707465,E,31.6,C,52.8,Bacon strip, meatless
2707466,A,77.4,A,83.7,Bacon bits
2707467,B,65.6,A,78.0,Breakfast link, pattie, or slice, meatless
2707468,A,76.1,A,84.8,Chicken, meatless, NFS
2707469,A,75.8,A,85.3,Chicken, meatless, breaded, fried
2707470,B,69.4,A,80.6,Hot dog, vegetarian
2707471,B,70.3,A,81.1,Luncheon slice, meatless-beef, chicken, salami or turkey
2707472,A,76.7,A,85.3,Meatball, meatless
2707473,A,75.8,A,85.6,Veggie burger patty, no bun
2707474,B,66.3,A,77.8,Swiss steak, with gravy, meatless
2707475,E,26.4,E,32.7,Pot pie, no meat
2707476,B,64.6,C,53.3,Tofu and vegetables including carrots, broccoli, and/or dark-green leafy; no potatoes, with soy-based sauce
2707477,B,62.2,C,51.6,Tofu and vegetables excluding carrots, broccoli, and dark-green leafy; no potatoes, with soy-based sauce
2707478,A,75.2,A,84.7,Vegetarian, fillet
2707479,B,71.3,D,45.4,Vegetarian stew
2707480,D,42.5,C,48.3,Vegetarian stroganoff
2707481,B,59.9,A,75.3,Veggie burger, on bun
2707482,C,57.8,A,74.5,Veggie burger, on bun, with cheese
2707483,E,31.1,D,38.9,Falafel sandwich
2707484,C,47.8,A,72.3,Nuts, NFS
2707485,B,62.2,A,80.3,Almonds, NFS
2707486,B,61.8,A,80.2,Almonds, unroasted
2707487,C,57.6,A,77.7,Almonds, salted
2707488,C,58.1,A,78.1,Almonds, lightly salted
2707489,B,59.1,A,78.7,Almonds, unsalted
2707490,C,56.9,A,77.3,Almonds, flavored
2707491,C,48.8,A,73.2,Almonds, honey roasted
2707492,D,43.7,B,69.5,Brazil nuts
2707493,D,45.0,B,70.5,Cashews, NFS
2707494,D,45.0,B,70.5,Cashews, unroasted
2707495,D,44.2,B,69.8,Cashews, salted
2707496,D,44.6,B,70.2,Cashews, lightly salted
2707497,D,45.0,B,70.6,Cashews, unsalted
2707498,D,40.0,B,58.9,Cashews, honey roasted
2707499,D,36.9,D,36.1,Chestnuts
2707500,E,14.5,E,18.4,Coconut, fresh
2707501,E,14.2,E,16.8,Coconut, packaged
2707502,C,51.7,A,75.1,Hazelnuts
2707503,D,37.0,C,50.1,Macadamia nuts
2707504,C,47.8,A,72.3,Mixed nuts, NFS
2707505,C,47.4,A,72.4,Mixed nuts, unroasted
2707506,C,47.8,A,72.3,Mixed nuts, with peanuts, salted
2707507,C,48.2,A,72.6,Mixed nuts, with peanuts, lightly salted
2707508,C,48.6,A,72.9,Mixed nuts, with peanuts, unsalted
2707509,C,46.4,A,71.7,Mixed nuts, without peanuts, salted
2707510,C,47.1,A,72.3,Mixed nuts, without peanuts, unsalted
2707511,C,46.2,B,71.4,Mixed nuts, honey roasted
2707512,C,53.2,A,74.7,Peanuts, NFS
2707513,B,70.1,A,82.6,Peanuts, boiled
2707514,C,57.3,A,77.4,Peanuts, unroasted
2707515,B,61.1,A,78.6,Peanuts, roasted, salted
2707516,B,61.7,A,79.2,Peanuts, roasted, unsalted
2707517,C,53.2,A,74.7,Peanuts, dry roasted, salted
2707518,C,53.8,A,75.2,Peanuts, dry roasted, lightly salted
2707519,C,54.1,A,75.5,Peanuts, dry roasted, unsalted
2707520,C,51.4,A,73.9,Peanuts, honey roasted
2707521,D,42.8,B,60.5,Pecans, NFS
2707522,D,42.8,B,60.5,Pecans, unroasted
2707523,D,41.5,B,58.4,Pecans, salted
2707524,D,42.3,B,59.3,Pecans, unsalted
2707525,D,36.5,C,47.2,Pecans, honey roasted
2707526,C,48.5,A,73.5,Pine nuts
2707527,B,64.5,A,81.0,Pistachio nuts, NFS
2707528,C,57.8,A,77.4,Pistachio nuts, salted
2707529,C,58.0,A,77.6,Pistachio nuts, lightly salted
2707530,B,58.8,A,78.2,Pistachio nuts, unsalted
2707531,C,48.1,A,73.2,Walnuts, excluding honey roasted
2707532,D,41.5,B,59.0,Walnuts, honey roasted
2707533,C,54.9,A,76.5,Almond butter
2707534,C,55.7,A,77.1,Almond butter, lower sodium
2707535,C,45.7,B,59.0,Almond paste
2707536,D,42.1,B,65.3,Cashew butter
2707537,D,45.4,B,70.4,Peanut butter
2707538,C,46.3,B,71.1,Peanut butter, lower sodium
2707539,C,48.2,A,72.0,Peanut butter, lower sodium and lower sugar
2707540,C,50.7,A,73.3,Peanut butter, lower sugar
2707541,B,65.3,A,80.5,Peanut butter, reduced fat
2707542,C,48.5,A,71.9,Peanut butter, vitamin and mineral fortified
2707543,C,46.6,B,64.8,Peanut butter and jelly
2707544,D,43.4,B,64.3,Peanut butter and chocolate spread
2707545,C,51.8,B,71.3,Soy nut butter
2707546,E,19.0,E,29.0,Peanut sauce
2707547,B,61.5,C,48.4,Soup, peanut
2707548,E,28.3,E,27.8,Gravy, vegetarian
2707549,C,46.6,B,68.4,Peanut butter sandwich, NFS
2707550,C,46.6,B,68.4,Peanut butter sandwich, with regular peanut butter, on white bread
2707551,C,52.9,A,72.3,Peanut butter sandwich, with regular peanut butter, on wheat bread
2707552,C,53.4,A,72.6,Peanut butter sandwich, with reduced fat peanut butter, on white bread
2707553,B,59.7,A,76.4,Peanut butter sandwich, with reduced fat peanut butter, on wheat bread
2707554,D,40.6,B,59.2,Peanut butter and jelly sandwich, NFS
2707555,D,40.6,B,59.2,Peanut butter and jelly sandwich, with regular peanut butter, regular jelly, on white bread
2707556,C,46.4,B,66.1,Peanut butter and jelly sandwich, with regular peanut butter, regular jelly, on wheat bread
2707557,C,47.0,B,66.4,Peanut butter and jelly sandwich, with reduced fat peanut butter, on white bread
2707558,C,53.2,A,72.6,Peanut butter and jelly sandwich, with reduced fat peanut butter, on wheat bread
2707559,D,42.4,B,60.6,Peanut butter and jelly sandwich, with regular peanut butter, reduced sugar jelly, on white bread
2707560,C,48.5,B,67.3,Peanut butter and jelly sandwich, with regular peanut butter, reduced sugar jelly, on wheat bread
2707561,D,40.6,B,59.2,Peanut butter and jelly sandwich, frozen commercial product without crusts
2707562,C,52.8,A,73.5,Almond butter sandwich, on white bread
2707563,B,59.9,A,77.4,Almond butter sandwich, on wheat bread
2707564,C,46.2,B,62.9,Almond butter and jelly sandwich, on white bread
2707565,C,51.7,B,69.0,Almond butter and jelly sandwich, on wheat bread
2707566,E,25.2,D,38.8,Nutella sandwich on white bread
2707567,D,32.2,C,47.0,Nutella sandwich on wheat bread
2707568,E,8.9,E,11.5,Coconut milk, used in cooking
2707569,D,35.0,E,26.7,Yogurt, coconut milk
2707570,C,49.8,D,42.7,Yogurt, almond milk
2707571,E,4.1,E,5.7,Coconut cream, canned, sweetened
2707572,A,76.1,C,47.8,Coconut water, unsweetened
2707573,B,70.6,D,43.8,Coconut water, sweetened
2707574,C,50.0,B,66.3,Trail mix, NFS
2707575,C,49.4,A,73.1,Trail mix with nuts
2707576,C,50.0,B,66.3,Trail mix with nuts and fruit
2707577,C,46.3,B,65.8,Trail mix with chocolate
2707578,C,53.5,A,74.4,Trail mix with pretzels, cereal, or granola
2707579,C,55.8,A,76.1,Pumpkin seeds, NFS
2707580,C,54.9,A,75.4,Pumpkin seeds, salted
2707581,C,55.8,A,76.1,Pumpkin seeds, unsalted
2707582,B,60.8,A,79.3,Sunflower seeds, plain, unsalted
2707583,B,59.8,A,78.5,Sunflower seeds, plain, salted
2707584,C,58.4,A,77.7,Sunflower seeds, flavored
2707585,B,60.8,A,79.3,Sunflower seeds, NFS
2707586,B,64.3,A,80.6,Sesame seeds
2707587,C,49.5,A,73.3,Tahini
2707588,A,82.3,A,90.2,Flax seeds
2707589,C,58.0,A,77.8,Mixed seeds
2707590,A,84.0,A,90.9,Chia seeds
2707591,D,40.5,C,53.5,Bread, NS as to major flour
2707592,D,41.9,C,57.2,Bread, NS as to major flour, toasted
2707593,D,37.1,C,52.2,Bread, made from home recipe or purchased at a bakery, NS as to major flour
2707594,D,38.5,C,55.9,Bread, made from home recipe or purchased at a bakery, toasted, NS as to major flour
2707595,D,38.4,C,52.7,Roll, NS as to major flour
2707596,D,36.6,C,51.7,Roll, hard, NS as to major flour
2707597,D,42.3,C,55.1,Roll, bran, NS as to type of bran
2707598,D,40.5,C,53.5,Bread, white
2707599,D,41.9,C,57.2,Bread, white, toasted
2707600,D,37.1,C,52.2,Bread, white, made from home recipe or purchased at a bakery
2707601,D,38.5,C,55.9,Bread, white, made from home recipe or purchased at a bakery, toasted
2707602,C,50.2,B,64.0,Bread, white with whole wheat swirl
2707603,C,52.6,B,69.6,Bread, white with whole wheat swirl, toasted
2707604,D,40.9,C,56.8,Bread, Cuban
2707605,D,42.3,B,60.5,Bread, Cuban, toasted
2707606,D,38.3,C,53.9,Bread, native, water, Puerto Rican style
2707607,D,39.9,B,57.8,Bread, native, water, toasted, Puerto Rican style
2707608,E,27.5,D,38.4,Bread, lard, Puerto Rican style
2707609,E,28.3,D,41.2,Bread, lard, toasted, Puerto Rican style
2707610,D,40.9,C,56.8,Bread, French or Vienna
2707611,D,42.3,B,60.5,Bread, French or Vienna, toasted
2707612,D,35.5,C,47.7,Focaccia, Italian, plain
2707613,D,43.5,B,59.6,Bread, naan
2707614,D,37.6,C,51.1,Bread, Italian, Grecian, Armenian
2707615,D,38.7,C,54.4,Bread, Italian, Grecian, Armenian, toasted
2707616,D,34.7,C,48.1,Bread, pita
2707617,D,33.4,D,45.0,Bread, pita with fruit
2707618,E,26.0,D,45.4,Bread, cheese
2707619,E,27.3,C,49.1,Bread, cheese, toasted
2707620,D,32.6,D,41.6,Bread, cinnamon
2707621,D,41.9,C,57.2,Bread, cinnamon, toasted
2707622,D,36.1,C,46.9,Bread, cornmeal and molasses
2707623,D,37.1,C,49.8,Bread, cornmeal and molasses, toasted
2707624,D,37.3,C,51.3,Bread, egg, Challah
2707625,D,38.4,C,54.6,Bread, egg, Challah, toasted
2707626,E,23.6,D,38.3,Garlic bread, NFS
2707627,E,23.6,D,38.3,Garlic bread, from fast food / restaurant
2707628,E,24.0,D,38.7,Garlic bread, from frozen
2707629,E,24.6,D,40.0,Garlic bread, with parmesan cheese, from fast food / restaurant
2707630,E,25.1,D,40.4,Garlic bread, with parmesan cheese, from frozen
2707631,D,32.4,C,52.3,Garlic bread, with melted cheese, from fast food / restaurant
2707632,E,30.1,C,48.2,Garlic bread, with melted cheese, from frozen
2707633,D,36.6,C,48.4,Bread, onion
2707634,D,37.4,C,51.4,Bread, onion, toasted
2707635,B,67.1,B,66.6,Bread, reduced calorie and/or high fiber, white or NFS
2707636,B,71.4,B,71.4,Bread, reduced calorie and/or high fiber, white or NFS, toasted
2707637,B,59.6,B,60.0,Bread, reduced calorie and/or high fiber, white or NFS, with fruit and/or nuts
2707638,B,63.6,B,64.3,Bread, reduced calorie and/or high fiber, white or NFS, with fruit and/or nuts, toasted
2707639,A,73.0,A,77.1,Bread, white, special formula, added fiber
2707640,A,77.3,A,82.2,Bread, white, special formula, added fiber, toasted
2707641,B,58.8,A,76.3,Bread, high protein, toasted
2707642,B,61.7,A,75.6,Bread, potato
2707643,B,65.6,A,79.9,Bread, potato, toasted
2707644,D,38.9,C,51.0,Bread, raisin
2707645,D,40.1,C,54.2,Bread, raisin, toasted
2707646,D,40.9,C,56.8,Bread, sour dough
2707647,D,42.3,B,60.5,Bread, sour dough, toasted
2707648,D,40.0,C,51.0,Bread, sweet potato
2707649,D,40.6,C,53.7,Bread, sweet potato, toasted
2707650,D,40.0,C,53.5,Bread, vegetable
2707651,D,41.0,C,56.7,Bread, vegetable, toasted
2707652,D,37.1,D,37.4,Bruschetta
2707653,E,28.3,D,44.8,Bread, dough, fried
2707654,D,38.4,C,52.7,Roll, white, soft
2707655,D,36.6,C,51.7,Roll, white, hard
2707656,D,40.5,C,53.5,Roll, white, hot dog bun
2707657,D,40.5,C,53.5,Roll, white, hamburger bun
2707658,D,40.9,C,56.8,Roll, diet
2707659,D,37.3,C,51.3,Roll, egg bread
2707660,D,41.3,B,59.3,Roll, cheese
2707661,D,40.9,C,56.8,Roll, French or Vienna
2707662,D,40.0,C,56.7,Roll, garlic
2707663,D,38.4,C,52.7,Roll, white, hoagie, submarine
2707664,D,35.8,C,52.8,Roll, Mexican, bolillo
2707665,D,40.9,C,56.8,Roll, sour dough
2707666,D,35.1,C,51.0,Roll, sweet, no frosting
2707667,E,22.6,E,32.7,Roll, sweet, cinnamon bun, no frosting
2707668,E,9.6,E,18.7,Roll, sweet, cinnamon bun, frosted
2707669,E,30.4,D,45.6,Pan dulce, NFS
2707670,E,22.6,E,32.7,Pan Dulce, with fruit, no frosting
2707671,E,18.8,E,27.4,Roll, sweet, with fruit, frosted
2707672,E,9.6,E,18.7,Roll, sweet, with fruit, frosted, diet
2707673,E,18.8,E,28.3,Roll, sweet, frosted
2707674,E,31.3,C,47.1,Pan Dulce, no topping
2707675,E,29.5,D,44.1,Pan Dulce, with sugar topping
2707676,E,27.8,D,41.7,Pan Dulce, with raisins and icing
2707677,E,22.6,E,32.7,Coffee cake, yeast type
2707678,E,21.2,D,36.4,Croissant
2707679,E,24.6,D,41.6,Croissant, cheese
2707680,E,19.0,D,32.8,Croissant, chocolate
2707681,E,21.1,D,35.1,Croissant, fruit
2707682,E,20.1,E,37.7,Brioche
2707683,D,32.2,D,44.3,Bread, Spanish coffee
2707684,D,42.7,B,57.7,Bagel
2707685,D,40.5,C,54.4,Bagel, with raisins
2707686,D,41.3,C,54.0,Bagel, with fruit other than raisins
2707687,E,20.4,E,21.4,Bread stuffing
2707688,E,20.2,E,22.0,Bread stuffing made with egg
2707689,D,39.6,B,59.8,Breadsticks, NFS
2707690,D,35.8,C,56.7,Breadsticks, hard, NFS
2707691,D,42.0,B,62.1,Breadsticks, hard, reduced sodium
2707692,D,39.6,B,59.8,Breadsticks, soft, NFS
2707693,D,39.6,B,59.8,Breadsticks, soft, fast food / restaurant
2707694,D,40.3,B,57.6,Breadsticks, soft, frozen
2707695,D,40.1,B,60.9,Breadsticks, soft, with parmesan cheese, fast food / restaurant
2707696,D,45.2,B,66.1,Breadsticks, soft, stuffed or topped with melted cheese
2707697,E,26.7,D,46.7,Croutons
2707698,C,45.8,C,55.7,Muffin, English
2707699,D,43.4,C,52.7,Muffin, English, with raisins
2707700,C,46.2,B,57.8,Muffin, English, cheese
2707701,C,46.3,B,57.3,Muffin, English, with fruit other than raisins
2707702,C,46.2,B,64.2,Melba toast
2707703,E,28.2,D,40.5,Anisette toast
2707704,D,33.1,C,48.9,Pannetone
2707705,E,31.5,C,49.1,Zwieback toast
2707706,A,73.0,A,77.1,Bread, whole grain white
2707707,A,77.3,A,82.2,Bread, whole grain white, toasted
2707708,C,47.8,B,60.5,Bagel, whole grain white
2707709,B,60.7,A,74.3,Bread, whole wheat
2707710,B,64.6,A,79.3,Bread, whole wheat, toasted
2707711,C,52.6,B,63.5,Bread, whole wheat, made from home recipe or purchased at bakery
2707712,C,55.7,B,68.0,Bread, whole wheat, made from home recipe or purchased at bakery, toasted
2707713,C,53.3,C,55.4,Bread, chappatti or roti
2707714,E,27.0,D,38.3,Bread, puri
2707715,D,37.5,D,40.5,Bread, paratha
2707716,D,42.6,C,52.6,Bread, whole wheat, with raisins
2707717,C,45.6,C,56.7,Bread, whole wheat, with raisins, toasted
2707718,B,69.8,A,81.6,Bread, sprouted wheat
2707719,B,70.6,A,82.3,Bread, sprouted wheat, toasted
2707720,C,46.0,B,60.6,Bread, wheat or cracked wheat
2707721,C,47.8,B,64.5,Bread, wheat or cracked wheat, toasted
2707722,D,41.2,C,55.8,Bread, wheat or cracked wheat, made from home recipe or purchased at bakery
2707723,D,43.2,B,60.1,Bread, wheat or cracked wheat, made from home recipe or purchased at bakery, toasted
2707724,D,35.7,C,48.1,Bread, wheat or cracked wheat, with raisins
2707725,D,37.1,C,51.4,Bread, wheat or cracked wheat, with raisins, toasted
2707726,A,72.5,B,70.5,Bread, wheat or cracked wheat, reduced calorie and/or high fiber
2707727,A,77.7,A,75.7,Bread, wheat or cracked wheat, reduced calorie and/or high fiber, toasted
2707728,D,39.3,C,49.3,Bread, French or Vienna, whole wheat
2707729,D,40.4,C,52.3,Bread, French or Vienna, whole wheat, toasted
2707730,C,49.7,B,60.5,Bread, pita, whole wheat
2707731,C,49.7,B,60.5,Bread, pita, wheat or cracked wheat
2707732,C,47.8,B,60.5,Bagel, wheat
2707733,C,47.8,B,60.5,Bagel, whole wheat
2707734,D,45.1,C,56.9,Bagel, wheat, with raisins
2707735,D,45.1,C,56.9,Bagel, whole wheat, with raisins
2707736,D,44.6,C,56.7,Bagel, wheat, with fruit and nuts
2707737,C,47.8,B,60.5,Bagel, wheat bran
2707738,C,48.4,C,57.0,Muffin, English, wheat bran
2707739,D,45.5,C,53.8,Muffin, English, wheat bran, with raisins
2707740,C,48.4,C,57.0,Muffin, English, wheat or cracked wheat
2707741,C,48.4,C,57.0,Muffin, English, whole wheat
2707742,C,45.8,C,54.1,Muffin, English, wheat or cracked wheat, with raisins
2707743,C,45.8,C,54.1,Muffin, English, whole wheat, with raisins
2707744,C,48.4,C,57.0,Muffin, English, whole grain white
2707745,C,55.7,A,73.1,Breadsticks, hard, whole wheat
2707746,D,37.8,C,49.4,Roll, wheat or cracked wheat
2707747,C,52.5,B,67.7,Roll, wheat or cracked wheat, hot dog bun
2707748,C,52.5,B,67.7,Roll, wheat or cracked wheat, hamburger bun
2707749,D,37.8,C,49.4,Roll, whole wheat
2707750,B,60.1,A,74.3,Roll, whole wheat, hot dog bun
2707751,B,60.1,A,74.3,Roll, whole wheat, hamburger bun
2707752,D,40.8,C,53.3,Roll, whole grain white
2707753,D,40.8,C,53.3,Roll, whole grain white, hot dog bun
2707754,D,40.8,C,53.3,Roll, whole grain white, hamburger bun
2707755,D,41.4,C,51.1,Bread, rye
2707756,D,43.6,C,54.8,Bread, rye, toasted
2707757,D,41.4,C,51.1,Bread, marble rye and pumpernickel
2707758,D,43.6,C,54.8,Bread, marble rye and pumpernickel, toasted
2707759,D,41.4,C,51.1,Muffin, English, rye
2707760,C,46.4,C,54.9,Bread, pumpernickel
2707761,C,49.1,B,58.8,Bread, pumpernickel, toasted
2707762,C,47.8,B,60.5,Bagel, pumpernickel
2707763,C,46.4,C,54.9,Muffin, English, pumpernickel
2707764,C,46.4,C,54.9,Bread, black
2707765,C,49.1,B,58.8,Bread, black, toasted
2707766,D,41.4,C,51.1,Roll, rye
2707767,C,46.4,C,54.9,Roll, pumpernickel
2707768,D,37.0,C,48.2,Bread, oatmeal
2707769,D,38.2,C,51.3,Bread, oatmeal, toasted
2707770,D,38.3,C,51.6,Bread, oat bran
2707771,D,38.2,C,51.3,Bread, oat bran, toasted
2707772,C,47.8,B,60.5,Bagel, oat bran
2707773,D,37.0,C,48.2,Roll, oatmeal
2707774,D,37.0,C,48.2,Muffin, English, oat bran
2707775,D,35.8,D,46.2,Muffin, English, oat bran, with raisins
2707776,B,70.8,A,82.4,Bread, multigrain, toasted
2707777,B,68.3,A,81.1,Bread, multigrain
2707778,B,63.4,A,75.8,Bread, multigrain, with raisins
2707779,B,67.6,A,80.6,Bread, multigrain, with raisins, toasted
2707780,A,72.5,B,70.5,Bread, multigrain, reduced calorie and/or high fiber
2707781,A,77.7,A,75.7,Bread, multigrain, reduced calorie and/or high fiber, toasted
2707782,D,42.3,C,55.1,Roll, multigrain
2707783,D,42.3,C,55.1,Roll, multigrain, hot dog bun
2707784,D,42.3,C,55.1,Roll, multigrain, hamburger bun
2707785,C,47.8,B,60.5,Bagel, multigrain
2707786,D,45.1,C,56.9,Bagel, multigrain, with raisins
2707787,C,48.4,C,57.0,Muffin, English, multigrain
2707788,C,46.0,B,60.6,Bread, barley
2707789,C,47.8,B,64.5,Bread, barley, toasted
2707790,B,66.1,A,79.8,Bread, soy
2707791,B,67.5,A,80.5,Bread, soy, toasted
2707792,D,44.4,B,61.1,Bread, sunflower meal
2707793,C,46.2,B,65.3,Bread, sunflower meal, toasted
2707794,E,25.7,E,29.6,Bread, rice
2707795,E,26.0,E,31.0,Bread, rice, toasted
2707796,C,53.6,D,40.8,Injera, Ethiopian bread
2707797,E,25.7,E,29.6,Bread, gluten free
2707798,E,26.0,E,31.0,Bread, gluten free, toasted
2707799,B,63.7,A,72.0,Breadsticks, hard, gluten free
2707800,E,26.2,E,27.5,Roll, gluten free
2707801,E,16.9,E,30.0,Biscuit, NFS
2707802,E,18.5,E,30.2,Biscuit, from refrigerated dough
2707803,E,16.9,E,30.0,Biscuit, from fast food / restaurant
2707804,E,19.8,E,32.1,Biscuit, home recipe
2707805,E,19.4,E,32.7,Biscuit, wheat
2707806,E,20.3,E,36.6,Biscuit, cheese
2707807,E,16.6,E,28.8,Biscuit with fruit
2707808,E,19.2,E,31.0,Scone
2707809,E,19.4,E,30.3,Scone, with fruit
2707810,E,21.0,E,31.8,Cornbread, prepared from mix
2707811,E,29.4,D,38.4,Cornbread, made from home recipe
2707812,E,20.7,E,21.1,Cornbread stuffing
2707813,E,27.1,D,35.1,Cornbread muffin, stick, round
2707814,E,29.9,D,40.0,Cornbread muffin, stick, round, made from home recipe
2707815,E,26.4,E,29.0,Corn flour patty or tart, fried
2707816,E,21.4,E,23.8,Corn pone, baked
2707817,E,16.9,E,20.4,Corn pone, fried
2707818,E,23.5,E,27.0,Gordita/sope shell, plain, no filling
2707819,E,22.2,E,31.6,Hush puppy
2707820,E,27.3,D,39.6,Johnnycake
2707821,D,41.5,D,45.6,Spoonbread
2707822,D,34.7,D,42.9,Tortilla, NFS
2707823,D,43.3,D,45.7,Tortilla, corn
2707824,E,28.2,D,41.0,Tortilla, flour
2707825,B,60.8,B,65.5,Tortilla, whole wheat
2707826,E,21.7,E,32.3,Taco shell, corn
2707827,E,20.1,D,37.9,Taco shell, flour
2707828,E,18.5,E,27.2,Arepa Dominicana
2707829,E,15.1,E,22.6,Muffin, NFS
2707830,E,15.1,E,22.6,Muffin, fruit
2707831,E,21.1,E,25.6,Muffin, fruit, low fat
2707832,E,20.0,E,29.8,Muffin, chocolate chip
2707833,E,24.6,D,35.3,Muffin, chocolate
2707834,E,31.6,D,43.8,Muffin, whole wheat
2707835,E,26.7,D,37.8,Muffin, wheat
2707836,E,26.7,D,37.8,Muffin, whole grain
2707837,D,39.9,D,45.1,Muffin, wheat bran
2707838,D,36.9,D,39.8,Muffin, bran with fruit, lowfat
2707839,E,24.9,D,35.2,Muffin, oatmeal
2707840,D,41.9,C,49.2,Muffin, oat bran
2707841,E,22.9,E,32.3,Muffin, plain
2707842,D,32.1,C,48.9,Muffin, cheese
2707843,E,29.3,D,34.9,Muffin, pumpkin
2707844,E,24.4,E,31.1,Muffin, zucchini
2707845,E,28.3,D,34.3,Muffin, carrot
2707846,D,43.9,B,59.7,Popover
2707847,C,46.0,B,60.6,Bread, Boston Brown
2707848,E,23.6,D,34.7,Bread, nut
2707849,E,29.3,D,34.9,Bread, pumpkin
2707850,E,23.6,D,33.1,Bread, fruit
2707851,E,24.4,E,31.1,Bread, zucchini
2707852,E,24.3,D,34.1,Bread, Irish soda
2707853,E,11.7,E,15.9,Cake or cupcake, NFS
2707854,E,21.2,E,30.1,Cake, angel food
2707855,E,10.3,E,13.9,Cake or cupcake, apple
2707856,E,10.7,E,14.4,Cake or cupcake, banana
2707857,E,20.7,E,23.5,Cake or cupcake, Black Forest
2707858,E,11.6,E,13.8,Cake, Boston cream pie
2707859,E,12.1,E,15.5,Cake or cupcake, carrot
2707860,E,8.8,E,12.8,Cake or cupcake, coconut
2707861,E,11.6,E,22.2,Cheesecake, plain
2707862,E,11.3,E,20.6,Cheesecake, fruit
2707863,E,13.2,E,24.4,Cheesecake, chocolate
2707864,E,11.9,E,16.0,Cake or cupcake, chocolate with white icing, bakery
2707865,E,13.1,E,17.6,Cake or cupcake, chocolate with white icing, from mix
2707866,E,14.0,E,18.8,Cake or cupcake, chocolate with chocolate icing, bakery
2707867,E,14.9,E,19.9,Cake or cupcake, chocolate with chocolate icing, from mix
2707868,E,23.5,E,30.4,Cake or cupcake, chocolate, no icing
2707869,E,13.8,E,19.7,Cake or cupcake, German chocolate
2707870,E,10.8,E,20.6,Cake or cupcake, gluten free
2707871,E,10.8,E,20.6,Cake, chocolate, flourless
2707872,E,13.9,E,19.5,Cake, cream
2707873,E,15.1,E,20.8,Snack cake, chocolate
2707874,E,10.2,E,16.2,Snack cake, white
2707875,E,18.6,E,21.3,Cake, fruit cake
2707876,E,16.6,E,21.1,Cake or cupcake, gingerbread
2707877,E,13.4,E,16.9,Ice cream cake
2707878,E,15.9,E,19.3,Cake, jelly roll
2707879,E,10.7,E,14.0,Cake or cupcake, lemon
2707880,E,12.6,E,17.1,Cake or cupcake, marble
2707881,E,21.4,E,31.7,Cake or cupcake, peanut butter
2707882,E,15.3,E,23.7,Cake, pound
2707883,E,12.2,E,15.7,Cake or cupcake, pumpkin
2707884,E,11.9,E,16.0,Cake or cupcake, red velvet
2707885,E,10.2,E,14.6,Cake or cupcake, spice
2707886,E,19.9,E,27.9,Cake, sponge
2707887,E,10.9,E,13.6,Cake or cupcake, strawberry
2707888,E,22.3,E,24.6,Cake, torte
2707889,E,25.3,D,34.4,Cake, tres leche
2707890,E,12.8,E,15.0,Cake, pineapple, upside down
2707891,E,9.9,E,13.5,Cake or cupcake, white with white icing, bakery
2707892,E,10.7,E,14.6,Cake or cupcake, white with white icing, from mix
2707893,E,11.6,E,15.9,Cake or cupcake, white with chocolate icing, bakery
2707894,E,12.2,E,16.8,Cake or cupcake, white with chocolate icing, from mix
2707895,E,17.9,E,24.1,Cake or cupcake, white, no icing
2707896,E,22.0,E,24.0,Cake, strawberry shortcake
2707897,E,11.1,E,14.8,Cake or cupcake, zucchini
2707898,E,16.3,E,25.3,Cookie, batter or dough, raw
2707899,E,14.6,E,24.4,Cookie, NFS
2707900,E,12.3,E,23.2,Cookie, almond
2707901,E,16.9,E,28.4,Cookie, applesauce
2707902,E,28.2,D,40.5,Cookie, biscotti
2707903,E,14.9,E,23.3,Cookie, brownie, NS as to icing
2707904,E,14.9,E,23.3,Cookie, brownie, without icing
2707905,E,10.2,E,15.1,Cookie, brownie, with icing or filling
2707906,D,39.1,E,31.4,Cookie, brownie, reduced fat, NS as to icing
2707907,E,14.9,E,23.3,Cookie, butterscotch, brownie
2707908,E,14.6,E,24.4,Cookie, bar, with chocolate
2707909,E,14.6,E,24.4,Cookie, chocolate chip
2707910,E,12.8,E,24.8,Cookie, chocolate chip, made from home recipe or purchased at a bakery
2707911,E,16.9,E,27.8,Cookie, chocolate chip, reduced fat
2707912,E,8.5,E,13.8,Cookie, chocolate chip sandwich
2707913,E,8.8,E,14.8,Cookie, chocolate, made with rice cereal
2707914,E,16.9,E,28.4,Cookie, chocolate, made with oatmeal and coconut, no bake
2707915,E,20.8,E,32.2,Cookie, chocolate or fudge
2707916,E,13.0,E,20.1,Cookie, marshmallow, chocolate-covered
2707917,E,13.0,E,20.1,Cookie, marshmallow pie, chocolate covered
2707918,E,9.5,E,18.7,Cookie, chocolate, with icing or coating
2707919,E,7.5,E,14.6,Cookie, sugar wafer, chocolate-covered
2707920,E,24.2,E,32.3,Cookie, chocolate sandwich
2707921,E,11.7,E,16.4,Cookie, chocolate sandwich, reduced fat
2707922,E,15.6,E,23.4,Cookie, chocolate, sandwich, with extra filling
2707923,E,24.2,E,32.3,Cookie, chocolate and vanilla sandwich
2707924,E,20.8,E,32.2,Cookie, chocolate wafer
2707925,E,17.2,E,29.1,Cookie, graham cracker with chocolate and marshmallow
2707926,E,14.6,E,24.4,Cookie bar, with chocolate, nuts, and graham crackers
2707927,E,7.1,E,12.8,Cookie, coconut
2707928,E,20.4,E,24.6,Cookie, fruit-filled bar
2707929,E,20.4,E,24.6,Cookie, fig bar
2707930,E,16.0,E,22.5,Cookie, fortune
2707931,E,27.5,D,41.1,Cookie, cone shell, ice cream type, wafer or cake
2707932,E,22.7,E,31.5,Cookie, gingersnaps
2707933,E,25.7,D,43.9,Cookie, granola
2707934,D,34.3,C,52.1,Cookie, ladyfinger
2707935,E,18.6,E,27.5,Cookie, lemon bar
2707936,E,7.1,E,12.8,Cookie, macaroon
2707937,E,13.0,E,20.1,Cookie, marshmallow, with coconut
2707938,E,14.3,E,19.6,Cookie, marshmallow, with rice cereal, no bake
2707939,E,10.8,E,19.5,Cookie, marshmallow, with rice cereal and chocolate chips
2707940,E,14.3,E,19.6,Cookie, marshmallow and peanut butter, with oat cereal, no bake
2707941,E,17.6,E,27.1,Cookie, meringue
2707942,E,20.3,E,29.7,Cookie, molasses
2707943,E,20.3,E,29.7,Cookie, Lebkuchen
2707944,E,25.7,D,43.9,Cookie, multigrain, high fiber
2707945,E,16.9,E,28.4,Cookie, oatmeal
2707946,E,16.9,E,28.4,Cookie, oatmeal, with raisins
2707947,C,51.5,D,42.3,Cookie, oatmeal, reduced fat, NS as to raisins
2707948,E,9.3,E,13.6,Cookie, oatmeal sandwich, with creme filling
2707949,E,15.1,E,25.9,Cookie, oatmeal, with chocolate chips
2707950,E,9.3,E,13.6,Cookie, oatmeal sandwich, with peanut butter and jelly filling
2707951,E,16.9,E,28.4,Cookie, oatmeal, with chocolate and peanut butter, no bake
2707952,E,23.8,D,40.6,Cookie, peanut butter
2707953,E,20.1,D,35.1,Cookie, peanut butter, with chocolate
2707954,E,14.3,E,19.6,Cookie, peanut butter with rice cereal, no bake
2707955,E,24.3,D,40.6,Cookie, peanut butter sandwich
2707956,E,14.8,E,32.3,Cookie, with peanut butter filling, chocolate-coated
2707957,E,12.3,E,23.2,Cookie, Pfeffernusse
2707958,E,27.5,D,41.1,Cookie, Pizzelle
2707959,E,16.9,E,28.4,Cookie, pumpkin
2707960,E,14.0,E,21.0,Cookie, raisin
2707961,E,9.3,E,13.6,Cookie, raisin sandwich, cream-filled
2707962,E,12.3,E,23.2,Cookie, rum ball, no bake
2707963,E,12.9,E,21.4,Cookie, sandwich-type, not chocolate or vanilla
2707964,E,12.3,E,23.2,Cookie, shortbread
2707965,E,14.9,E,24.8,Cookie, shortbread, reduced fat
2707966,E,11.4,E,21.7,Cookie, shortbread, with icing or filling
2707967,E,30.6,C,48.2,Pocky
2707968,E,19.2,E,31.7,Cookie, animal
2707969,E,6.2,E,12.4,Cookie, animal, with frosting or icing
2707970,E,13.7,E,24.0,Cookie, butter or sugar
2707971,E,19.2,E,31.8,Marie biscuit
2707972,E,16.5,E,29.1,Cookie, butter or sugar, with fruit and/or nuts
2707973,E,9.6,E,17.2,Cookie, sugar wafer
2707974,E,14.6,E,24.4,Cookie, toffee bar
2707975,E,12.9,E,21.4,Cookie, vanilla sandwich
2707976,E,15.6,E,23.4,Cookie, vanilla sandwich, extra filling
2707977,E,13.6,E,20.8,Cookie, vanilla sandwich, reduced fat
2707978,E,8.8,E,17.2,Cookie, butter or sugar, with chocolate icing or filling
2707979,E,10.7,E,16.6,Cookie, butter or sugar, with icing or filling other than chocolate
2707980,E,16.0,E,22.5,Cookie, tea, Japanese
2707981,E,14.9,E,23.8,Cookie, vanilla wafer
2707982,E,14.1,E,23.3,Cookie, vanilla wafer, reduced fat
2707983,E,8.3,E,15.2,Cookie, vanilla with caramel, coconut, and chocolate coating
2707984,E,20.4,E,24.6,Cookie, rugelach
2707985,E,13.4,E,20.2,Cookie, chocolate chip, reduced sugar
2707986,E,17.5,E,25.7,Cookie, oatmeal, reduced sugar
2707987,E,17.6,E,25.1,Cookie, sandwich, reduced sugar
2707988,E,24.1,D,44.7,Cookie, sugar or plain, sugar free
2707989,D,36.1,E,32.2,Cookie, sugar wafer, sugar free
2707990,E,24.1,D,44.7,Cookie, peanut butter, sugar free
2707991,E,8.3,E,12.0,Cookie, gluten free
2707992,E,14.0,E,26.7,Cookies, Puerto Rican style
2707993,E,10.8,E,14.3,Pie, NFS
2707994,E,13.6,E,17.5,Tart, all types
2707995,E,10.8,E,14.3,Pie, apple
2707996,E,13.6,E,17.5,Pie, apple, fast food
2707997,E,14.5,E,18.4,Pie, berry
2707998,E,11.6,E,15.3,Pie, blueberry
2707999,E,11.3,E,15.4,Pie, cherry
2708000,E,9.7,E,12.7,Pie, lemon
2708001,E,18.8,E,28.2,Pie, key lime
2708002,E,11.8,E,15.4,Pie, peach
2708003,E,15.6,E,18.5,Pie, strawberry
2708004,E,9.7,E,12.7,Pie, banana cream
2708005,E,10.5,E,14.2,Pie, chocolate cream
2708006,E,9.1,E,12.7,Pie, coconut cream
2708007,E,26.7,E,32.6,Pie, custard
2708008,E,25.9,E,23.8,Dessert pizza
2708009,E,13.1,E,25.1,Pie, peanut butter cream
2708010,E,9.9,E,12.6,Pie, pineapple cream
2708011,E,30.4,D,34.8,Pie, pumpkin
2708012,E,27.0,E,32.7,Pie, sweet potato
2708013,E,9.6,E,12.7,Pie, vanilla cream
2708014,E,16.5,E,23.2,Pie, lemon meringue
2708015,E,14.9,E,26.7,Pie, pecan
2708016,E,17.8,E,28.6,Pie, oatmeal
2708017,E,13.7,E,27.1,Pie shell
2708018,E,13.1,E,23.2,Pie shell, graham cracker
2708019,E,12.7,E,13.5,Cobbler, apple
2708020,E,19.3,E,20.3,Cobbler, berry
2708021,E,13.6,E,15.2,Cobbler, cherry
2708022,E,14.4,E,15.3,Cobbler, peach
2708023,E,17.8,E,19.3,Crisp, apple
2708024,E,20.7,E,32.6,Fritter, plain
2708025,E,19.9,E,31.4,Fritter, fruit
2708026,E,26.4,E,27.7,Crisp, berry
2708027,E,18.2,E,20.7,Crisp, cherry
2708028,E,19.8,E,21.4,Crisp, peach
2708029,E,12.2,E,19.2,Cream puff, eclair, custard or cream filled, NS as to icing
2708030,E,14.6,E,22.2,Cream puff, eclair, custard or cream filled, not iced
2708031,E,12.7,E,20.2,Cream puff, eclair, custard or cream filled, iced
2708032,E,18.5,E,21.9,Cream puff, eclair, custard or cream filled, iced, reduced fat
2708033,E,29.1,D,44.8,Cream puff, no filling or icing
2708034,E,15.3,E,25.8,Sopaipilla, without syrup or honey
2708035,E,12.7,E,20.3,Sopaipilla with syrup or honey
2708036,D,33.0,D,35.2,Crepe, chocolate filled
2708037,E,31.7,D,34.2,Crepe, fruit filled
2708038,E,13.4,E,15.0,Tamale, sweet
2708039,E,8.6,E,10.7,Strudel, apple
2708040,E,11.1,E,13.9,Strudel, berry
2708041,E,9.1,E,11.8,Strudel, cherry
2708042,E,15.4,E,25.9,Strudel, cheese
2708043,E,9.3,E,11.5,Strudel, peach
2708044,E,16.3,E,29.4,Baklava
2708045,E,22.7,E,28.9,Basbousa
2708046,E,13.6,E,17.5,Turnover, fruit
2708047,E,19.9,E,27.3,Pastry, fruit-filled
2708048,E,28.3,D,38.9,Pastry, made with bean or lotus seed paste filling, baked
2708049,E,29.1,D,43.1,Pastry, made with bean paste and salted egg yolk filling, baked
2708050,E,17.1,E,19.2,Pastry, Chinese, made with rice flour
2708051,E,19.5,E,30.2,Pastry, cookie type, fried
2708052,E,30.8,D,41.5,Pastry, Italian, with cheese
2708053,E,15.4,E,31.1,Pastry, puff
2708054,E,13.1,E,24.6,Pastry, puff, custard or cream filled, iced or not iced
2708055,E,31.5,D,46.3,Cheese pastry puffs
2708056,E,23.6,D,37.2,Pastry, mainly flour and water, fried
2708057,E,12.1,E,14.9,Empanada, fruit
2708058,E,15.5,E,25.0,Breakfast pastry, NFS
2708059,E,17.6,E,30.8,Danish pastry, plain or spice
2708060,E,15.5,E,25.0,Danish pastry, with fruit
2708061,E,19.8,E,34.7,Danish pastry, with cheese
2708062,E,13.1,E,23.8,Doughnut, NFS
2708063,E,11.9,E,22.5,Doughnut, cake type, plain
2708064,E,14.6,E,24.2,Doughnut, chocolate
2708065,E,11.4,E,21.0,Doughnut, cake type, powdered sugar
2708066,E,10.2,E,18.5,Doughnut, cake type, with icing
2708067,E,10.7,E,19.4,Doughnut, cake type, chocolate icing
2708068,E,15.4,E,25.3,Doughnut, chocolate, with chocolate icing
2708069,E,13.1,E,23.8,Doughnut holes
2708070,E,15.6,E,27.0,Churros
2708071,E,14.0,E,24.3,Beignet
2708072,E,15.1,E,26.9,Doughnut, yeast type
2708073,E,13.1,E,22.8,Doughnut, yeast type, with chocolate icing
2708074,E,13.7,E,22.6,Doughnut, jelly
2708075,E,14.7,E,23.8,Doughnut, custard-filled
2708076,E,13.0,E,21.0,Doughnut, custard-filled, with icing
2708077,E,18.7,E,24.5,Breakfast tart
2708078,E,23.9,E,28.6,Breakfast tart, lowfat
2708079,E,19.4,E,30.8,Coffee cake, crumb or quick-bread type
2708080,E,16.2,E,22.4,Coffee cake, crumb or quick-bread type, with fruit
2708081,E,20.9,E,32.7,Coffee cake, crumb or quick-bread type, cheese-filled
2708082,B,63.2,C,54.4,Cereal or granola bar (General Mills Fiber One Chewy Bar)
2708083,D,35.4,D,38.6,Cereal or granola bar (Kellogg's Nutri-Grain Cereal Bar)
2708084,D,35.4,D,38.6,Cereal or granola bar (Kellogg's Nutri-Grain Yogurt Bar)
2708085,C,49.4,B,60.5,Cereal or granola bar (Kellogg's Nutri-Grain Fruit and Nut Bar)
2708086,E,28.7,D,38.5,Milk 'n Cereal bar
2708087,D,31.9,C,47.1,Cereal or granola bar (Kellogg's Special K bar)
2708088,B,69.7,A,82.3,Cereal or granola bar (Kashi Chewy)
2708089,A,83.2,A,89.2,Cereal or granola bar (Kashi Crunchy)
2708090,C,49.3,A,72.0,Cereal or granola bar (KIND Fruit and Nut Bar)
2708091,D,35.1,D,41.9,Cereal or granola bar (General Mills Nature Valley Chewy Trail Mix)
2708092,D,33.5,D,40.6,Cereal or granola bar, with yogurt coating (General Mills Nature Valley Chewy Granola Bar)
2708093,D,32.7,C,48.5,Cereal or granola bar (General Mills Nature Valley Sweet and Salty Granola Bar)
2708094,D,36.5,C,53.3,Cereal or granola bar (General Mills Nature Valley Crunchy Granola Bar)
2708095,E,18.1,E,27.8,Cereal or granola bar (Quaker Chewy Granola Bar)
2708096,E,24.3,E,29.4,Cereal or granola bar (Quaker Chewy 90 Calorie Granola Bar)
2708097,E,23.5,E,32.0,Cereal or granola bar (Quaker Chewy 25% Less Sugar Granola Bar)
2708098,E,21.6,D,35.4,Cereal or granola bar (Quaker Chewy Dipps Granola Bar)
2708099,E,22.9,D,35.1,Cereal or granola bar (Quaker Granola Bites)
2708100,D,38.0,D,46.3,Snack bar, oatmeal
2708101,D,36.5,C,53.3,Cereal or Granola bar, NFS
2708102,E,24.3,E,29.4,Cereal or granola bar, lowfat, NFS
2708103,D,36.6,D,41.9,Cereal or granola bar, nonfat
2708104,E,23.5,E,32.0,Cereal or granola bar, reduced sugar, NFS
2708105,C,49.3,A,72.0,Cereal or granola bar, fruit and nut
2708106,D,36.5,C,53.3,Cereal or granola bar, peanuts , oats, sugar, wheat germ
2708107,E,21.6,D,35.4,Cereal or granola bar, chocolate coated, NFS
2708108,E,10.4,E,21.1,Cereal or granola bar, with coconut, chocolate coated
2708109,E,21.2,D,40.8,Cereal or granola bar with nuts, chocolate coated
2708110,D,33.4,C,47.5,Cereal or granola bar, oats, nuts, coated with non-chocolate coating
2708111,E,22.2,D,42.9,Cereal or granola bar, coated with non-chocolate coating
2708112,B,63.2,C,54.4,Cereal or granola bar, high fiber, coated with non-chocolate yogurt coating
2708113,E,14.3,E,19.6,Cereal or granola bar, with rice cereal
2708114,E,30.9,D,35.4,Breakfast bar, NFS
2708115,E,20.4,E,24.6,Breakfast bar, date, with yogurt coating
2708116,E,30.9,D,35.4,Breakfast bar, cereal crust with fruit filling, lowfat
2708117,A,81.4,A,89.9,Nutrition bar (Balance Original Bar)
2708118,B,71.3,A,84.6,Nutrition bar (Clif Bar)
2708119,D,39.7,D,43.7,Nutrition bar (Clif Kids Organic Zbar)
2708120,B,65.0,A,81.7,Nutrition bar (PowerBar)
2708121,B,66.7,A,82.6,Nutrition bar (Slim Fast Original Meal Bar)
2708122,A,93.0,A,95.9,Nutrition bar (Snickers Marathon Protein Bar)
2708123,B,66.7,A,82.6,Nutrition bar (South Beach Living Meal Bar)
2708124,A,85.1,A,91.2,Nutrition bar (South Beach Living High Protein Bar)
2708125,B,62.4,A,79.9,Nutrition bar (Tiger's Milk)
2708126,A,83.0,A,90.9,Nutrition bar (Zone Perfect Classic Crunch)
2708127,A,76.8,A,87.6,Nutrition bar or meal replacement bar, NFS
2708128,D,44.4,C,53.1,Baby Toddler snack, NFS
2708129,D,38.9,D,44.2,Baby Toddler bar
2708130,D,45.4,B,60.2,Baby Toddler cookie
2708131,D,44.2,B,62.3,Baby Toddler biscuit
2708132,E,17.0,E,30.1,Crackers, NFS
2708133,E,24.0,D,35.0,Graham crackers
2708134,E,24.0,D,35.0,Graham crackers (Teddy Grahams)
2708135,E,8.1,E,16.4,Graham crackers, chocolate covered
2708136,E,27.3,D,38.5,Crackers, oatmeal
2708137,E,20.3,E,29.7,Crackers, Cuban
2708138,E,30.8,D,37.8,Graham crackers, reduced fat
2708139,E,12.9,E,21.4,Graham crackers, sandwich, with filling
2708140,D,32.9,D,42.3,Crackers, breakfast biscuit
2708141,C,54.4,B,58.8,Crackers, butter, reduced sodium
2708142,D,35.2,C,51.7,Crackers, matzo, reduced sodium
2708143,D,32.6,C,48.3,Crackers, saltine, reduced sodium
2708144,C,54.4,B,58.8,Crackers, wheat, reduced sodium
2708145,C,54.4,B,58.8,Crackers, woven wheat, reduced sodium
2708146,E,17.0,E,30.1,Crackers, butter, plain
2708147,E,17.0,E,30.1,Crackers, butter, flavored
2708148,E,17.0,E,30.1,Crackers, butter (Ritz)
2708149,E,29.1,D,45.4,Crackers, butter, reduced fat
2708150,E,27.9,C,48.5,Crackers, cheese
2708151,E,27.9,C,48.5,Crackers, cheese (Cheez-It)
2708152,E,27.9,C,48.5,Crackers, cheese (Goldfish)
2708153,E,27.7,D,45.6,Crackers, cheese, reduced fat
2708154,E,24.4,D,44.0,Crackers, cheese, reduced sodium
2708155,D,35.0,C,50.0,Crackers, cheese, whole grain
2708156,B,67.4,B,64.1,Crackers, crispbread
2708157,B,59.3,B,65.0,Crackers, flatbread
2708158,D,35.2,C,51.7,Crackers, matzo
2708159,E,23.6,D,36.9,Crackers, milk
2708160,E,27.7,D,44.4,Crackers, oyster
2708161,D,39.2,C,50.8,Chips, rice
2708162,D,32.9,D,43.1,Rice cake
2708163,D,34.7,C,51.5,Crackers, rice
2708164,D,38.4,C,56.4,Crackers, rice and nuts
2708165,D,38.0,C,53.3,Popcorn cake
2708166,E,19.0,E,28.6,Rice paper
2708167,E,27.7,D,44.4,Crackers, saltine
2708168,D,34.4,C,52.1,Crackers, saltine, reduced fat
2708169,E,28.3,D,38.7,Crackers, saltine, multigrain
2708170,E,18.6,E,32.0,Crackers, multigrain
2708171,E,28.9,C,50.9,Crackers, sandwich
2708172,E,28.9,C,50.9,Crackers, sandwich, peanut butter filled
2708173,E,18.5,D,33.2,Crackers, sandwich, peanut butter filled (Ritz)
2708174,E,23.9,D,38.9,Crackers, sandwich, reduced fat, peanut butter filled
2708175,B,60.2,A,74.8,Crackers, whole grain, sandwich, peanut butter filled
2708176,E,22.9,D,40.6,Crackers, sandwich, cheese filled
2708177,E,18.9,D,33.8,Crackers, sandwich, cheese filled (Ritz)
2708178,E,26.3,D,36.6,Crackers, water
2708179,E,23.9,D,44.8,Crackers, wonton
2708180,D,39.2,C,50.4,Crackers, woven wheat
2708181,D,39.2,C,50.4,Crackers, woven wheat, plain (Triscuit)
2708182,D,39.2,C,50.4,Crackers, woven wheat, flavored (Triscuit)
2708183,B,66.7,A,72.9,Crackers, woven wheat, reduced fat
2708184,D,39.2,C,50.4,Crackers, wheat
2708185,D,39.2,C,50.4,Crackers, wheat, plain (Wheat Thins)
2708186,D,39.2,C,50.4,Crackers, wheat, flavored (Wheat Thins)
2708187,E,29.1,D,45.4,Crackers, wheat, reduced fat
2708188,B,63.7,A,72.0,Crackers, gluten free, plain
2708189,B,63.7,A,72.0,Crackers, gluten free, flavored
2708190,D,36.5,B,58.3,Baby Toddler crackers
2708191,D,42.9,C,49.1,Baby Toddler puffs, fruit
2708192,D,42.9,C,49.1,Baby Toddler puffs, vegetable
2708193,E,28.2,E,31.0,Baby Toddler crunchies
2708194,E,31.8,C,49.0,Baby Toddler wheels
2708195,D,33.1,D,45.9,Corn nuts
2708196,E,18.9,E,30.7,Corn chips, plain
2708197,E,20.7,E,32.3,Corn chips, flavored
2708198,E,20.9,E,32.5,Corn chips, plain (Fritos)
2708199,E,19.7,E,31.4,Corn chips, flavored (Fritos)
2708200,E,12.5,E,23.8,Cheese flavored corn snacks
2708201,D,35.4,C,48.7,Cheese flavored corn snacks, reduced fat
2708202,E,28.1,D,39.5,Tortilla chips, plain
2708203,E,12.5,E,23.8,Cheese flavored corn snacks (Cheetos)
2708204,E,24.7,D,38.0,Tortilla chips, flavored
2708205,E,24.0,D,36.8,Corn chips, reduced sodium
2708206,E,24.7,D,38.0,Tortilla chips, nacho cheese flavor (Doritos)
2708207,E,26.5,D,38.1,Tortilla chips, cool ranch flavor (Doritos)
2708208,E,24.7,D,38.0,Tortilla chips, other flavors (Doritos)
2708209,D,42.8,B,59.7,Tortilla chips, reduced fat, plain
2708210,D,42.8,B,59.7,Tortilla chips, reduced fat, flavored
2708211,C,45.9,B,62.5,Tortilla chips, low fat, unsalted
2708212,D,36.9,C,52.2,Tortilla chips, reduced sodium
2708213,E,19.7,D,32.8,Snack mix
2708214,E,18.1,E,27.8,Potato chips, restructured, multigrain
2708215,D,40.3,B,60.3,Pita chips
2708216,D,32.3,D,44.8,Popcorn, NFS
2708217,E,7.9,E,19.0,Popcorn, movie theater, with added butter
2708218,E,10.4,E,24.0,Popcorn, movie theater, no butter added
2708219,A,80.9,A,86.5,Popcorn, air-popped, no butter added
2708220,B,71.2,A,74.7,Popcorn, air-popped, with added butter
2708221,D,43.0,C,53.1,Popcorn, popped in oil, no butter added
2708222,E,27.1,D,40.1,Popcorn, popped in oil, with added butter
2708223,D,32.3,D,44.8,Popcorn, microwave, NFS
2708224,D,32.3,D,44.8,Popcorn, microwave, plain
2708225,A,72.4,A,77.5,Popcorn, microwave, plain, light
2708226,D,41.4,C,51.9,Popcorn, microwave, low sodium
2708227,D,32.3,D,44.8,Popcorn, microwave, butter flavored
2708228,B,70.6,A,75.8,Popcorn, microwave, flavored, light
2708229,E,31.7,D,44.2,Popcorn, microwave, cheese flavored
2708230,C,47.8,C,56.6,Popcorn, microwave, kettle
2708231,D,38.6,C,50.5,Popcorn, ready-to-eat, NFS
2708232,B,62.1,B,67.0,Popcorn, ready-to-eat, plain
2708233,B,71.8,A,75.9,Popcorn, ready-to-eat, plain, light
2708234,B,64.6,B,69.2,Popcorn, ready-to-eat, low sodium
2708235,D,38.6,C,50.5,Popcorn, ready-to-eat, butter flavored
2708236,D,34.9,C,48.5,Popcorn, ready-to-eat, cheese flavored
2708237,B,70.8,A,75.0,Popcorn, ready-to-eat, flavored, light
2708238,E,19.8,E,29.5,Popcorn, ready-to-eat, kettle
2708239,E,14.3,E,20.1,Popcorn, caramel coated
2708240,E,27.5,D,37.0,Popcorn, caramel coated, with nuts
2708241,E,28.1,D,33.6,Popcorn, chocolate coated
2708242,D,38.9,C,55.2,Popcorn chips, plain
2708243,D,38.9,C,55.2,Popcorn chips, other flavors
2708244,D,34.6,C,48.6,Popcorn chips, sweet flavors
2708245,E,20.5,D,35.0,Onion flavored rings
2708246,E,24.5,D,36.3,Shrimp chips
2708247,E,30.0,C,47.2,Pretzels, NFS
2708248,E,30.0,C,47.2,Pretzels, hard, NFS
2708249,E,30.0,C,47.2,Pretzels, hard, plain, salted
2708250,E,31.3,C,47.4,Pretzels, hard, plain, lightly salted
2708251,D,33.1,C,47.8,Pretzels, hard, plain, unsalted
2708252,E,29.3,D,46.5,Pretzels, hard, flavored
2708253,D,32.3,C,49.4,Pretzels, hard, multigrain
2708254,E,9.3,E,15.5,Pretzels, hard, plain, gluten free
2708255,E,9.1,E,15.2,Pretzels, hard, flavored, gluten free
2708256,E,25.2,E,42.7,Pretzel chips, hard, plain
2708257,E,24.2,E,41.5,Pretzel chips, hard, flavored
2708258,E,8.9,E,14.9,Pretzel chips, hard, gluten free
2708259,E,18.8,E,31.8,Pretzels, hard, coated, NFS
2708260,E,18.8,E,31.8,Pretzels, hard, chocolate coated
2708261,E,14.7,E,25.9,Pretzels, hard, white chocolate coated
2708262,E,14.6,E,25.7,Pretzels, hard, yogurt coated
2708263,E,8.8,E,16.0,Pretzels, hard, coated, gluten free
2708264,E,22.9,E,41.6,Pretzels, hard, filled, NFS
2708265,E,22.9,E,41.6,Pretzels, hard, cheese filled
2708266,D,39.5,B,62.8,Pretzels, hard, peanut butter filled
2708267,E,24.7,D,38.2,Pretzels, soft, NFS
2708268,E,24.7,D,38.2,Pretzels, soft, ready-to-eat, NFS
2708269,E,24.7,D,38.2,Pretzels, soft, ready-to-eat, salted, buttered
2708270,E,29.0,D,42.1,Pretzels, soft, ready-to-eat, unsalted, buttered
2708271,E,25.4,D,38.9,Pretzels, soft, ready-to-eat, salted, no butter
2708272,E,30.0,D,43.1,Pretzels, soft, ready-to-eat, unsalted, no butter
2708273,E,21.4,E,31.6,Pretzels, soft, ready-to-eat, cinnamon sugar coated
2708274,E,21.8,D,35.7,Pretzels, soft, ready-to-eat, coated or flavored
2708275,D,34.7,C,54.3,Pretzels, soft, ready-to-eat, topped with meat
2708276,D,35.3,C,51.9,Pretzels, soft, ready-to-eat, topped with cheese
2708277,E,24.7,D,38.2,Pretzels, soft, from frozen, NFS
2708278,E,25.4,D,38.9,Pretzels, soft, from frozen, salted
2708279,E,30.0,D,43.1,Pretzels, soft, from frozen, unsalted
2708280,E,21.4,E,31.6,Pretzels, soft, from frozen, cinnamon sugar coated
2708281,E,21.8,D,35.7,Pretzels, soft, from frozen, coated or flavored
2708282,D,34.7,C,54.3,Pretzels, soft, from frozen, topped with meat
2708283,D,35.3,C,51.9,Pretzels, soft, from frozen, topped with cheese
2708284,D,35.3,C,51.9,Pretzels, soft, filled with cheese
2708285,D,35.8,C,48.4,Pretzels, soft, from school lunch
2708286,D,33.2,D,46.2,Pretzels, soft, multigrain
2708287,E,15.6,E,21.1,Pretzels, soft, gluten free
2708288,E,12.0,E,16.3,Pretzels, soft, gluten free, cinnamon sugar coated
2708289,E,13.6,E,19.9,Pretzels, soft, gluten free, coated or flavored
2708290,D,39.0,C,48.7,Multigrain chips (Sun Chips)
2708291,E,31.6,D,45.8,Snack mix, plain (Chex Mix)
2708292,D,35.9,B,57.6,Bagel chips
2708293,D,39.0,C,48.7,Cracker chips
2708294,E,30.9,D,41.5,Pancakes, NFS
2708295,D,39.0,D,42.7,Pancakes, plain, frozen
2708296,D,39.0,D,41.9,Pancakes, fruit, frozen
2708297,D,37.3,D,41.8,Pancakes, chocolate, frozen
2708298,D,41.0,D,45.0,Pancakes, whole grain, frozen
2708299,E,28.0,D,38.9,Pancakes, plain, fast food / restaurant
2708300,E,27.9,D,34.8,Pancakes, fruit, fast food / restaurant
2708301,E,24.3,D,36.9,Pancakes, chocolate, fast food / restaurant
2708302,E,31.6,D,42.7,Pancakes, whole grain, fast food / restaurant
2708303,C,46.4,C,50.4,Pancakes, school
2708304,E,30.9,D,41.5,Pancakes, plain
2708305,D,32.7,D,43.0,Pancakes, plain, reduced fat
2708306,E,30.8,D,37.2,Pancakes, fruit
2708307,D,37.1,D,43.7,Pancakes, pumpkin
2708308,E,25.8,D,38.5,Pancakes, chocolate
2708309,D,34.9,D,45.6,Pancakes, whole grain
2708310,D,36.9,C,47.4,Pancakes, whole grain, reduced fat
2708311,E,19.7,E,22.0,Pancakes, gluten free
2708312,D,41.6,C,50.7,Waffle, NFS
2708313,D,41.6,C,50.7,Waffle, plain, frozen
2708314,D,37.5,C,52.1,Waffle, plain, reduced fat
2708315,D,41.2,C,49.4,Waffle, fruit, frozen
2708316,D,40.5,C,49.9,Waffle, chocolate, frozen
2708317,D,39.2,D,46.9,Waffle, whole grain, frozen
2708318,D,42.9,C,50.2,Waffle, whole grain, reduced fat
2708319,D,38.9,D,45.8,Waffle, whole grain, fruit, frozen
2708320,E,25.8,D,40.5,Waffle, plain, fast food / restaurant
2708321,E,23.0,D,39.7,Waffle, chocolate, fast food / restaurant
2708322,E,25.5,D,36.0,Waffle, fruit, fast food / restaurant
2708323,E,28.7,D,44.0,Waffle, whole grain, fast food / restaurant
2708324,D,43.0,C,50.3,Waffle, school
2708325,E,30.3,D,44.9,Waffle, plain
2708326,E,29.4,D,39.5,Waffle, fruit
2708327,E,26.6,D,43.1,Waffle, chocolate
2708328,E,30.7,D,45.2,Waffle, cinnamon
2708329,D,34.2,C,49.1,Waffle, whole grain
2708330,E,13.9,E,16.5,Waffle, gluten free
2708331,D,42.0,C,57.1,French toast, NFS
2708332,D,42.3,C,48.1,French toast, frozen
2708333,D,35.9,C,51.4,French toast, fast food / restaurant
2708334,B,58.8,B,64.1,French toast, school
2708335,D,42.0,C,57.1,French toast, plain
2708336,C,47.4,B,63.2,French toast, whole grain
2708337,D,33.9,D,44.6,French toast, gluten free
2708338,E,28.9,D,39.9,French toast sticks
2708339,E,19.3,E,32.2,French toast sticks, fast food / restaurant
2708340,B,58.8,B,64.1,French toast sticks, school
2708341,D,38.5,C,49.8,Crepe, NFS
2708342,D,38.5,C,49.8,Crepe, plain
2708343,E,27.0,E,29.6,Chinese pancake
2708344,D,34.2,E,30.2,Dumpling, no meat
2708345,E,10.6,E,13.4,Cake made with glutinous rice
2708346,B,60.0,C,56.1,Idli
2708347,E,29.6,D,35.4,Dosa, plain
2708348,D,34.1,D,42.2,Cake made with glutinous rice and dried beans
2708349,E,29.7,D,42.3,Funnel cake with sugar
2708350,E,23.5,E,32.6,Funnel cake with sugar and fruit
2708351,C,49.2,D,44.3,Pasta, vegetable, cooked
2708352,D,37.2,D,35.7,Noodles, cooked
2708353,C,49.9,C,49.6,Noodles, whole grain, cooked
2708354,E,23.9,D,44.8,Noodles, chow mein
2708355,D,35.7,E,19.7,Long rice noodles, made from mung beans, cooked
2708356,E,29.2,E,20.7,Rice noodles, cooked
2708357,D,37.0,D,39.4,Pasta, cooked
2708358,C,49.6,C,49.3,Pasta, whole grain, cooked
2708359,E,22.6,E,23.4,Pasta, gluten free
2708360,B,63.7,D,45.3,Cereal, cooked, NFS
2708361,D,32.7,E,27.4,Barley
2708362,D,44.8,D,37.7,Buckwheat groats
2708363,D,45.1,E,28.4,Grits, NFS
2708364,D,45.1,E,28.4,Grits, regular or quick, made with water, NS as to fat
2708365,C,52.9,D,33.3,Grits, regular or quick, made with water, no added fat
2708366,D,45.1,E,28.4,Grits, regular or quick, made with water, fat added
2708367,D,38.9,E,32.3,Grits, with cheese, NS as to fat
2708368,D,43.9,D,35.4,Grits, with cheese, no added fat
2708369,D,38.9,E,32.3,Grits, with cheese, fat added
2708370,B,67.5,D,46.7,Grits, instant, made with water, no added fat
2708371,B,58.8,D,41.8,Grits, instant, made with water, fat added
2708372,B,58.8,D,41.8,Grits, instant, made with water, NS as to fat
2708373,D,45.3,E,28.5,Cornmeal mush, NS as to fat
2708374,C,53.4,D,33.6,Cornmeal mush, no added fat
2708375,D,45.3,E,28.5,Cornmeal mush, fat added
2708376,C,46.2,D,34.5,Masa harina, cooked
2708377,D,42.0,D,36.0,Millet
2708378,C,55.2,D,41.0,Oatmeal, fast food, plain
2708379,D,38.7,E,30.1,Oatmeal, fast food, flavored
2708380,C,56.4,D,40.7,Oatmeal, NFS
2708381,B,63.7,D,45.3,Oatmeal, regular or quick, made with water, no added fat
2708382,C,56.4,D,40.7,Oatmeal, regular or quick, made with water, fat added
2708383,C,58.3,C,53.2,Oatmeal, regular or quick, made with milk, no added fat
2708384,C,53.1,C,49.9,Oatmeal, regular or quick, made with milk, fat added
2708385,B,61.6,C,49.4,Oatmeal, regular or quick, made with non-dairy milk, no added fat
2708386,C,56.9,D,46.7,Oatmeal, regular or quick, made with non-dairy milk, fat added
2708387,B,69.3,C,50.6,Oatmeal, instant, plain, made with water, no added fat
2708388,B,61.8,D,46.4,Oatmeal, instant, plain, made with water, fat added
2708389,B,62.7,C,55.2,Oatmeal, instant, plain, made with milk, no added fat
2708390,C,55.4,C,50.8,Oatmeal, instant, plain, made with milk, fat added
2708391,B,63.5,C,50.5,Oatmeal, instant, plain, made with non-dairy milk, no added fat
2708392,C,56.3,D,46.4,Oatmeal, instant, plain, made with non-dairy milk, fat added
2708393,C,56.6,D,44.1,Oatmeal, instant, maple flavored, no added fat
2708394,C,48.2,D,39.3,Oatmeal, instant, maple flavored, fat added
2708395,C,56.8,D,43.9,Oatmeal, instant, fruit flavored, no added fat
2708396,C,48.5,D,39.1,Oatmeal, instant, fruit flavored, fat added
2708397,B,63.1,C,47.5,Oatmeal, reduced sugar
2708398,B,67.0,C,46.9,Oatmeal, multigrain
2708399,D,42.9,D,40.5,Quinoa, NS as to fat
2708400,C,54.2,C,47.8,Quinoa, no added fat
2708401,D,42.9,D,40.5,Quinoa, fat added
2708402,E,28.1,E,24.0,Rice, cooked, NFS
2708403,E,28.1,E,24.0,Rice, white, cooked, NS as to fat
2708404,E,22.9,E,21.2,Rice, white, cooked, made with oil
2708405,E,21.7,E,20.0,Rice, white, cooked, made with butter
2708406,E,25.4,E,22.7,Rice, white, cooked, made with margarine
2708407,E,23.0,E,21.1,Rice, white, cooked, fat added, NS as to fat type
2708408,E,28.1,E,24.0,Rice, white, cooked, no added fat
2708409,D,32.6,E,26.7,Rice, brown, cooked, NS as to fat
2708410,E,27.3,E,23.8,Rice, brown, cooked, fat added, made with oil
2708411,E,25.9,E,22.4,Rice, brown, cooked, made with butter
2708412,E,30.2,E,25.7,Rice, brown, cooked, made with margarine
2708413,E,27.5,E,23.7,Rice, brown, cooked, fat added, NS as to fat type
2708414,D,32.6,E,26.7,Rice, brown, cooked, no added fat
2708415,B,62.7,D,42.9,Cream of rice
2708416,D,38.5,D,38.6,Rice, cooked, with milk
2708417,E,23.0,E,20.3,Rice, sweet, cooked with honey
2708418,E,48.4,E,26.9,Congee
2708419,D,41.0,E,28.2,Yellow rice, cooked, NS as to fat
2708420,D,41.0,E,28.2,Yellow rice, cooked, no added fat
2708421,D,35.1,E,25.0,Yellow rice, cooked, fat added
2708422,D,34.8,E,24.4,Rice, white, cooked, glutinous
2708423,D,41.7,D,36.8,Rice, wild, 100%, cooked, NS as to fat
2708424,C,51.3,D,42.6,Rice, wild, 100%, cooked, no added fat
2708425,D,41.7,D,36.8,Rice, wild, 100%, cooked, fat added
2708426,E,38.8,E,25.5,Rice, white and wild, cooked, no added fat
2708427,D,37.2,E,31.1,Rice, brown and wild, cooked, no added fat
2708428,E,28.0,E,21.2,Rice, white and wild, cooked, fat added
2708429,E,28.0,E,21.2,Rice, white and wild, cooked, NS as to fat
2708430,E,31.4,E,27.8,Rice, brown and wild, cooked, fat added
2708431,E,28.9,E,21.9,Rice, brown and wild, cooked, NS as to fat
2708432,E,16.4,E,17.9,Rice, white, cooked with fat, Puerto Rican style
2708433,B,65.4,D,45.1,Cream of wheat, NFS
2708434,B,71.7,C,48.9,Cream of wheat, regular or quick, made with water, no added fat
2708435,B,65.4,D,45.1,Cream of wheat, regular or quick, made with water, fat added
2708436,B,67.1,C,47.1,Cream of wheat, instant, made with water, no added fat
2708437,B,61.2,D,43.8,Cream of wheat, instant, made with water, fat added
2708438,B,61.4,C,47.2,Bulgur, no added fat
2708439,D,42.3,D,34.9,Bulgur, fat added
2708440,B,61.4,C,47.2,Bulgur, NS as to fat
2708441,D,40.6,D,34.4,Couscous, plain, cooked
2708442,B,67.8,D,45.5,Whole wheat cereal, cooked
2708443,B,59.8,D,39.6,Wheat cereal, chocolate flavored, cooked
2708444,A,77.0,C,57.1,Oat bran cereal, cooked
2708445,D,44.6,C,53.4,Cereal, ready-to-eat, NFS
2708446,C,49.3,B,58.5,Cereal, O's, flavored
2708447,E,20.4,E,26.5,Cereal, crunch
2708448,A,78.9,A,85.8,Cereal, O's, plain
2708449,D,34.8,D,40.6,Cereal, chocolate puffs
2708450,D,34.9,D,41.9,Cereal, cinnamon toast
2708451,E,24.9,E,32.5,Cereal, chocolate crispy
2708452,C,46.3,C,55.5,Cereal, corn squares
2708453,D,39.9,C,47.3,Cereal, corn flakes, plain
2708454,C,48.9,C,56.5,Cereal, corn puffs
2708455,D,40.3,C,48.9,Cereal, rice crispy, plain
2708456,A,78.4,A,77.1,Cereal, bran flakes, plain
2708457,B,69.4,A,72.0,Cereal, shredded wheat, flavored
2708458,E,23.3,E,30.3,Cereal, rice crispy, flavored
2708459,D,31.9,D,37.5,Cereal, fruit rings
2708460,E,15.6,E,22.5,Cereal, fruit crispy
2708461,D,45.2,B,58.3,Cereal, granola
2708462,D,42.6,C,51.9,Cereal, oat bunches
2708463,D,34.8,D,41.1,Cereal, corn squares, flavored
2708464,C,49.3,B,58.5,Cereal, O's, honey nut
2708465,A,79.3,A,82.2,Cereal, multigrain
2708466,B,59.2,B,69.7,Cereal, oat squares
2708467,D,45.2,C,55.0,Cereal, frosted oats with marshmallows
2708468,B,71.4,B,70.6,Cereal, O's, multigrain
2708469,B,69.7,B,66.4,Cereal, bran flakes, flavored
2708470,D,44.1,C,51.7,Cereal, rice squares
2708471,B,69.5,A,83.4,Cereal, K's, plain
2708472,C,49.2,C,55.2,Cereal, K's, flavored
2708473,E,27.2,D,35.1,Cereal, flavored puffs
2708474,E,24.8,E,31.1,Cereal, corn flakes, flavored
2708475,B,64.7,A,72.6,Cereal, O's, NFS
2708476,A,80.5,A,80.7,Cereal, wheat squares
2708477,A,93.6,A,96.0,Wheat germ
2708478,C,49.0,B,58.0,Cereal, plain puffs
2708479,A,76.0,A,80.0,Cereal, shredded wheat, plain
2708480,A,72.0,A,75.1,Cereal, wheat flakes
2708481,D,39.5,C,47.9,Cereal, other, NFS
2708482,C,52.9,B,63.5,Cereal, other, plain
2708483,E,23.8,E,30.1,Cereal, other, fruit flavored
2708484,E,30.7,D,37.4,Cereal, other, chocolate
2708485,D,38.7,C,48.6,Cereal, other, peanut butter
2708486,D,45.3,C,54.9,Cereal, other, honey
2708487,D,42.7,C,53.4,Cereal, reduced sugar
2708488,A,93.5,A,96.5,Wheat bran
2708489,A,74.0,A,84.0,Oats, raw
2708490,A,75.5,A,76.7,Cereal, oat bran, ready-to-eat
2708491,B,65.6,A,82.0,Baby Toddler cereal, barley, dry
2708492,B,60.4,A,73.0,Baby Toddler cereal, oatmeal, dry
2708493,D,43.9,C,51.4,Baby Toddler cereal, rice, dry
2708494,D,43.5,C,50.8,Baby Toddler cereal, rice with fruit, dry
2708495,D,45.5,C,51.5,Baby Toddler cereal, multigrain with fruit, dry
2708496,D,45.5,C,52.0,Baby Toddler cereal, multigrain, dry
2708497,B,59.5,B,71.3,Baby Toddler cereal, oatmeal with fruit, dry
2708498,B,59.4,D,43.9,Baby Toddler cereal, NFS
2708499,B,59.0,D,40.7,Baby Toddler cereal, rice, ready-to-eat
2708500,B,65.8,C,49.3,Baby Toddler cereal, oatmeal, ready-to-eat
2708501,B,60.8,D,43.6,Baby Toddler cereal, multigrain, ready-to-eat
2708502,C,56.0,D,40.0,Baby Toddler cereal, multigrain with fruit, ready-to-eat
2708503,B,59.4,D,43.9,Baby Toddler cereal, oatmeal with fruit, ready-to-eat
2708504,C,54.8,D,38.2,Baby Toddler cereal, rice with fruit, ready-to-eat
2708505,C,51.7,B,63.0,Chilaquiles
2708506,D,34.4,C,50.7,Frito pie
2708507,C,54.0,B,70.8,Mexican pizza
2708508,D,44.1,C,49.8,Taco or tostada salad with meat
2708509,C,49.4,C,54.2,Taco or tostada salad with chicken
2708510,D,43.3,D,43.8,Taco or tostada salad, meatless
2708511,D,39.5,D,45.1,Taco or tostada salad with meat and sour cream
2708512,D,43.9,C,48.8,Taco or tostada salad with chicken and sour cream
2708513,D,38.6,D,39.7,Taco or tostada salad, meatless with sour cream
2708514,C,54.3,B,71.1,Taco, NFS
2708515,C,54.0,B,70.8,Taco, corn tortilla, beef, cheese
2708516,C,48.0,B,60.4,Taco, corn tortilla, beef, with beans, cheese
2708517,C,51.1,B,69.0,Taco, corn tortilla, pork, cheese
2708518,C,45.9,B,58.2,Taco, corn tortilla, pork, with beans, cheese
2708519,B,64.2,A,77.4,Taco, corn tortilla, chicken, cheese
2708520,C,53.9,B,65.3,Taco, corn tortilla, chicken, with beans, cheese
2708521,D,40.4,D,43.0,Taco, corn tortilla, with beans, cheese
2708522,C,53.3,B,69.5,Taco, flour tortilla, beef, cheese
2708523,C,47.3,B,62.5,Taco, flour tortilla, beef, with beans, cheese
2708524,C,50.5,B,67.8,Taco, flour tortilla, pork, cheese
2708525,C,45.6,B,60.6,Taco, flour tortilla, pork, with beans, cheese
2708526,B,62.4,A,75.5,Taco, flour tortilla, chicken, cheese
2708527,C,53.4,B,67.6,Taco, flour tortilla, chicken, with beans, cheese
2708528,D,39.0,D,44.7,Taco, flour tortilla, with beans, cheese
2708529,D,44.5,B,61.7,Taco, fish
2708530,C,54.9,A,71.5,Taco, meat, no cheese
2708531,C,48.1,B,59.2,Taco, meat, with beans, no cheese
2708532,D,40.9,D,41.2,Taco, with beans, no cheese
2708533,C,47.4,B,64.9,Taco, cheese only
2708534,D,45.0,B,59.2,Burrito, NFS
2708535,C,45.9,B,65.8,Burrito, beef, cheese
2708536,D,38.3,C,52.9,Burrito, beef, with rice, cheese
2708537,D,45.0,B,59.2,Burrito, beef, with beans, cheese
2708538,D,41.5,C,56.1,Burrito, beef, with beans and rice, cheese
2708539,D,43.9,B,63.4,Burrito, pork, cheese
2708540,D,37.3,C,51.6,Burrito, pork, with rice, cheese
2708541,D,43.2,B,57.2,Burrito, pork, with beans, cheese
2708542,D,40.0,C,54.3,Burrito, pork, with beans and rice, cheese
2708543,C,51.1,B,69.2,Burrito, chicken, cheese
2708544,D,43.1,C,57.0,Burrito, chicken, with rice, cheese
2708545,C,49.8,B,63.3,Burrito, chicken, with beans, cheese
2708546,C,46.5,B,60.1,Burrito, chicken, with beans and rice, cheese
2708547,C,47.2,C,51.9,Burrito, with beans, no cheese
2708548,C,47.1,C,53.5,Burrito, with beans, cheese
2708549,D,35.4,D,42.3,Burrito, with beans and rice, cheese
2708550,D,44.9,B,63.9,Burrito, meat, no cheese
2708551,D,37.6,C,50.9,Burrito, meat, with rice, no cheese
2708552,D,45.0,B,58.0,Burrito, meat, with beans, no cheese
2708553,D,40.8,C,54.0,Burrito, meat, with beans and rice, no cheese
2708554,D,39.3,B,61.6,Burrito, cheese only
2708555,B,67.0,A,77.8,Burrito bowl, NFS
2708556,B,62.4,A,74.5,Burrito bowl, beef or pork
2708557,C,50.9,B,63.9,Burrito bowl, beef or pork, with rice
2708558,B,63.8,A,76.1,Burrito bowl, beef or pork, with beans
2708559,C,57.4,B,70.0,Burrito bowl, beef or pork, with beans and rice
2708560,A,74.7,A,83.1,Burrito bowl, chicken
2708561,B,60.8,A,72.0,Burrito bowl, chicken, with rice
2708562,A,72.6,A,82.6,Burrito bowl, chicken, with beans
2708563,B,67.0,A,77.8,Burrito bowl, chicken, with beans and rice
2708564,B,67.3,B,65.8,Burrito bowl, with beans
2708565,C,49.3,B,59.0,Enchilada, NFS
2708566,D,44.7,C,55.3,Enchilada, beef
2708567,D,43.3,C,53.8,Enchilada, pork
2708568,C,49.3,B,59.0,Enchilada, chicken
2708569,D,40.0,D,43.4,Enchilada, no meat
2708570,D,43.5,C,49.0,Tamale, NFS
2708571,D,43.5,C,49.0,Tamale, beef
2708572,D,43.5,C,49.0,Tamale, pork
2708573,D,43.5,C,49.0,Tamale, chicken
2708574,E,21.8,E,23.5,Tamale, no meat
2708575,D,43.5,C,49.0,Tamale casserole with meat
2708576,E,27.3,D,38.7,Nachos, NFS
2708577,E,18.9,E,24.9,Nachos, cheese only
2708578,D,36.2,C,52.8,Nachos, beef or pork
2708579,D,37.8,C,50.0,Nachos, beef or pork, with beans
2708580,D,42.1,B,58.0,Nachos, chicken
2708581,D,43.2,C,54.4,Nachos, chicken, with beans
2708582,E,25.6,E,29.8,Nachos, with beans
2708583,D,32.4,C,50.6,Gordita, cheese only
2708584,D,32.8,D,38.3,Gordita, with beans
2708585,C,50.2,B,68.4,Gordita, meat
2708586,D,43.0,B,59.6,Gordita, meat, with beans
2708587,D,37.1,B,57.6,Chimichanga, meat
2708588,D,34.9,D,44.2,Chimichanga, with beans
2708589,D,41.1,B,61.3,Chimichanga, chicken
2708590,D,39.5,B,61.7,Quesadilla, NFS
2708591,D,39.5,B,61.7,Quesadilla, cheese only
2708592,D,42.3,B,63.4,Quesadilla, beef or pork
2708593,C,45.6,B,65.5,Quesadilla, chicken
2708594,D,36.1,C,47.0,Quesadilla, with vegetables
2708595,D,38.7,C,55.8,Quesadilla, beef or pork, with vegetables
2708596,D,40.8,B,57.8,Quesadilla, chicken, with vegetables
2708597,D,42.3,B,57.8,Quesadilla, egg
2708598,D,43.1,B,59.5,Quesadilla, egg, with meat
2708599,D,36.2,C,54.4,Taquito, cheese only
2708600,D,43.0,B,61.7,Taquito, beef or pork
2708601,C,47.3,B,65.3,Taquito, chicken
2708602,D,34.4,C,49.8,Taquito, egg
2708603,C,55.3,B,69.1,Fajita, NFS
2708604,C,56.4,B,68.7,Fajita, chicken
2708605,C,54.3,B,69.5,Fajita, beef or pork
2708606,C,49.7,C,56.8,Fajita, shrimp
2708607,D,41.2,D,38.4,Fajita, vegetable
2708608,D,44.7,B,61.4,Pupusa, cheese only
2708609,D,35.3,D,39.4,Pupusa, with beans
2708610,D,43.8,B,59.6,Pupusa, meat
2708611,D,39.0,C,49.3,Pupusa, meat, with beans
2708612,D,45.5,B,62.5,Pizza, cheese, from frozen, thin crust
2708613,D,40.0,C,55.2,Pizza, cheese, from frozen, thick crust
2708614,D,43.1,B,59.7,Pizza, cheese, from restaurant or fast food, NS as to type of crust
2708615,D,43.1,B,59.7,Pizza, cheese, from restaurant or fast food, thin crust
2708616,D,43.1,B,59.7,Pizza, cheese, from restaurant or fast food, medium crust
2708617,D,40.2,C,56.3,Pizza, cheese, from restaurant or fast food, thick crust
2708618,D,43.8,B,62.2,Pizza, cheese, stuffed crust
2708619,C,58.3,A,75.2,Pizza, cheese, from school lunch, medium crust
2708620,C,57.7,A,73.4,Pizza, cheese, from school lunch, thin crust
2708621,C,57.6,A,74.3,Pizza, cheese, from school lunch, thick crust
2708622,D,45.3,B,63.0,Pizza, extra cheese, thin crust
2708623,D,42.0,B,59.0,Pizza, extra cheese, thick crust
2708624,D,40.4,C,52.6,Pizza, cheese, with vegetables, from frozen, thin crust
2708625,D,40.0,C,53.6,Pizza, cheese with vegetables, from frozen, thick crust
2708626,D,43.4,C,56.3,Pizza, cheese, with vegetables, from restaurant or fast food, thin crust
2708627,D,43.3,C,57.1,Pizza, cheese, with vegetables, from restaurant or fast food, medium crust
2708628,D,40.8,C,54.0,Pizza, cheese, with vegetables, from restaurant or fast food, thick crust
2708629,D,43.0,C,52.6,Pizza with cheese and extra vegetables, thin crust
2708630,D,42.6,C,53.9,Pizza with cheese and extra vegetables, medium crust
2708631,D,40.2,C,52.9,Pizza with cheese and extra vegetables, thick crust
2708632,D,43.2,C,55.2,Pizza, cheese, with fruit, thin crust
2708633,D,43.0,C,56.1,Pizza, cheese, with fruit, medium crust
2708634,D,40.4,C,53.3,Pizza, cheese, with fruit, thick crust
2708635,D,43.2,B,61.5,Pizza with pepperoni, from frozen, thin crust
2708636,D,40.9,B,58.4,Pizza with pepperoni, from frozen, medium crust
2708637,D,38.6,C,54.9,Pizza with pepperoni, from frozen, thick crust
2708638,D,39.8,B,58.0,Pizza with pepperoni, from restaurant or fast food, NS as to type of crust
2708639,D,39.8,B,58.0,Pizza with pepperoni, from restaurant or fast food, thin crust
2708640,D,39.8,B,58.0,Pizza with pepperoni, from restaurant or fast food,  medium crust
2708641,D,38.7,C,56.8,Pizza with pepperoni, from restaurant or fast food, thick crust
2708642,D,40.3,B,61.2,Pizza with pepperoni, stuffed crust
2708643,C,58.4,A,74.3,Pizza with pepperoni, from school lunch, thin crust
2708644,B,58.8,A,75.5,Pizza, with pepperoni, from school lunch, medium crust
2708645,C,57.9,A,74.5,Pizza with pepperoni, from school lunch, thick crust
2708646,D,45.0,B,63.0,Pizza with meat other than pepperoni, from frozen, thin crust
2708647,D,42.4,B,59.7,Pizza with meat other than pepperoni, from frozen, medium crust
2708648,D,40.1,C,56.2,Pizza with meat other than pepperoni, from frozen, thick crust
2708649,D,39.9,B,57.6,Pizza with meat other than pepperoni, from restaurant or fast food, NS as to type of crust
2708650,D,39.9,B,57.6,Pizza with meat other than pepperoni, from restaurant or fast food, thin crust
2708651,D,39.9,B,57.6,Pizza with meat other than pepperoni, from restaurant or fast food, medium crust
2708652,D,38.3,C,55.5,Pizza with meat other than pepperoni, from restaurant or fast food, thick crust
2708653,D,43.6,B,63.4,Pizza, with meat other than pepperoni, stuffed crust
2708654,C,56.4,A,73.0,Pizza, with meat other than pepperoni, from school lunch, medium crust
2708655,C,57.5,A,73.2,Pizza, with meat other than pepperoni, from school lunch, thin crust
2708656,C,55.1,A,72.7,Pizza, with meat other than pepperoni, from school lunch, thick crust
2708657,C,47.2,B,66.4,Pizza with extra meat, thin crust
2708658,C,46.6,B,66.3,Pizza with extra meat, medium crust
2708659,D,44.9,B,65.4,Pizza with extra meat, thick crust
2708660,D,38.8,C,56.3,Pizza with meat and vegetables, from frozen, thin crust
2708661,D,38.8,C,56.3,Pizza with meat and vegetables, from frozen, medium crust
2708662,D,38.8,C,56.3,Pizza with meat and vegetables, from frozen, thick crust
2708663,C,46.8,B,62.6,Pizza with meat and vegetables, from restaurant or fast food, thin crust
2708664,C,45.7,B,61.6,Pizza with meat and vegetables, from restaurant or fast food, medium crust
2708665,D,41.7,B,57.5,Pizza with meat and vegetables, from restaurant or fast food, thick crust
2708666,C,49.7,B,63.9,Pizza with extra meat and extra vegetables, thin crust
2708667,D,45.1,B,59.9,Pizza with extra meat and extra vegetables, thick crust
2708668,C,47.8,B,62.7,Pizza with extra meat and extra vegetables, medium crust
2708669,C,45.6,B,59.7,Pizza with meat and fruit, thin crust
2708670,D,45.1,B,59.8,Pizza with meat and fruit, medium crust
2708671,D,41.9,C,56.7,Pizza with meat and fruit, thick crust
2708672,C,48.6,B,58.1,Pizza with beans and vegetables, thin crust
2708673,D,44.0,C,55.5,Pizza with beans and vegetables, thick crust
2708674,E,28.9,D,39.9,Pizza, no cheese, thin crust
2708675,E,28.8,D,40.2,Pizza, no cheese, thick crust
2708676,D,43.7,B,62.8,White pizza, cheese, thin crust
2708677,D,42.4,B,60.4,White pizza, cheese, thick crust
2708678,D,42.4,C,56.1,White pizza, cheese, with vegetables, thin crust
2708679,D,41.5,C,55.2,White pizza, cheese, with vegetables, thick crust
2708680,D,40.9,B,62.7,White pizza, cheese, with meat, thin crust
2708681,D,40.3,B,61.0,White pizza, cheese, with meat, thick crust
2708682,D,40.7,B,59.6,White pizza, cheese, with meat and vegetables, thin crust
2708683,D,40.2,B,58.2,White pizza, cheese, with meat and vegetables, thick crust
2708684,D,44.8,B,65.5,Calzone, with cheese, meatless
2708685,D,45.2,B,66.3,Calzone, with meat and cheese
2708686,E,30.2,D,45.5,Pizza rolls
2708687,C,50.2,B,66.3,Pizza, cheese, whole wheat thin crust
2708688,C,50.1,B,65.2,Pizza, cheese, whole wheat thick crust
2708689,C,45.8,B,65.9,Pizza, with meat, whole wheat thin crust
2708690,C,46.6,B,65.2,Pizza, with meat, whole wheat thick crust
2708691,C,48.1,B,59.2,Pizza, cheese and vegetables, whole wheat thin crust
2708692,C,48.4,B,59.6,Pizza, cheese and vegetables, whole wheat thick crust
2708693,D,35.5,C,48.0,Pizza, cheese, gluten-free thin crust
2708694,D,33.3,D,44.1,Pizza, cheese, gluten-free thick crust
2708695,D,34.0,C,51.2,Pizza, with meat, gluten-free thin crust
2708696,D,32.2,C,47.2,Pizza, with meat, gluten-free thick crust
2708697,D,36.5,D,44.6,Pizza, cheese and vegetables, gluten-free thin crust
2708698,D,34.4,D,41.9,Pizza, cheese and vegetables, gluten-free thick crust
2708699,C,47.0,B,67.1,Breakfast pizza with egg
2708700,E,27.6,D,34.7,Egg roll, meatless
2708701,E,31.8,D,40.3,Egg roll, with shrimp
2708702,D,32.3,D,42.9,Egg roll, with beef and/or pork
2708703,D,33.2,D,43.6,Egg roll, with chicken or turkey
2708704,B,62.6,C,56.6,Roll with meat and/or shrimp, vegetables and rice paper, not fried
2708705,D,41.6,C,51.0,Wonton, dumpling or pot sticker, fried
2708706,D,40.8,C,50.3,Wonton, dumpling or pot sticker, fried, no meat
2708707,E,25.6,D,41.9,Puffs, fried, crab meat and cream cheese filled
2708708,C,54.5,C,52.6,Wonton, dumpling or pot sticker, steamed
2708709,E,21.8,D,33.7,Empanada, NFS
2708710,E,22.3,E,30.4,Empanada, no meat
2708711,D,32.2,C,53.7,Empanada, beef
2708712,E,21.8,D,33.7,Empanada, beef, with vegetables
2708713,D,35.9,B,57.3,Empanada, chicken
2708714,E,22.9,D,34.8,Empanada, chicken, with vegetables
2708715,E,22.4,D,34.5,Cornmeal stick, Puerto Rican style
2708716,D,42.6,C,50.3,Kibby, Puerto Rican style
2708717,C,55.9,A,73.8,Bacalaitos fritos
2708718,D,45.2,D,46.5,Hayacas, Puerto Rican style
2708719,B,59.9,A,73.0,Crepe, with meat
2708720,E,26.1,E,31.2,Pierogi
2708721,D,43.9,C,51.8,Gnocchi, cheese
2708722,E,23.0,E,19.9,Gnocchi, potato
2708723,D,34.9,C,52.6,Knish
2708724,D,41.5,B,58.2,Bao bun
2708725,D,32.1,D,40.6,Bao bun, no meat
2708726,D,32.0,C,48.1,Pastry, cheese-filled
2708727,E,26.3,D,40.6,Pastry, egg and cheese filled
2708728,E,31.8,C,52.1,Pastry, meat / poultry-filled
2708729,D,44.1,C,53.1,Spanakopita
2708730,E,19.7,E,27.4,Samosa
2708731,D,31.8,C,56.7,Quiche with meat, poultry or fish
2708732,D,33.2,C,50.5,Spinach quiche, meatless
2708733,E,28.1,C,50.9,Cheese quiche, meatless
2708734,D,36.5,C,52.0,Turnover or hot pocket, NFS
2708735,E,26.3,E,31.1,Turnover or hot pocket, meatless
2708736,D,39.1,C,53.6,Turnover or hot pocket, beef
2708737,E,31.6,D,45.9,Turnover or hot pocket, ham
2708738,D,36.5,C,52.0,Turnover or hot pocket, pizza pocket, meat
2708739,D,38.8,C,52.2,Turnover or hot pocket, pizza pocket
2708740,D,44.0,B,57.6,Turnover or hot pocket, chicken
2708741,D,42.0,C,53.2,Turnover, seafood
2708742,C,47.1,B,59.6,Turnover or lean pocket
2708743,D,36.3,C,51.3,Turnover or breakfast pocket, egg
2708744,E,21.2,E,29.9,Biscuit with gravy
2708745,B,63.0,A,75.9,Chicken cornbread
2708746,D,41.7,C,50.3,Cornmeal dressing with chicken or turkey and vegetables
2708747,D,32.4,D,35.7,Dressing with oysters
2708748,C,45.8,C,54.4,Dressing with chicken or turkey and vegetables
2708749,E,27.7,D,39.5,Dressing with meat and vegetables
2708750,C,52.1,C,53.7,Lasagna with meat
2708751,D,44.3,D,35.0,Lasagna with meat, canned
2708752,C,50.2,B,61.8,Lasagna with meat, from restaurant
2708753,C,58.4,A,73.9,Lasagna with meat, home recipe
2708754,C,53.2,C,51.8,Lasagna with meat, frozen
2708755,B,58.9,A,74.6,Lasagna with meat and spinach
2708756,B,60.5,A,75.5,Lasagna with chicken or turkey
2708757,B,61.9,A,76.6,Lasagna, with chicken or turkey, and spinach
2708758,C,58.1,C,56.2,Lasagna, meatless
2708759,C,56.0,B,67.5,Lasagna, meatless, with vegetables
2708760,C,48.4,B,59.2,Ravioli, NS as to filling, no sauce
2708761,C,47.7,C,49.1,Ravioli, NS as to filling, with tomato sauce
2708762,D,44.8,C,51.2,Ravioli, NS as to filling, with cream sauce
2708763,C,48.8,B,64.0,Ravioli, meat-filled, no sauce
2708764,C,49.8,C,55.0,Ravioli, meat-filled, with tomato sauce or meat sauce
2708765,D,44.3,D,35.0,Ravioli, meat-filled, with tomato sauce or meat sauce, canned
2708766,D,44.1,C,55.0,Ravioli, meat-filled, with cream sauce
2708767,D,33.7,D,40.8,Ravioli, cheese-filled, no sauce
2708768,C,56.4,D,46.7,Ravioli, cheese-filled, with tomato sauce
2708769,C,54.4,D,39.7,Ravioli, cheese-filled, with tomato sauce, canned
2708770,D,39.9,D,41.5,Ravioli, cheese-filled, with meat sauce
2708771,D,33.9,D,37.7,Ravioli, cheese-filled, with cream sauce
2708772,C,47.7,C,49.6,Ravioli, cheese and spinach-filled, no sauce
2708773,D,44.9,D,44.8,Ravioli, cheese and spinach-filled, with cream sauce
2708774,C,54.4,C,49.3,Ravioli, cheese and spinach filled, with tomato sauce
2708775,D,43.4,C,56.2,Manicotti, cheese-filled, no sauce
2708776,C,45.8,C,50.1,Manicotti, cheese-filled, with tomato sauce, meatless
2708777,C,48.2,C,54.9,Manicotti, cheese-filled, with meat sauce
2708778,C,52.0,C,51.5,Manicotti, vegetable- and cheese-filled, with tomato sauce, meatless
2708779,D,42.4,C,54.5,Stuffed shells, cheese-filled, no sauce
2708780,C,45.8,C,48.5,Stuffed shells, cheese-filled, with tomato sauce, meatless
2708781,C,52.0,B,57.2,Stuffed shells, cheese-filled, with meat sauce
2708782,C,52.5,B,61.3,Stuffed shells, cheese- and spinach- filled, no sauce
2708783,B,68.3,A,73.8,Stuffed shells, with chicken, with tomato sauce
2708784,B,68.3,B,68.4,Stuffed shells, with fish and/or shellfish, with tomato sauce
2708785,D,41.4,D,42.8,Tortellini, meat-filled, with tomato sauce
2708786,C,57.5,D,45.1,Tortellini, meat-filled, with tomato sauce, canned
2708787,D,44.2,D,45.7,Tortellini, cheese-filled, meatless, with tomato sauce
2708788,D,43.8,D,34.5,Tortellini, cheese-filled, meatless, with tomato sauce, canned
2708789,E,25.3,E,32.5,Tortellini, cheese-filled, meatless, with vinaigrette dressing
2708790,C,55.0,B,68.6,Tortellini, meat-filled, no sauce
2708791,E,31.6,D,34.8,Tortellini, cheese-filled, with cream sauce
2708792,D,40.1,C,54.5,Tortellini, cheese-filled, no sauce
2708793,D,43.6,D,39.5,Tortellini, spinach-filled, with tomato sauce
2708794,C,49.7,B,57.8,Tortellini, spinach-filled, no sauce
2708795,D,44.2,D,46.5,Cannelloni, cheese- and spinach-filled, no sauce
2708796,B,60.2,C,56.9,Chow fun noodles with meat and vegetables
2708797,C,49.8,D,33.6,Chow fun noodles with vegetables, meatless
2708798,D,40.3,D,37.1,Lo mein, NFS
2708799,D,40.3,D,37.1,Lo mein, meatless
2708800,B,60.5,B,61.6,Lo mein, with shrimp
2708801,C,55.5,B,60.5,Lo mein, with pork
2708802,B,60.5,B,64.6,Lo mein, with beef
2708803,C,55.7,B,59.4,Lo mein, with chicken
2708804,C,48.6,C,53.5,Pad Thai, NFS
2708805,D,40.1,D,42.7,Pad Thai, meatless
2708806,C,48.6,C,53.5,Pad Thai with chicken
2708807,C,47.8,C,49.9,Pad Thai with seafood
2708808,C,47.9,C,53.4,Pad Thai with meat
2708809,B,61.5,A,73.6,Adobo, with noodles
2708810,C,48.5,C,51.9,Macaroni with tuna, Puerto Rican style
2708811,D,34.4,D,46.0,Macaroni or noodles with cheese
2708812,D,34.9,D,36.6,Macaroni or noodles with cheese, from restaurant
2708813,E,26.5,E,29.7,Macaroni or noodles with cheese, made from packaged mix
2708814,C,45.7,D,35.0,Macaroni or noodles with cheese, canned
2708815,D,40.9,D,33.5,Macaroni or noodles with cheese, Easy Mac type
2708816,D,38.0,D,36.1,Macaroni or noodles with cheese, made from reduced fat packaged mix
2708817,D,42.4,C,47.9,Macaroni or noodles with cheese and tuna
2708818,C,46.1,B,61.3,Macaroni or noodles with cheese and meat
2708819,D,43.7,C,48.7,Macaroni or noodles with cheese and meat, prepared from Hamburger Helper mix
2708820,D,33.4,E,32.4,Macaroni or noodles with cheese and tomato
2708821,E,23.7,E,31.6,Macaroni or noodles with cheese and frankfurters or hot dogs
2708822,E,31.2,D,36.4,Macaroni or noodles with cheese and egg
2708823,C,58.4,B,71.2,Macaroni or noodles with cheese and chicken or turkey
2708824,D,39.1,C,49.9,Macaroni or noodles with cheese, whole grain
2708825,C,47.5,C,51.0,Pasta with tomato-based sauce, cheese and meat
2708826,C,45.6,D,39.5,Pasta with tomato-based sauce and cheese
2708827,C,46.5,D,43.9,Pasta with vegetables, no sauce or dressing
2708828,C,52.9,C,50.1,Pasta with sauce, NFS
2708829,B,59.8,C,49.4,Pasta with sauce, meatless, school lunch
2708830,E,30.2,E,29.4,Pasta with tomato-based sauce, restaurant
2708831,C,53.7,D,44.6,Pasta with tomato-based sauce, home recipe
2708832,D,44.4,D,38.4,Pasta with tomato-based sauce, ready-to-heat
2708833,D,33.0,E,31.7,Pasta with tomato-based sauce, and added vegetables, restaurant
2708834,C,56.4,D,46.8,Pasta with tomato-based sauce, and added vegetables, home recipe
2708835,C,48.1,D,41.3,Pasta with tomato-based sauce, and added vegetables, ready-to-heat
2708836,B,60.3,C,55.7,Pasta with sauce and meat, from school lunch
2708837,D,32.4,D,36.1,Pasta with tomato-based sauce and meat, restaurant
2708838,C,52.9,C,50.1,Pasta with tomato-based sauce and meat, home recipe
2708839,D,44.1,D,44.1,Pasta with tomato-based sauce and meat, ready-to-heat
2708840,D,34.8,D,38.2,Pasta with tomato-based sauce, meat, and added vegetables, restaurant
2708841,C,55.5,C,52.1,Pasta with tomato-based sauce, meat, and added vegetables, home recipe
2708842,C,46.9,D,46.3,Pasta with tomato-based sauce, meat, and added vegetables, ready-to-heat
2708843,D,35.1,D,38.4,Pasta with tomato-based sauce and poultry, restaurant
2708844,C,56.7,C,53.0,Pasta with tomato-based sauce and poultry, home recipe
2708845,C,48.5,C,47.3,Pasta with tomato-based sauce and poultry, ready-to-heat
2708846,D,37.6,D,40.5,Pasta with tomato-based sauce, poultry, and added vegetables, restaurant
2708847,B,59.0,C,54.9,Pasta with tomato-based sauce, poultry, and added vegetables, home recipe
2708848,C,51.7,C,49.7,Pasta with tomato-based sauce, poultry, and added vegetables, ready-to-heat
2708849,D,35.9,D,37.9,Pasta with tomato-based sauce and seafood, restaurant
2708850,C,57.9,C,52.6,Pasta with tomato-based sauce and seafood, home recipe
2708851,C,50.1,C,47.2,Pasta with tomato-based sauce and seafood, ready-to-heat
2708852,D,38.3,D,39.9,Pasta with tomato-based sauce, seafood, and added vegetables, restaurant
2708853,B,59.9,C,54.3,Pasta with tomato-based sauce, seafood, and added vegetables, home recipe
2708854,C,52.9,C,49.4,Pasta with tomato-based sauce, seafood, and added vegetables, ready-to-heat
2708855,E,15.8,E,19.5,Pasta with cream sauce, restaurant
2708856,E,23.2,E,24.5,Pasta with cream sauce, home recipe
2708857,E,20.3,E,22.6,Pasta with cream sauce, ready-to-heat
2708858,E,17.9,E,21.0,Pasta with cream sauce and added vegetables, restaurant
2708859,E,30.6,E,29.6,Pasta with cream sauce and added vegetables, from home recipe
2708860,E,25.1,E,25.9,Pasta with cream sauce and added vegetables, ready-to-heat
2708861,E,20.4,E,27.9,Pasta with cream sauce and meat, restaurant
2708862,E,29.9,D,34.7,Pasta with cream sauce and meat, home recipe
2708863,E,25.8,E,31.8,Pasta with cream sauce and meat, ready-to-heat
2708864,E,22.9,E,29.7,Pasta with cream sauce, meat, and added vegetables, restaurant
2708865,D,36.3,D,39.3,Pasta with cream sauce, meat, and added vegetables, home recipe
2708866,E,30.8,D,35.3,Pasta with cream sauce, meat, and added vegetables, ready-to-heat
2708867,E,21.5,E,29.0,Pasta with cream sauce and poultry, restaurant
2708868,D,32.5,D,36.8,Pasta with cream sauce and poultry, home recipe
2708869,E,28.1,D,33.6,Pasta with cream sauce and poultry, ready-to-heat
2708870,E,24.4,E,31.1,Pasta with cream sauce, poultry, and added vegetables, restaurant
2708871,D,39.4,D,41.8,Pasta with cream sauce, poultry, and added vegetables, home recipe
2708872,D,33.3,D,37.3,Pasta with cream sauce, poultry, and added vegetables, ready-to-heat
2708873,E,21.0,E,27.5,Pasta with cream sauce and seafood, restaurant
2708874,D,33.0,D,36.0,Pasta with cream sauce and seafood, home recipe
2708875,E,28.2,E,32.6,Pasta with cream sauce and seafood, ready-to-heat
2708876,E,24.3,E,29.9,Pasta with cream sauce, seafood, and added vegetables, restaurant
2708877,D,40.6,D,41.5,Pasta with cream sauce, seafood, and added vegetables, home recipe
2708878,D,33.9,D,36.6,Pasta with cream sauce, seafood, and added vegetables, ready-to-heat
2708879,D,35.9,D,34.0,Pasta, whole grain, with tomato-based sauce, restaurant
2708880,B,58.8,C,48.6,Pasta, whole grain, with tomato-based sauce, home recipe
2708881,C,51.5,D,43.8,Pasta, whole grain, with tomato-based sauce, ready-to-heat
2708882,D,38.4,D,36.1,Pasta, whole grain, with tomato-based sauce and added vegetables, restaurant
2708883,B,61.1,C,50.3,Pasta, whole grain, with tomato-based sauce and added vegetables, home recipe
2708884,C,54.1,D,45.8,Pasta, whole grain, with tomato-based sauce and added vegetables, ready-to-heat
2708885,D,37.8,D,40.6,Pasta, whole grain, with tomato-based sauce and meat, restaurant
2708886,C,58.4,C,54.4,Pasta, whole grain, with tomato-based sauce and meat, home recipe
2708887,C,51.5,C,49.7,Pasta, whole grain, with tomato-based sauce and meat, ready-to-heat
2708888,D,39.9,D,42.4,Pasta, whole grain, with tomato-based sauce, meat, and added vegetables, restaurant
2708889,B,60.1,C,55.8,Pasta, whole grain, with tomato-based sauce, meat, and added vegetables, home recipe
2708890,C,53.2,C,51.1,Pasta, whole grain, with tomato-based sauce, meat, and added vegetables, ready-to-heat
2708891,D,40.6,D,42.8,Pasta, whole grain, with tomato-based sauce and poultry, restaurant
2708892,B,61.9,C,57.1,Pasta, whole grain, with tomato-based sauce and poultry, home recipe
2708893,C,55.5,C,52.6,Pasta, whole grain, with tomato-based sauce and poultry, ready-to-heat
2708894,D,42.8,D,44.6,Pasta, whole grain, with tomato-based sauce, poultry, and added vegetables, restaurant
2708895,B,63.6,B,58.4,Pasta, whole grain, with tomato-based sauce, poultry, and added vegetables, home recipe
2708896,C,57.4,C,54.1,Pasta, whole grain, with tomato-based sauce, poultry, and added vegetables, ready-to-heat
2708897,D,41.4,D,42.4,Pasta, whole grain, with tomato-based sauce and seafood, restaurant
2708898,B,62.7,C,56.3,Pasta, whole grain, with tomato-based sauce and seafood, home recipe
2708899,C,56.4,C,52.0,Pasta, whole grain, with tomato-based sauce and seafood, ready-to-heat
2708900,D,43.3,D,43.9,Pasta, whole grain, with tomato-based sauce, seafood, and added vegetables, restaurant
2708901,B,64.3,B,57.6,Pasta, whole grain, with tomato-based sauce, seafood, and added vegetables, home recipe
2708902,C,58.0,C,53.3,Pasta, whole grain, with tomato-based sauce, seafood, and added vegetables, ready-to-heat
2708903,E,17.3,E,20.9,Pasta, whole grain, with cream sauce, restaurant
2708904,E,27.9,E,28.3,Pasta, whole grain, with cream sauce, home recipe
2708905,E,23.4,E,25.2,Pasta, whole grain, with cream sauce, ready-to-heat
2708906,E,21.3,E,23.9,Pasta, whole grain, with cream sauce, and added vegetables, restaurant
2708907,D,38.6,D,36.0,Pasta, whole grain, with cream sauce, and added vegetables, home recipe
2708908,E,31.0,E,30.6,Pasta, whole grain, with cream sauce, and added vegetables, ready-to-heat
2708909,E,22.7,E,29.9,Pasta, whole grain, with cream sauce and meat, restaurant
2708910,D,34.9,D,38.8,Pasta, whole grain, with cream sauce and meat, home recipe
2708911,E,30.3,D,35.4,Pasta, whole grain, with cream sauce and meat, ready-to-heat
2708912,E,26.1,E,32.4,Pasta, whole grain, with cream sauce, meat, and added vegetables, restaurant
2708913,D,43.3,D,45.0,Pasta, whole grain, with cream sauce, meat, and added vegetables, home recipe
2708914,D,36.5,D,40.0,Pasta, whole grain, with cream sauce, meat, and added vegetables, ready-to-heat
2708915,E,24.2,E,31.3,Pasta, whole grain, with cream sauce and poultry, restaurant
2708916,D,38.5,D,41.6,Pasta, whole grain, with cream sauce and poultry, home recipe
2708917,D,32.6,D,37.3,Pasta, whole grain, with cream sauce and poultry, ready-to-heat
2708918,E,28.1,D,34.1,Pasta, whole grain, with cream sauce, poultry, and added vegetables, restaurant
2708919,C,47.3,C,48.0,Pasta, whole grain, with cream sauce, poultry, and added vegetables, home recipe
2708920,D,40.2,D,42.8,Pasta, whole grain, with cream sauce, poultry, and added vegetables, ready-to-heat
2708921,E,24.0,E,30.1,Pasta, whole grain, with cream sauce and seafood, restaurant
2708922,D,39.6,D,41.3,Pasta, whole grain, with cream sauce and seafood, home recipe
2708923,D,33.0,D,36.4,Pasta, whole grain, with cream sauce and seafood, ready-to-heat
2708924,E,28.3,D,33.2,Pasta, whole grain, with cream sauce, seafood, and added vegetables, restaurant
2708925,C,48.6,C,47.8,Pasta, whole grain, with cream sauce, seafood, and added vegetables, home recipe
2708926,D,41.3,D,42.5,Pasta, whole grain, with cream sauce, seafood, and added vegetables, ready-to-heat
2708927,C,55.7,C,51.1,Pasta with tomato-based sauce and beans or lentils
2708928,E,27.1,E,29.3,Macaroni or noodles, creamed, with cheese
2708929,C,45.7,C,49.4,Macaroni or noodles, creamed, with cheese and tuna
2708930,D,42.4,E,30.7,Flavored pasta
2708931,B,62.8,B,68.2,Yat Ga Mein with meat, fish, or poultry
2708932,E,21.1,E,25.9,Macaroni or pasta salad, made with mayonnaise
2708933,E,29.4,E,30.5,Macaroni or pasta salad, made with light mayonnaise
2708934,E,29.6,E,30.9,Macaroni or pasta salad, made with mayonnaise-type salad dressing
2708935,E,29.4,E,30.5,Macaroni or pasta salad, made with light mayonnaise-type salad dressing
2708936,D,42.5,D,38.3,Macaroni or pasta salad, made with Italian dressing
2708937,C,50.7,D,43.2,Macaroni or pasta salad, made with light Italian dressing
2708938,D,35.0,D,34.0,Macaroni or pasta salad, made with creamy dressing
2708939,C,47.0,D,41.3,Macaroni or pasta salad, made with light creamy dressing
2708940,D,36.6,D,34.5,Macaroni or pasta salad, made with any type of fat free dressing
2708941,E,23.9,E,29.7,Macaroni or pasta salad with egg
2708942,E,30.7,D,38.2,Macaroni or pasta salad with tuna
2708943,E,30.3,D,37.4,Macaroni or pasta salad with crab meat
2708944,E,30.5,D,38.4,Macaroni or pasta salad with shrimp
2708945,D,33.0,D,40.9,Macaroni or pasta salad with tuna and egg
2708946,D,32.2,D,42.1,Macaroni or pasta salad with chicken
2708947,E,25.6,D,35.5,Macaroni or pasta salad with cheese
2708948,E,30.0,D,39.9,Macaroni or pasta salad with meat
2708949,D,35.4,D,40.8,Noodle pudding
2708950,A,71.9,B,60.9,Bibimbap, Korean
2708951,E,22.8,E,24.7,Rice, fried, meatless
2708952,E,22.8,E,24.7,Rice, fried, NFS
2708953,D,35.5,D,42.1,Rice, fried, with chicken
2708954,D,35.9,D,43.3,Rice, fried, with pork
2708955,D,37.7,D,45.3,Rice, fried, with beef
2708956,D,37.3,D,42.0,Rice, fried, with shrimp
2708957,D,42.3,D,38.8,Dukboki or Tteokbokki, Korean
2708958,B,62.5,A,74.5,Adobo, with rice
2708959,E,37.3,E,28.2,Sushi, NFS
2708960,D,35.5,E,24.2,Sushi roll, avocado
2708961,E,37.3,E,28.2,Sushi roll, California
2708962,C,57.8,C,53.6,Sushi roll, eel
2708963,C,51.5,C,49.2,Sushi roll, salmon
2708964,C,56.3,C,53.3,Sushi roll, shrimp
2708965,C,55.6,C,53.4,Sushi roll tuna
2708966,D,35.5,E,24.2,Sushi roll, vegetable
2708967,E,39.3,E,31.9,Sushi, topped with crab
2708968,B,63.2,B,62.2,Sushi, topped with eel
2708969,B,59.9,B,61.0,Sushi, topped with salmon
2708970,B,65.4,B,65.8,Sushi, topped with shrimp
2708971,B,65.1,B,66.5,Sushi, topped with tuna
2708972,C,53.4,C,53.0,Sushi, topped with egg
2708973,C,54.9,C,57.0,Seafood paella, Puerto Rican style
2708974,B,61.2,B,71.3,Soupy rice with chicken, Puerto Rican style
2708975,C,55.4,C,52.1,Soupy rice mixture with chicken and potatoes, Puerto Rican style
2708976,E,17.0,E,21.5,Stewed rice, Puerto Rican style
2708977,D,41.0,C,52.9,Rice with squid, Puerto Rican style
2708978,E,19.3,E,29.6,Rice with vienna sausage, Puerto Rican style
2708979,E,24.1,D,38.1,Rice with Spanish sausage, Puerto Rican style
2708980,E,31.6,E,29.5,Rice with stewed beans, Puerto Rican style
2708981,C,54.5,D,42.0,Congee, with meat, poultry, and/or seafood
2708982,C,53.8,D,36.7,Congee, with meat, poultry, and/or seafood, and vegetables
2708983,C,52.4,E,30.9,Congee, with vegetables
2708984,C,55.1,D,39.8,Congee, with egg
2708985,D,39.0,E,29.5,Biryani with vegetables
2708986,D,44.3,C,47.8,Beans and rice, from fast food / restaurant
2708987,D,41.9,D,44.2,Kidney beans and rice, from fast food / restaurant
2708988,D,43.8,D,45.8,Black beans and rice, from fast food / restaurant
2708989,D,43.1,D,45.6,Pinto beans and rice, from fast food / restaurant
2708990,C,50.5,C,52.2,Beans and white rice
2708991,C,48.0,D,44.8,Beans and rice, with tomatoes
2708992,C,53.0,C,55.8,Beans and rice, with meat
2708993,C,48.5,C,48.7,Kidney beans and white rice
2708994,C,50.4,C,50.3,Black beans and white rice
2708995,C,49.5,C,50.1,Pinto beans and white rice
2708996,E,29.9,E,25.8,Rice, white, with corn, NS as to fat
2708997,D,35.4,E,28.9,Rice, white, with corn, no added fat
2708998,E,29.9,E,25.8,Rice, white, with corn, fat added
2708999,D,36.8,E,32.6,Rice, white, with peas, NS as to fat
2709000,D,43.4,D,36.5,Rice, white, with peas, no added fat
2709001,D,36.8,E,32.6,Rice, white, with peas, fat added
2709002,D,43.1,D,34.9,Rice, white, with carrots, NS as to fat
2709003,C,50.9,D,39.4,Rice, white, with carrots, no added fat
2709004,D,43.1,D,34.9,Rice, white, with carrots, fat added
2709005,D,39.8,D,33.7,Rice, white, with peas and carrots, NS as to fat
2709006,C,47.4,D,38.2,Rice, white, with peas and carrots, no added fat
2709007,D,39.8,D,33.7,Rice, white, with peas and carrots, fat added
2709008,D,41.2,E,31.1,Rice, white, with tomatoes and/or tomato-based sauce, NS as to fat
2709009,C,48.3,D,35.2,Rice, white, with tomatoes and/or tomato-based sauce, no added fat
2709010,D,41.2,E,31.1,Rice, white, with tomatoes and/or tomato-based sauce, fat added
2709011,D,43.7,D,36.5,Rice, white, with dark green vegetables, NS as to fat
2709012,C,51.9,D,41.2,Rice, white, with dark green vegetables, no added fat
2709013,D,43.7,D,36.5,Rice, white, with dark green vegetables, fat added
2709014,D,42.5,D,33.4,Rice, white, with carrots and tomatoes and/or tomato-based sauce, NS as to fat
2709015,C,50.8,D,38.2,Rice, white, with carrots and tomatoes and/or tomato-based sauce, no added fat
2709016,D,42.5,D,33.4,Rice, white, with carrots and tomatoes and/or tomato-based sauce, fat added
2709017,D,42.4,D,33.9,Rice, white, with dark green vegetables and tomatoes and/or tomato-based sauce, NS as to fat
2709018,C,50.7,D,38.7,Rice, white, with dark green vegetables and tomatoes and/or tomato-based sauce, no added fat
2709019,D,42.4,D,33.9,Rice, white, with dark green vegetables and tomatoes and/or tomato-based sauce, fat added
2709020,D,43.3,D,35.6,Rice, white, with carrots and dark green vegetables, NS as to fat
2709021,C,51.2,D,40.2,Rice, white, with carrots and dark green vegetables, no added fat
2709022,D,43.3,D,35.6,Rice, white, with carrots and dark green vegetables, fat added
2709023,D,45.2,D,36.1,Rice, white, with carrots, dark green vegetables, and tomatoes and/or tomato-based sauce, NS as to fat
2709024,C,51.1,D,39.2,Rice, white, with carrots, dark green vegetables, and tomatoes and/or tomato-based sauce, no added fat
2709025,D,42.7,D,34.3,Rice, white, with carrots, dark green vegetables, and tomatoes and/or tomato-based sauce, fat added
2709026,D,36.6,E,29.9,Rice, white, with other vegetables, NS as to fat
2709027,D,43.2,D,33.4,Rice, white, with other vegetables, no added fat
2709028,D,36.6,E,29.9,Rice, white, with other vegetables, fat added
2709029,C,48.9,C,47.9,Rice, white, with lentils, NS as to fat
2709030,C,48.9,C,47.9,Rice, white, with lentils, fat added
2709031,B,61.5,C,55.8,Rice, white, with lentils, no added fat
2709032,E,11.5,E,16.7,Rice, cooked with coconut milk
2709033,C,51.2,C,52.4,Beans and brown rice
2709034,C,49.7,C,49.4,Kidney beans and brown rice
2709035,C,51.5,C,50.8,Black beans and brown rice
2709036,C,50.7,C,50.6,Pinto beans and brown rice
2709037,D,36.1,E,30.5,Rice, brown, with corn, NS as to fat
2709038,D,42.3,D,34.1,Rice, brown, with corn, no added fat
2709039,D,36.1,E,30.5,Rice, brown, with corn, fat added
2709040,D,41.6,D,36.0,Rice, brown, with peas, NS as to fat
2709041,C,48.0,D,39.7,Rice, brown, with peas, no added fat
2709042,D,41.6,D,36.0,Rice, brown, with peas, fat added
2709043,C,45.8,D,37.0,Rice, brown, with carrots, NS as to fat
2709044,C,53.2,D,41.2,Rice, brown, with carrots, no added fat
2709045,C,45.8,D,37.0,Rice, brown, with carrots, fat added
2709046,D,43.5,D,36.4,Rice, brown, with peas and carrots, NS as to fat
2709047,C,50.3,D,40.3,Rice, brown, with peas and carrots, no added fat
2709048,D,43.5,D,36.4,Rice, brown, with peas and carrots, fat added
2709049,C,46.1,D,35.1,Rice, brown, with tomatoes and/or tomato based sauce, NS as to fat
2709050,C,51.8,D,38.4,Rice, brown, with tomatoes and/or tomato based sauce, no added fat
2709051,C,46.1,D,35.1,Rice, brown, with tomatoes and/or tomato based sauce, fat added
2709052,C,46.4,D,38.4,Rice, brown, with dark green vegetables, NS as to fat
2709053,C,53.8,D,42.7,Rice, brown, with dark green vegetables, no added fat
2709054,C,46.4,D,38.4,Rice, brown, with dark green vegetables, fat added
2709055,C,46.6,D,36.5,Rice, brown, with carrots and tomatoes and/or tomato-based sauce, NS as to fat
2709056,C,53.5,D,40.6,Rice, brown, with carrots and tomatoes and/or tomato-based sauce, no added fat
2709057,C,46.6,D,36.5,Rice, brown, with carrots and tomatoes and/or tomato-based sauce, fat added
2709058,C,46.5,D,36.9,Rice, brown, with dark green vegetables and tomatoes and/or tomato-based sauce, NS as to fat
2709059,C,53.2,D,40.8,Rice, brown, with dark green vegetables and tomatoes and/or tomato-based sauce, no added fat
2709060,C,48.8,D,38.6,Rice, brown, with dark green vegetables and tomatoes and/or tomato-based sauce, fat added
2709061,C,45.8,D,37.5,Rice, brown, with carrots and dark green vegetables, NS as to fat
2709062,C,53.1,D,41.7,Rice, brown, with carrots and dark green vegetables, no added fat
2709063,C,45.8,D,37.5,Rice, brown, with carrots and dark green vegetables, fat added
2709064,D,38.3,D,34.1,Grape leaves stuffed with rice
2709065,C,46.3,D,37.0,Rice, brown, with carrots, dark green vegetables, and tomatoes and/or tomato-based sauce, NS as to fat
2709066,C,53.4,D,41.1,Rice, brown, with carrots, dark green vegetables, and tomatoes and/or tomato-based sauce, no added fat
2709067,C,46.3,D,37.0,Rice, brown, with carrots, dark green vegetables, and tomatoes and/or tomato-based sauce, fat added
2709068,D,40.6,D,33.0,Rice, brown, with other vegetables, NS as to fat
2709069,C,48.0,D,37.3,Rice, brown, with other vegetables, no added fat
2709070,D,40.6,D,33.0,Rice, brown, with other vegetables, fat added
2709071,E,24.1,E,23.9,Rice croquette
2709072,C,52.8,B,61.7,Stuffed pepper, with meat
2709073,C,50.3,C,55.9,Stuffed pepper, with rice and meat
2709074,D,41.6,D,40.0,Stuffed pepper, with rice, meatless
2709075,B,60.3,C,51.7,Stuffed tomato, with rice and meat
2709076,B,61.4,D,43.6,Stuffed tomato, with rice, meatless
2709077,E,26.2,E,24.3,Rice pilaf
2709078,B,59.1,C,52.6,Dirty rice
2709079,E,24.5,E,19.3,Flavored rice mixture
2709080,D,32.3,E,27.7,Flavored rice mixture with cheese
2709081,D,40.0,E,31.3,Flavored rice, brown and wild
2709082,E,30.5,E,25.0,Flavored rice and pasta mixture
2709083,D,38.4,E,30.4,Flavored rice and pasta mixture, reduced sodium
2709084,E,18.1,E,20.0,Spanish rice, from restaurant
2709085,D,43.9,D,36.0,Spanish rice, fat added
2709086,C,50.6,D,40.0,Spanish rice, no added fat
2709087,D,43.8,D,36.0,Spanish rice, NS as to fat
2709088,C,51.8,B,59.5,Spanish rice with ground beef
2709089,E,27.7,E,20.3,Rice dressing
2709090,E,19.8,E,19.3,Rice with raisins
2709091,E,28.8,E,23.8,Rice dessert or salad with fruit
2709092,E,27.3,E,30.8,Rice, white, with cheese and/or cream based sauce, NS as to fat
2709093,E,30.1,E,32.5,Rice, white, with cheese and/or cream based sauce, no added fat
2709094,E,27.3,E,30.8,Rice, white, with cheese and/or cream based sauce, fat added
2709095,E,26.8,E,20.4,Rice, white, with gravy, NS as to fat
2709096,D,32.5,E,23.2,Rice, white, with gravy, no added fat
2709097,E,26.8,E,20.4,Rice, white, with gravy, fat added
2709098,E,25.0,E,19.1,Rice, white, with soy-based sauce, NS as to fat
2709099,E,31.4,E,22.3,Rice, white, with soy-based sauce, no added fat
2709100,E,25.0,E,19.1,Rice, white, with soy-based sauce, fat added
2709101,E,30.5,E,32.3,Rice, brown, with cheese and/or cream based sauce, NS as to fat
2709102,D,33.9,D,34.4,Rice, brown, with cheese and/or cream based sauce, no added fat
2709103,E,30.5,E,32.3,Rice, brown, with cheese and/or cream based sauce, fat added
2709104,E,31.4,E,24.2,Rice, brown, with gravy, NS as to fat
2709105,D,37.3,E,27.3,Rice, brown, with gravy, no added fat
2709106,E,31.4,E,24.2,Rice, brown, with gravy, fat added
2709107,E,28.8,E,22.1,Rice, brown, with soy-based sauce, NS as to fat
2709108,D,34.4,E,24.9,Rice, brown, with soy-based sauce, no added fat
2709109,E,28.8,E,22.1,Rice, brown, with soy-based sauce, fat added
2709110,D,35.4,D,35.3,Rice, white, with vegetables, cheese and/or cream based sauce, NS as to fat
2709111,D,38.7,D,37.3,Rice, white, with vegetables, cheese and/or cream based sauce, no added fat
2709112,D,35.4,D,35.3,Rice, white, with vegetables, cheese and/or cream based sauce, fat added
2709113,D,38.9,E,29.4,Rice, white, with vegetables and gravy, NS as to fat
2709114,D,44.0,E,32.3,Rice, white, with vegetables and gravy, no added fat
2709115,D,38.9,E,29.4,Rice, white, with vegetables and gravy, fat added
2709116,D,35.3,E,26.4,Rice, white, with vegetables, soy-based sauce, NS as to fat
2709117,D,39.6,E,28.6,Rice, white, with vegetables, soy-based sauce, no added fat
2709118,D,35.3,E,26.4,Rice, white, with vegetables, soy-based sauce, fat added
2709119,D,39.0,D,37.5,Rice, brown, with vegetables, cheese and/or cream based sauce, NS as to fat
2709120,D,42.0,D,39.4,Rice, brown, with vegetables, cheese and/or cream based sauce, no added fat
2709121,D,39.0,D,37.5,Rice, brown, with vegetables, cheese and/or cream based sauce, fat added
2709122,D,43.8,D,33.4,Rice, brown, with vegetables and gravy, NS as to fat
2709123,C,48.6,D,36.2,Rice, brown, with vegetables and gravy, no added fat
2709124,D,43.8,D,33.4,Rice, brown, with vegetables and gravy, fat added
2709125,D,40.1,E,30.4,Rice, brown, with vegetables, soy-based sauce, NS as to fat
2709126,D,44.4,E,32.8,Rice, brown, with vegetables, soy-based sauce, no added fat
2709127,D,40.1,E,30.4,Rice, brown, with vegetables, soy-based sauce, fat added
2709128,B,61.3,D,45.4,Upma
2709129,D,33.5,D,37.3,Dosa, with filling
2709130,B,61.5,A,76.5,Vada
2709131,D,37.5,E,29.8,Tabbouleh
2709132,C,52.6,D,45.8,Vegetable sandwich on white
2709133,C,49.1,C,49.0,Vegetable sandwich on white, with cheese
2709134,C,57.4,C,50.8,Vegetable sandwich on wheat
2709135,C,53.0,C,53.3,Vegetable sandwich on wheat, with cheese
2709136,D,41.7,D,42.9,Vegetable sandwich wrap
2709137,E,26.5,D,33.8,Jelly sandwich, NFS
2709138,E,26.5,D,33.8,Jelly sandwich, on white bread
2709139,D,33.5,D,42.1,Jelly sandwich, on wheat bread
2709140,B,69.8,C,54.3,Noodles with vegetables in tomato-based sauce, diet frozen meal
2709141,C,55.6,C,50.8,Spaghetti and meatballs dinner, NFS, frozen meal
2709142,C,55.6,C,50.8,Spaghetti with meat sauce, diet frozen meal
2709143,E,29.2,D,43.5,Pancakes and sausage, frozen meal
2709144,A,75.1,C,56.4,Soup, NFS
2709145,C,58.1,C,50.7,Soup, noodle, NFS
2709146,B,68.0,C,50.8,Soup, rice
2709147,B,65.2,C,48.6,Soup, barley
2709148,B,69.2,C,48.3,Soup, chicken noodle, canned
2709149,B,69.1,C,52.6,Soup, chicken noodle
2709150,A,75.5,C,52.2,Soup, chicken, canned, reduced sodium
2709151,B,58.8,D,44.3,Soup, Matzo ball
2709152,E,42.0,E,25.9,Soup, ramen noodles, water added
2709153,C,51.4,C,51.6,Ramen bowl, NFS
2709154,D,44.4,D,46.0,Ramen bowl with beef
2709155,C,50.6,C,50.6,Ramen bowl with chicken
2709156,C,50.7,C,47.0,Ramen bowl with fish
2709157,D,45.4,D,38.6,Ramen bowl, vegetarian
2709158,C,51.4,C,51.6,Ramen bowl with meat and egg
2709159,C,48.7,D,43.4,Ramen bowl, vegetarian with egg
2709160,E,51.6,E,33.2,Soup, wonton
2709161,D,45.0,D,33.9,Soup, sopa de fideo aguada
2709162,C,53.1,D,44.8,Soup, tortilla
2709163,B,68.5,A,80.1,Meat substitute, cereal- and vegetable protein-based, fried
2709164,B,71.7,C,47.5,Clementine, raw
2709165,A,75.4,C,49.6,Grapefruit, raw
2709166,A,75.4,C,48.7,Grapefruit, canned
2709167,B,71.3,C,50.8,Kumquat, raw
2709168,A,80.3,C,53.2,Lemon, raw
2709169,E,20.3,E,27.1,Lemon pie filling
2709170,A,79.3,C,51.5,Lime, raw
2709171,A,73.9,C,49.3,Orange, raw
2709172,A,73.8,C,48.1,Orange, canned, NFS
2709173,A,76.4,C,49.7,Orange, canned, juice pack
2709174,B,70.4,D,46.2,Orange, canned, in syrup
2709175,B,71.7,C,47.5,Tangerine, raw
2709176,A,75.5,C,48.8,Grapefruit juice, 100%, freshly squeezed
2709177,A,75.0,C,48.5,Grapefruit juice, 100%, NS as to form
2709178,A,75.0,C,48.5,Grapefruit juice, 100%, canned, bottled or in a carton
2709179,A,75.3,C,48.6,Grapefruit juice, 100%, with calcium added
2709180,A,77.7,C,49.4,Lemon juice, 100%, NS as to form
2709181,A,77.7,C,49.4,Lemon juice, 100%, freshly squeezed
2709182,A,78.2,C,50.1,Lemon juice, 100%, canned or bottled
2709183,A,78.0,C,49.8,Lime juice, 100%, NS as to form
2709184,A,78.0,C,49.8,Lime juice, 100%, freshly squeezed
2709185,A,75.5,C,47.4,Lime juice, 100%, canned or bottled
2709186,A,73.3,C,48.2,Orange juice, 100%, NFS
2709187,A,73.3,C,48.3,Orange juice, 100%,  freshly squeezed
2709188,A,73.1,C,48.0,Orange juice, 100%, canned, bottled or in a carton
2709189,A,73.7,C,48.5,Orange juice, 100%, with calcium added, canned, bottled or in a carton
2709190,A,75.1,C,49.1,Orange juice, 100%, frozen, reconstituted
2709191,D,45.5,D,39.4,Orange juice, 100%, frozen, not reconstituted
2709192,A,75.6,C,49.5,Orange juice, 100%, with calcium added, frozen, reconstituted
2709193,A,74.0,C,47.8,Tangerine juice, 100%
2709194,A,73.1,C,48.0,Fruit juice blend, citrus, 100% juice
2709195,E,25.8,E,25.5,Dried, fruit, NFS
2709196,D,32.2,E,25.0,Apple, dried
2709197,D,42.0,D,39.7,Apricot, dried
2709198,E,31.4,E,29.9,Blueberries, dried
2709199,E,20.6,E,19.4,Cherries, dried
2709200,E,5.6,E,9.9,Banana chips
2709201,E,29.2,E,30.9,Currants, dried
2709202,E,14.2,E,11.0,Cranberries, dried
2709203,E,31.6,E,29.2,Date
2709204,C,47.0,D,40.9,Fig, dried
2709205,E,28.5,E,28.6,Mango, dried
2709206,E,27.4,E,24.6,Papaya, dried
2709207,D,44.7,D,41.4,Peach, dried
2709208,E,31.6,E,28.0,Pear, dried
2709209,E,30.6,E,25.8,Persimmon, dried
2709210,E,19.4,E,18.5,Pineapple, dried
2709211,D,33.4,E,30.1,Prune, dried
2709212,E,27.1,E,29.0,Raisins
2709213,B,64.0,D,42.7,Fruit, NFS
2709214,E,40.2,E,21.9,Fruit, pickled
2709215,B,60.6,D,37.7,Apple, raw
2709216,B,61.2,D,40.3,Applesauce, regular
2709217,B,71.3,D,45.8,Applesauce, unsweetened
2709218,B,61.2,D,40.3,Applesauce, flavored
2709219,E,30.8,E,17.9,Apple pie filling
2709220,E,31.6,E,20.7,Apple, baked
2709221,A,74.3,C,50.6,Apricot, raw
2709222,B,67.8,D,44.4,Apricot, canned
2709223,D,42.3,D,34.9,Avocado, raw
2709224,C,50.3,D,34.8,Banana, raw
2709225,E,26.0,E,20.5,Banana, baked
2709226,A,76.4,C,50.2,Cantaloupe, raw
2709227,A,75.6,C,49.0,Melon, frozen
2709228,A,78.2,C,51.9,Starfruit, raw
2709229,E,19.7,E,13.9,Cherries, maraschino
2709230,E,30.0,E,21.0,Cherry pie filling
2709231,B,62.0,D,42.1,Cherries, raw
2709232,C,54.1,D,35.3,Cherries, canned
2709233,B,62.0,D,42.1,Cherries, frozen
2709234,B,64.0,D,42.7,Dragon fruit
2709235,B,59.4,D,39.7,Fig, raw
2709236,C,54.8,D,35.6,Fig, canned
2709237,C,50.4,D,33.5,Grapes, raw
2709238,A,73.2,C,53.9,Guava, raw
2709239,B,69.8,C,47.7,Kiwi fruit, raw
2709240,B,67.3,D,45.6,Lychee
2709241,A,74.9,C,48.2,Honeydew melon, raw
2709242,B,69.7,D,46.7,Mango, raw
2709243,B,65.4,D,43.4,Mango, canned
2709244,B,69.7,D,46.7,Mango, frozen
2709245,A,72.6,C,47.9,Nectarine, raw
2709246,A,75.1,C,48.6,Papaya, raw
2709247,B,71.5,D,46.1,Papaya, canned
2709248,A,72.7,C,52.3,Passion fruit, raw
2709249,B,71.7,C,47.1,Peach, raw
2709250,B,68.3,D,43.3,Peach, canned, NFS
2709251,B,64.9,D,41.0,Peach, canned, in syrup
2709252,B,71.5,D,45.4,Peach, canned, juice pack
2709253,B,71.7,C,47.1,Peach, frozen
2709254,B,64.4,D,41.0,Pear, raw
2709255,A,72.1,D,46.1,Pear, Asian, raw
2709256,B,60.5,D,36.7,Pear, canned, NFS
2709257,C,55.1,D,32.9,Pear, canned, in syrup
2709258,B,65.5,D,40.2,Pear, canned, juice pack
2709259,B,63.7,D,42.3,Persimmon, raw
2709260,B,69.1,D,45.4,Pineapple, raw
2709261,B,65.9,D,42.0,Pineapple, canned, NFS
2709262,B,61.9,D,39.5,Pineapple, canned, in syrup
2709263,B,69.6,D,44.4,Pineapple, canned, juice pack
2709264,B,69.1,D,45.4,Pineapple, frozen
2709265,B,71.7,D,46.6,Plum, raw
2709266,B,64.3,D,40.9,Plum, canned
2709267,B,61.2,D,44.0,Pomegranate, raw
2709268,B,60.0,D,40.2,Rhubarb
2709269,D,34.0,E,32.8,Tamarind
2709270,A,76.5,C,49.0,Watermelon, raw
2709271,A,75.0,C,49.1,Berries, NFS
2709272,A,72.1,C,47.5,Berries, frozen
2709273,A,77.0,C,52.3,Blackberries, raw
2709274,B,68.8,D,46.9,Blackberries, frozen
2709275,B,64.3,D,42.4,Blueberries, raw
2709276,C,52.7,D,36.3,Bluberries, canned
2709277,B,67.2,D,42.6,Blueberries, frozen
2709278,E,19.1,E,14.4,Blueberry pie filling
2709279,A,73.1,C,47.1,Cranberries, raw
2709280,E,20.0,E,15.6,Cranberry sauce
2709281,A,72.9,C,48.9,Raspberries, raw
2709282,A,72.9,C,48.9,Raspberries, frozen
2709283,A,76.7,C,49.9,Strawberries, raw
2709284,C,54.7,D,37.6,Strawberries, canned
2709285,A,76.6,C,49.2,Strawberries, frozen
2709286,B,63.2,D,43.1,Ambrosia
2709287,B,68.3,D,45.0,Fruit salad, fresh or raw, excluding citrus fruits, no dressing
2709288,B,70.2,D,46.3,Fruit salad, fresh or raw, including citrus fruits, no dressing
2709289,B,62.8,D,39.4,Fruit cocktail, canned, NFS
2709290,C,57.9,D,36.1,Fruit cocktail, canned, in syrup
2709291,B,67.0,D,42.2,Fruit cocktail, canned, juice pack
2709292,A,73.5,C,48.2,Fruit mixture, frozen
2709293,E,17.7,E,15.6,Apple salad with dressing
2709294,E,27.9,E,21.7,Apple, candied
2709295,D,42.5,D,33.8,Fruit, chocolate covered
2709296,E,16.0,E,16.2,Fruit salad, excluding citrus fruits, with salad dressing or mayonnaise
2709297,E,30.0,E,26.5,Fruit salad, excluding citrus fruits, with whipped cream
2709298,D,32.4,E,27.8,Fruit salad, excluding citrus fruits, with nondairy whipped topping
2709299,E,15.5,E,15.8,Fruit salad, excluding citrus fruits, with marshmallows
2709300,D,38.9,E,32.0,Fruit salad, including citrus fruits, with pudding
2709301,D,36.7,E,30.3,Fruit salad, excluding citrus fruits, with pudding
2709302,E,17.4,E,17.5,Fruit salad, including citrus fruits, with salad dressing or mayonnaise
2709303,D,32.4,E,28.5,Fruit salad, including citrus fruit, with whipped cream
2709304,D,34.7,E,29.7,Fruit salad, including citrus fruits, with nondairy whipped topping
2709305,E,16.7,E,16.9,Fruit salad, including citrus fruits, with marshmallows
2709306,D,32.7,D,46.7,Lime souffle
2709307,D,40.2,D,33.0,Guacamole, NFS
2709308,D,41.8,D,33.7,Guacamole with tomatoes
2709309,E,6.4,E,4.7,Chutney
2709310,C,49.0,D,34.7,Pineapple salad with dressing
2709311,A,78.1,C,50.2,Soup, fruit
2709312,D,42.6,E,30.1,Frozen fruit juice bar
2709313,A,73.7,D,45.6,Frozen fruit juice bar, no sugar added
2709314,E,30.2,E,20.2,Sorbet
2709315,B,70.9,D,45.5,Fruit juice, NFS
2709316,B,70.4,D,44.6,Fruit juice blend, 100% juice
2709317,B,71.3,D,44.8,Cranberry juice blend, 100% juice
2709318,A,72.7,D,46.3,Cranberry juice blend, 100% juice, with calcium added
2709319,C,56.1,E,32.1,Apple cider
2709320,A,71.8,D,45.4,Apple juice, 100%
2709321,B,71.7,D,45.4,Apple juice, 100%, with calcium added
2709322,A,74.1,C,47.0,Blackberry juice, 100%
2709323,B,70.8,D,44.9,Blueberry juice
2709324,B,70.1,D,42.6,Cranberry juice, 100%, not a blend
2709325,B,64.9,D,42.1,Grape juice, 100%
2709326,B,66.0,D,42.8,Grape juice, 100%, with calcium added
2709327,B,59.0,D,35.9,Papaya juice, 100%
2709328,B,71.4,D,46.1,Passion fruit juice, 100%
2709329,B,71.1,D,46.0,Pineapple juice, 100%
2709330,C,57.5,D,34.2,Pomegranate juice, 100%
2709331,B,59.5,D,39.2,Prune juice, 100%
2709332,A,78.2,C,50.0,Strawberry juice, 100%
2709333,A,76.5,C,49.0,Watermelon juice, 100%
2709334,B,70.3,D,46.0,Fruit smoothie, with whole fruit, no dairy
2709335,A,75.4,B,65.4,Fruit smoothie, with whole fruit, no dairy, added protein
2709336,B,69.3,C,47.8,Fruit smoothie, with whole fruit, non-dairy
2709337,B,71.4,D,46.6,Fruit smoothie juice drink, no dairy
2709338,A,73.8,C,53.5,Fruit smoothie, light
2709339,B,68.6,D,43.9,Fruit smoothie, bottled
2709340,B,68.6,D,43.1,Fruit nectar, NFS
2709341,B,68.5,D,43.7,Apricot nectar
2709342,C,48.7,E,29.7,Banana nectar
2709343,C,56.8,D,35.6,Cantaloupe nectar
2709344,B,71.2,D,45.4,Guava nectar
2709345,B,68.6,D,43.1,Mango nectar
2709346,C,54.0,E,30.7,Peach nectar
2709347,B,59.0,D,35.9,Papaya nectar
2709348,C,56.7,D,35.6,Passion fruit nectar
2709349,C,49.3,E,28.0,Pear nectar
2709350,B,60.2,D,37.0,Soursop, nectar
2709351,B,63.7,D,37.1,Vinegar
2709352,B,65.0,D,43.5,Baby Toddler fruit, NFS
2709353,B,65.0,D,43.5,Baby Toddler multiple fruit, Stage 2
2709354,B,65.0,D,43.5,Baby Toddler multiple fruit, Stage 3
2709355,B,62.2,D,43.2,Baby Toddler fruit, with grain
2709356,B,63.1,D,45.6,Baby Toddler fruit, with yogurt
2709357,B,69.9,C,47.0,Baby Toddler fruit and vegetables, Stage 2
2709358,B,69.9,C,47.0,Baby Toddler fruit and vegetables, Stage 3
2709359,B,66.8,C,46.9,Baby Toddler fruit and vegetables, with grain
2709360,B,66.5,C,48.1,Baby Toddler fruit and vegetables, with yogurt
2709361,B,67.1,C,50.4,Baby Toddler fruit, vegetables, and meat
2709362,B,63.6,C,47.4,Baby Toddler fruit and meat
2709363,A,74.7,C,47.5,Baby Toddler apples, Stage 1
2709364,A,75.3,C,47.2,Baby Toddler apples, Stage 2
2709365,C,56.0,D,39.4,Baby Toddler bananas, Stage 1
2709366,C,56.0,D,39.4,Baby Toddler bananas, Stage 2
2709367,B,68.3,D,46.4,Baby Toddler peaches, Stage 1
2709368,B,68.3,D,46.4,Baby Toddler peaches, Stage 2
2709369,A,74.0,C,47.2,Baby Toddler pears, Stage 1
2709370,A,73.5,C,47.0,Baby Toddler pears, Stage 2
2709371,C,48.9,D,34.5,Baby Toddler prunes
2709372,B,68.5,D,45.7,Baby Toddler mangoes
2709373,A,72.0,D,45.3,Baby Toddler juice, NFS
2709374,A,72.0,D,45.3,Baby Toddler juice, apple
2709375,B,65.6,D,41.7,Baby Toddler juice, grape
2709376,A,72.0,D,45.3,Baby Toddler juice, mixed fruit
2709377,A,73.1,D,45.8,Baby Toddler juice, pear
2709378,A,73.5,C,47.2,Baby Toddler juice, fruit and vegetable
2709379,B,65.7,D,46.2,Baby Toddler juice, fruit and yogurt blend
2709380,C,46.2,E,32.2,Baby Toddler pudding
2709381,C,58.3,A,77.5,Baby Toddler yogurt melts
2709382,D,39.4,E,31.6,Potato, NFS
2709383,C,54.9,D,40.7,Potato, baked, NFS
2709384,C,54.9,D,40.7,Potato, baked, peel not eaten
2709385,D,39.4,E,31.6,Potato, boiled, NFS
2709386,D,39.4,E,31.6,Potato, boiled, ready-to-heat
2709387,D,39.4,E,31.6,Potato, boiled, from fresh, peel not eaten, NS as to fat
2709388,C,55.2,D,40.9,Potato, boiled, from fresh, peel not eaten, no added fat
2709389,D,39.4,E,31.6,Potato, boiled, from fresh, peel not eaten, fat added, NS as to fat type
2709390,D,38.3,E,31.1,Potato, boiled, from fresh, peel not eaten, made with oil
2709391,D,37.1,E,29.4,Potato, boiled, from fresh, peel not eaten, made with butter
2709392,D,44.8,D,35.2,Potato, boiled, from fresh, peel not eaten, made with margarine
2709393,D,43.8,D,36.2,Potato, boiled, from fresh, peel eaten, NS as to fat
2709394,D,43.8,D,36.2,Potato, boiled, from fresh, peel eaten, fat added, NS as to fat type
2709395,B,58.7,D,45.0,Potato, boiled, from fresh,  peel eaten, no added fat
2709396,D,42.5,D,35.5,Potato, boiled, from fresh, peel eaten, made with oil
2709397,D,42.6,D,34.9,Potato, boiled, from fresh, peel eaten, made with butter
2709398,C,48.5,D,39.1,Potato, boiled, from fresh, peel eaten, made with margarine
2709399,C,50.0,D,35.4,Potato, canned, NS as to fat
2709400,C,50.0,D,35.4,Potato, canned, fat added, NS as to fat type
2709401,B,67.0,D,45.7,Potato, canned, no added fat
2709402,D,39.4,E,31.6,Potato, roasted, NFS
2709403,D,43.8,D,36.2,Potato, roasted, from fresh, peel eaten, NS as to fat
2709404,B,58.7,D,45.0,Potato, roasted, from fresh, peel eaten, no added fat
2709405,D,43.8,D,36.2,Potato, roasted, from fresh, peel eaten, fat added, NS as to fat type
2709406,D,42.5,D,35.5,Potato, roasted, from fresh, peel eaten, made with oil
2709407,D,42.6,D,34.9,Potato, roasted, from fresh, peel eaten, made with butter
2709408,C,48.5,D,39.1,Potato, roasted, from fresh, peel eaten, made with margarine
2709409,D,39.4,E,31.6,Potato, roasted, from fresh, peel not eaten, NS as to fat
2709410,D,39.4,E,31.6,Potato, roasted, from fresh, peel not eaten, fat added, NS as to fat type
2709411,C,55.2,D,40.9,Potato, roasted, from fresh, peel not eaten, no added fat
2709412,D,38.3,E,31.1,Potato, roasted, from fresh, peel not eaten, made with oil
2709413,D,37.1,E,29.4,Potato, roasted, from fresh, peel not eaten, made with butter
2709414,D,44.8,D,35.2,Potato, roasted, from fresh, peel not eaten, made with margarine
2709415,D,39.4,E,31.6,Potato, roasted, ready-to-heat
2709416,D,41.7,D,32.9,Stewed potatoes, Puerto Rican style
2709417,C,53.8,D,38.3,Potato only from Puerto Rican mixed dishes, gravy and other components reported separately
2709418,C,54.9,D,39.8,Potato from Puerto Rican style stuffed pot roast, with gravy
2709419,C,54.9,D,39.8,Potato from Puerto Rican beef stew, with gravy
2709420,C,54.3,D,36.6,Potato from Puerto Rican chicken fricassee, with sauce
2709421,E,28.6,D,39.6,Potato chips, NFS
2709422,E,28.6,D,39.6,Potato chips, plain
2709423,E,31.1,D,41.7,Potato chips, barbecue flavored
2709424,E,31.1,D,41.7,Potato chips, sour cream and onion flavored
2709425,E,31.1,D,41.7,Potato chips, cheese flavored
2709426,E,31.1,D,41.7,Potato chips, other flavored
2709427,E,28.6,D,39.6,Potato chips, ruffled, plain
2709428,E,31.1,D,41.7,Potato chips, ruffled, barbecue flavored
2709429,E,31.1,D,41.7,Potato chips, ruffled, sour cream and onion flavored
2709430,E,31.1,D,41.7,Potato chips, ruffled, cheese flavored
2709431,E,31.1,D,41.7,Potato chips, ruffled, other flavored
2709432,E,18.5,E,26.7,Potato chips, restructured, plain
2709433,E,17.7,E,26.0,Potato chips, restructured, flavored
2709434,E,19.0,E,27.3,Potato chips, baked, plain
2709435,E,17.8,E,26.2,Potato chips, baked, flavored
2709436,D,35.4,D,45.3,Potato chips, reduced fat
2709437,E,14.2,E,22.8,Potato chips, restructured, reduced fat, lightly salted
2709438,E,30.5,D,40.4,Potato chips, unsalted
2709439,E,28.2,D,40.0,Potato chips, lightly salted
2709440,E,28.2,D,40.0,Potato chips, restructured, lightly salted
2709441,E,19.0,E,27.3,Potato chips, popped, plain
2709442,E,17.8,E,26.2,Potato chips, popped, flavored
2709443,E,19.0,E,27.3,Potato chips, popped, NFS
2709444,E,29.0,D,40.6,Potato sticks, plain
2709445,E,26.9,D,38.7,Potato sticks, flavored
2709446,E,26.9,D,38.7,Potato sticks, fry shaped
2709447,E,31.0,D,36.0,Vegetable chips
2709448,D,40.4,D,45.7,Potato, scalloped, NFS
2709449,E,27.1,D,35.5,Potato, scalloped, from fast food or restaurant
2709450,D,40.4,D,45.7,Potato, scalloped, from fresh
2709451,D,39.0,D,45.4,Potato, scalloped, from fresh, with meat
2709452,D,37.0,D,42.4,Potato, scalloped, from dry mix
2709453,D,38.3,D,44.1,Potato, scalloped, from dry mix, with meat
2709454,D,34.3,D,40.5,Potato, scalloped, ready-to-heat
2709455,D,33.6,D,40.7,Potato, scalloped, ready-to-heat, with meat
2709456,E,21.1,E,21.7,Potato, french fries, NFS
2709457,E,21.1,E,21.7,Potato, french fries, NS as to fresh or frozen
2709458,E,26.4,E,24.3,Potato, french fries, from fresh, fried
2709459,E,31.4,E,27.8,Potato, french fries, from fresh, baked
2709460,E,30.3,E,28.0,Potato, french fries, from frozen, baked
2709461,E,21.4,E,24.8,Potato, french fries, fast food
2709462,E,18.4,E,22.2,Potato, french fries, restaurant
2709463,E,21.1,E,21.7,Potato, french fries, from frozen, fried
2709464,E,31.4,E,27.8,Potato, french fries, school
2709465,E,18.8,E,22.1,Potato, french fries, with cheese, fast food / restaurant
2709466,D,35.8,D,37.3,Potato, french fries, with cheese, school
2709467,E,30.7,D,35.7,Potato, french fries, with chili, fast food / restaurant
2709468,E,26.6,E,30.9,Potato, french fries, with chili and cheese, fast food / restaurant
2709469,E,18.8,E,22.1,Potato, french fries, with cheese
2709470,E,26.6,E,30.9,Potato, french fries, with chili and cheese
2709471,E,30.7,D,35.7,Potato, french fries, with chili
2709472,E,23.6,E,22.0,Potato, home fries, NFS
2709473,E,13.6,E,13.8,Potato, home fries, from restaurant / fast food
2709474,E,26.3,E,24.0,Potato, home fries, from fresh
2709475,E,23.6,E,22.0,Potato, home fries, ready-to-heat
2709476,E,29.9,E,26.1,Potato, home fries, with vegetables
2709477,E,25.5,E,25.4,Potato, hash brown, NFS
2709478,E,15.1,E,17.4,Potato, hash brown, from fast food
2709479,E,21.4,E,30.9,Potato, hash brown, from fast food, with cheese
2709480,E,15.1,E,17.4,Potato, hash brown, from restaurant
2709481,E,21.4,E,30.9,Potato, hash brown, from restaurant, with cheese
2709482,E,28.4,E,27.9,Potato, hash brown, from school lunch
2709483,E,24.5,E,22.6,Potato, hash brown, from fresh
2709484,E,27.8,D,33.1,Potato, hash brown, from fresh, with cheese
2709485,E,25.5,E,25.4,Potato, hash brown, from dry mix
2709486,E,25.5,E,25.4,Potato, hash brown, ready-to-heat
2709487,E,29.4,D,36.8,Potato, hash brown, ready-to-heat, with cheese
2709488,D,31.8,E,27.6,Potato skins without topping
2709489,D,33.3,D,39.1,Potato skins, with cheese
2709490,D,33.8,D,43.3,Potato skins, with cheese and bacon
2709491,D,33.3,D,39.1,Potato skins, NFS
2709492,D,40.0,E,31.5,Potato, mashed, NFS
2709493,D,44.6,E,31.0,Potato, mashed, from fast food
2709494,D,42.9,E,28.3,Potato, mashed, from fast food, with gravy
2709495,D,34.0,E,24.8,Potato, mashed, ready-to-heat
2709496,D,40.0,E,31.5,Potato, mashed, from fresh, made with milk
2709497,D,36.4,D,35.6,Potato, mashed, from fresh, made with milk, with cheese
2709498,D,41.9,E,30.5,Potato, mashed, from fresh, made with milk, with gravy
2709499,D,40.0,E,31.5,Potato, mashed, from fresh, NFS
2709500,E,25.3,E,21.3,Potato, mashed, from restaurant
2709501,E,27.8,E,21.2,Potato, mashed, from restaurant, with gravy
2709502,B,60.9,D,44.4,Potato, mashed, from school lunch
2709503,D,32.7,E,25.6,Potato, mashed, from dry mix, NFS
2709504,D,32.7,E,25.6,Potato, mashed, from dry mix, made with milk
2709505,E,30.9,E,31.1,Potato, mashed, from dry mix, made with milk, with cheese
2709506,D,35.2,E,25.2,Potato, mashed, from dry mix, made with milk, with gravy
2709507,D,34.0,E,24.8,Potato, mashed, ready-to-heat, NFS
2709508,E,31.1,E,30.3,Potato, mashed, ready-to-heat, with cheese
2709509,D,35.6,E,24.3,Potato, mashed, ready-to-heat, with gravy
2709510,E,27.8,E,29.0,Potato patty
2709511,E,13.8,E,14.4,Potato tots, NFS
2709512,E,10.5,E,11.7,Potato tots, fast food / restaurant
2709513,E,31.4,E,27.8,Potato tots, school
2709514,E,13.8,E,14.4,Potato tots, from fresh, fried or baked
2709515,E,16.6,E,16.0,Potato tots, frozen, baked
2709516,E,13.8,E,14.4,Potato tots, frozen, fried
2709517,E,13.8,E,14.4,Potato tots, frozen, NS as to fried or baked
2709518,D,35.6,E,28.4,Potato, baked, peel not eaten, with butter
2709519,E,31.7,E,26.0,Potato, baked, peel not eaten, with sour cream
2709520,E,30.6,E,29.9,Potato, baked, peel not eaten, with cheese
2709521,E,30.5,E,31.5,Potato, baked, peel not eaten, with meat
2709522,D,39.4,D,37.9,Potato, baked, peel not eaten, with chili
2709523,D,37.3,D,34.7,Potato, baked, peel not eaten, with vegetables
2709524,C,58.5,D,44.8,Potato, baked, peel eaten
2709525,D,41.4,D,34.1,Potato, baked, peel eaten, with butter
2709526,D,37.1,E,31.3,Potato, baked, peel eaten, with sour cream
2709527,D,35.3,D,34.6,Potato, baked, peel eaten, with cheese
2709528,D,35.0,D,36.0,Potato, baked, peel eaten, with meat
2709529,D,43.5,D,42.0,Potato, baked, peel eaten, with chili
2709530,D,42.0,D,39.4,Potato, baked, peel eaten, with vegetables
2709531,E,22.6,E,23.0,Potato salad with egg, from restaurant
2709532,E,19.5,E,17.4,Potato salad with egg, made with mayonnaise
2709533,D,43.2,D,34.6,Potato salad with egg, made with light mayonnaise
2709534,D,43.2,D,34.8,Potato salad with egg, made with mayonnaise-type salad dressing
2709535,D,43.2,D,34.6,Potato salad with egg, made with light mayonnaise-type salad dressing
2709536,E,31.2,E,28.2,Potato salad with egg, made with creamy dressing
2709537,C,49.7,D,39.4,Potato salad with egg, made with light creamy dressing
2709538,D,42.3,D,34.5,Potato salad with egg, made with Italian dressing
2709539,C,54.0,D,41.8,Potato salad with egg, made with light Italian dressing
2709540,C,53.8,D,40.8,Potato salad with egg, made with any type of fat free dressing
2709541,C,50.3,D,40.5,Potato salad, German style
2709542,E,17.9,E,16.3,Potato salad, from restaurant
2709543,E,19.0,E,16.4,Potato salad, made with mayonnaise
2709544,D,39.8,E,28.5,Potato salad, made with light mayonnaise
2709545,D,39.2,E,28.5,Potato salad, made with mayonnaise-type salad dressing
2709546,D,39.8,E,28.5,Potato salad, made with light mayonnaise-type salad dressing
2709547,E,25.8,E,20.9,Potato salad, made with creamy dressing
2709548,C,47.3,D,33.9,Potato salad, made with light creamy dressing
2709549,D,38.8,E,28.2,Potato salad, made with Italian dressing
2709550,C,53.4,D,37.4,Potato salad, made with light Italian dressing
2709551,C,52.2,D,35.9,Potato salad, made with any type of fat free dressing
2709552,D,35.4,D,37.3,Potato pancake
2709553,E,27.6,E,30.9,Lefse
2709554,C,52.9,D,40.2,Stewed potatoes
2709555,B,58.9,D,42.8,Stewed potatoes with tomatoes
2709556,D,43.0,E,29.5,Soup, potato
2709557,D,41.0,D,34.6,Soup, potato with meat
2709558,D,43.3,D,33.4,Plantain, cooked, no added fat
2709559,D,36.5,E,29.4,Plantain, cooked with oil
2709560,D,44.6,D,34.4,Plantain, raw
2709561,D,36.9,E,29.5,Plantain, cooked, fat added, NS as to fat type
2709562,D,37.3,E,29.7,Plantain, cooked with butter or margarine
2709563,E,17.2,E,19.8,Plantain chips
2709564,E,26.1,E,22.7,Cassava, cooked
2709565,E,18.2,E,17.0,Yuca fries
2709566,E,15.9,E,18.0,Casabe, cassava bread
2709567,D,41.7,D,33.6,Taro, cooked
2709568,D,33.3,E,28.1,Fufu
2709569,E,23.3,E,24.4,Taro chips
2709570,A,83.1,B,58.2,Beet greens, raw
2709571,A,78.2,C,55.9,Beet greens, cooked
2709572,A,84.5,B,61.7,Broccoli raab, raw
2709573,A,79.4,B,59.0,Broccoli raab, cooked
2709574,A,82.2,C,56.5,Chard, raw
2709575,A,78.0,C,54.6,Chard, cooked
2709576,A,83.0,B,60.6,Collards, raw
2709577,A,82.1,B,60.7,Collards, fresh, cooked, no added fat
2709578,A,81.3,B,59.5,Collards, frozen, cooked, no added fat
2709579,A,76.9,B,57.7,Collards, NS as to form, cooked
2709580,A,76.9,B,57.7,Collards, fresh, cooked, fat added, NS as to fat type
2709581,A,76.3,C,56.7,Collards, frozen, cooked, fat added, NS as to fat type
2709582,A,76.1,B,57.3,Collards, fresh, cooked with oil
2709583,A,78.0,B,58.3,Collards, fresh, cooked with butter or margarine
2709584,A,75.4,C,56.2,Collards, frozen, cooked with oil
2709585,A,77.1,C,57.1,Collards, frozen, cooked with butter or margarine
2709586,A,81.2,B,58.4,Cress, raw
2709587,A,75.9,C,56.0,Cress, cooked
2709588,A,79.5,B,57.8,Dandelion greens, raw
2709589,A,71.9,C,54.3,Dandelion greens, cooked
2709590,A,80.2,C,52.9,Romaine lettuce, raw
2709591,B,70.0,C,56.1,Caesar salad, with romaine, no dressing
2709592,A,76.2,C,50.7,Escarole, cooked
2709593,A,81.3,B,59.5,Greens, fresh, cooked, no added fat
2709594,A,81.1,B,59.2,Greens, frozen, cooked, no added fat
2709595,A,76.6,C,56.9,Greens, NS as to form, cooked
2709596,A,76.6,C,56.9,Greens, fresh, cooked, fat added
2709597,A,75.6,C,56.1,Greens, frozen, cooked, fat added
2709598,A,77.2,C,52.3,Greens, canned, cooked
2709599,A,80.3,B,58.8,Kale, raw
2709600,A,80.1,B,59.4,Kale, fresh, cooked, no added fat
2709601,A,79.3,B,58.2,Kale, frozen, cooked, no added fat
2709602,A,73.7,C,55.9,Kale, NS as to form, cooked
2709603,A,73.7,C,55.9,Kale, fresh, cooked, fat added
2709604,A,72.3,C,54.1,Kale, frozen, cooked, fat added
2709605,A,77.8,B,58.1,Lambsquarter, cooked
2709606,A,84.0,B,60.6,Mustard greens, raw
2709607,A,84.3,B,61.4,Mustard greens, fresh, cooked, no added fat
2709608,A,82.9,B,58.2,Mustard greens, frozen, cooked, no added fat
2709609,A,78.0,B,57.9,Mustard greens, NS as to form, cooked
2709610,A,78.0,B,57.9,Mustard greens, fresh, cooked, fat added
2709611,A,79.1,C,56.0,Mustard greens, frozen, cooked, fat added
2709612,A,79.1,C,56.2,Poke greens, cooked
2709613,A,80.9,C,54.5,Radicchio, raw
2709614,A,84.0,B,60.5,Spinach, raw
2709615,A,82.4,B,61.4,Spinach, fresh, cooked, no added fat
2709616,A,83.2,B,63.6,Spinach, frozen, cooked, no added fat
2709617,A,83.9,B,60.4,Spinach, canned, cooked, no added fat
2709618,A,75.5,B,57.5,Spinach, fresh, cooked with oil
2709619,A,77.8,B,58.8,Spinach, fresh, cooked with butter or margarine
2709620,A,76.7,B,58.2,Spinach, NS as to form, cooked
2709621,A,76.7,B,58.2,Spinach, fresh, cooked, fat added, NS as to fat type
2709622,A,78.9,B,61.0,Spinach, frozen, cooked, fat added, NS as to fat type
2709623,A,79.4,B,57.8,Spinach, canned, cooked, fat added, NS as to fat type
2709624,A,78.2,B,60.6,Spinach, frozen, cooked with oil
2709625,A,79.8,B,61.5,Spinach, frozen, cooked with butter or margarine
2709626,A,78.5,B,57.4,Spinach, canned, cooked with oil
2709627,A,80.0,B,58.1,Spinach, canned, cooked with butter or margarine
2709628,B,61.5,D,46.8,Spinach, creamed
2709629,C,56.0,C,52.8,Spinach souffle
2709630,B,64.6,B,62.5,Spinach and cheese casserole
2709631,B,65.0,C,57.2,Palak Paneer
2709632,B,68.1,C,55.8,Channa Saag
2709633,A,78.4,B,64.7,Taro leaves, cooked
2709634,A,81.1,C,54.0,Turnip greens, fresh, cooked, no added fat
2709635,A,84.8,B,62.4,Turnip greens, frozen, cooked, no added fat
2709636,A,77.3,C,51.9,Turrnip greens, NS as to form, cooked
2709637,A,77.3,C,51.9,Turnip greens, fresh, cooked, fat added
2709638,A,79.0,B,59.2,Turnip greens, frozen, cooked, fat added
2709639,A,83.1,B,58.5,Watercress, raw
2709640,A,80.1,C,57.1,Watercress, cooked
2709641,A,77.9,B,59.3,Bitter melon, horseradish, jute, or radish leaves, cooked
2709642,A,72.8,C,51.9,Sweet potato, squash, pumpkin, chrysanthemum, or bean leaves, cooked
2709643,A,79.7,B,57.3,Broccoli, raw
2709644,B,67.9,C,51.1,Broccoli, cooked, from restaurant
2709645,A,79.5,B,57.5,Broccoli, fresh, cooked, no added fat
2709646,A,84.1,B,61.2,Broccoli, frozen, cooked, no added fat
2709647,A,73.4,C,54.1,Broccoli, NS as to form, cooked
2709648,A,73.4,C,54.1,Broccoli, fresh, cooked, fat added, NS as to fat type
2709649,A,78.0,B,57.7,Broccoli, frozen, cooked, fat added, NS as to fat type
2709650,A,71.9,C,53.3,Broccoli, fresh, cooked with oil
2709651,A,74.3,C,54.6,Broccoli, fresh, cooked with butter or margarine
2709652,A,77.2,B,57.2,Broccoli, frozen, cooked with oil
2709653,A,78.8,B,58.2,Broccoli, frozen, cooked with butter or margarine
2709654,C,57.3,C,48.0,Broccoli casserole with noodles
2709655,B,58.9,C,50.0,Broccoli casserole with rice
2709656,D,34.6,D,36.8,Fried broccoli
2709657,A,81.0,C,54.0,Broccoli, chinese, raw
2709658,A,74.4,C,50.4,Broccoli, Chinese, cooked
2709659,B,67.9,C,55.4,Soup, broccoli cheese
2709660,A,75.7,C,50.2,Carrots, raw
2709661,E,30.5,E,26.5,Carrots, raw, salad
2709662,D,32.2,E,26.4,Carrots, raw, salad with apples
2709663,B,61.2,D,42.9,Carrots, cooked, from restaurant
2709664,A,74.2,C,49.7,Carrots, fresh, cooked, no added fat
2709665,A,76.7,C,50.5,Carrots, frozen, cooked, no added fat
2709666,A,78.8,C,51.0,Carrots, canned, cooked, no added fat
2709667,B,64.8,D,44.8,Carrots, fresh, cooked with oil
2709668,B,67.1,D,45.9,Carrots, fresh, cooked with butter or margarine
2709669,B,66.0,D,45.4,Carrots, NS as to form, cooked
2709670,B,66.0,D,45.4,Carrots, fresh, cooked, fat added, NS as to fat type
2709671,B,70.1,C,47.0,Carrots, frozen, cooked, fat added, NS as to fat type
2709672,A,73.9,C,48.3,Carrots, canned, cooked, fat added, NS as to fat type
2709673,B,68.9,D,46.4,Carrots, frozen, cooked with oil
2709674,B,71.5,C,47.7,Carrots, frozen, cooked with butter or margarine
2709675,A,73.0,C,47.9,Carrots, canned, cooked with oil
2709676,A,74.6,C,48.7,Carrots, canned, cooked with butter or margarine
2709677,C,56.6,D,40.3,Carrots, glazed, cooked
2709678,A,79.1,C,51.1,Carrots, canned, reduced sodium, cooked, no added fat
2709679,A,74.8,C,48.7,Carrots, canned, reduced sodium, cooked, fat added, NS as to fat type
2709680,A,73.6,C,48.1,Carrots, canned, reduced sodium, cooked with oil
2709681,A,75.4,C,49.1,Carrots, canned, reduced sodium, cooked with butter or margarine
2709682,A,76.7,C,49.4,Beet juice
2709683,A,76.8,C,51.0,Carrot juice, 100%
2709684,A,74.4,C,56.8,Peas and carrots, fresh, cooked, no added fat
2709685,A,75.9,C,56.5,Peas and carrots, frozen, cooked, no added fat
2709686,A,77.6,C,56.0,Peas and carrots, canned, cooked, no added fat
2709687,B,66.6,C,52.4,Peas and carrots, cooked, NS as to form
2709688,B,66.6,C,52.4,Peas and carrots, fresh, cooked, fat added
2709689,B,67.6,C,51.8,Peas and carrots, frozen, cooked, fat added
2709690,B,69.8,C,51.4,Peas and carrots, canned, cooked, fat added
2709691,A,72.8,C,49.4,Pumpkin, canned, cooked
2709692,A,73.6,C,49.6,Pumpkin, cooked
2709693,A,80.3,C,53.0,Winter squash, raw
2709694,A,77.0,C,50.8,Winter squash, cooked, no added fat
2709695,B,69.9,D,46.8,Winter squash, cooked, fat added
2709696,B,67.6,C,52.9,Squash, winter, souffle
2709697,C,51.0,D,39.5,Sweet potato, NFS
2709698,C,51.0,D,39.5,Sweet potato, baked, NS as to fat
2709699,B,64.8,C,46.9,Sweet potato, baked, no added fat
2709700,C,51.0,D,39.5,Sweet potato, baked, fat added
2709701,C,51.0,D,39.5,Sweet potato, boiled, NS as to fat
2709702,B,64.8,C,46.9,Sweet potato, boiled, no added fat
2709703,C,51.0,D,39.5,Sweet potato, boiled, fat added
2709704,D,34.3,E,28.9,Sweet potato, candied
2709705,C,47.1,D,37.3,Sweet potato, canned, NS as to fat
2709706,B,60.6,D,44.6,Sweet potato, canned, no added fat
2709707,C,47.1,D,37.3,Sweet potato, canned, fat added
2709708,C,58.2,D,44.0,Sweet potato, casserole or mashed
2709709,D,40.0,D,35.4,Sweet potato fries, NFS
2709710,D,32.7,D,33.5,Sweet potato chips
2709711,D,40.0,D,35.4,Sweet potato fries, frozen
2709712,D,40.2,D,33.5,Sweet potato fries, from fresh
2709713,E,23.9,E,23.6,Sweet potato fries, fast food / restaurant
2709714,D,40.0,D,35.4,Sweet potato fries, school
2709715,D,39.7,D,35.1,Sweet potato tots
2709716,D,32.6,E,30.2,Sweet potato tots, fast food / restaurant
2709717,D,40.0,D,35.4,Sweet potato tots, school
2709718,B,63.5,D,43.7,Soup, pumpkin
2709719,A,79.6,C,52.1,Tomatoes, raw
2709720,A,72.4,C,48.5,Tomatoes, NS as to form, cooked
2709721,A,72.4,C,48.5,Tomatoes, fresh, cooked
2709722,A,73.7,C,48.3,Tomatoes, canned, cooked
2709723,C,49.7,D,39.8,Tomatoes, scalloped
2709724,A,75.3,C,49.2,Tomatoes, canned, reduced sodium, cooked
2709725,E,26.4,E,28.5,Fried green tomatoes
2709726,E,49.2,E,28.1,Tomato, green, pickled
2709727,A,90.8,A,94.8,Sun-dried tomatoes
2709728,A,78.8,C,51.5,Tomato juice, 100%
2709729,A,79.3,C,51.9,Tomato juice, 100%, low sodium
2709730,A,79.6,C,52.3,Tomato juice cocktail
2709731,A,79.6,C,52.3,Tomato and vegetable juice, 100%
2709732,A,79.1,C,51.1,Tomato and vegetable juice, 100%, low sodium
2709733,E,24.5,E,15.9,Ketchup
2709734,C,48.2,D,34.2,Ketchup, reduced sodium
2709735,D,41.0,E,30.1,Tomato chili sauce
2709736,B,65.6,D,42.6,Salsa, NFS
2709737,A,76.2,C,48.9,Salsa, pico de gallo
2709738,B,65.6,D,42.6,Salsa, red
2709739,B,65.6,D,42.6,Salsa, red, homemade
2709740,B,71.6,D,46.1,Taco sauce
2709741,E,50.4,E,27.2,Enchilada sauce, red
2709742,C,53.5,E,31.9,Enchilada sauce, green
2709743,C,53.5,E,31.9,Salsa verde or salsa, green
2709744,E,36.9,E,21.7,Hot Thai sauce
2709745,B,71.4,C,48.5,Spaghetti sauce
2709746,A,74.6,C,51.0,Spaghetti sauce with added vegetables
2709747,A,73.1,C,49.9,Spaghetti sauce, reduced sodium
2709748,A,78.7,C,52.1,Spaghetti sauce, fat free
2709749,C,52.9,D,35.3,Vodka sauce with tomatoes and cream
2709750,E,10.9,E,8.2,Barbecue sauce
2709751,E,51.1,E,29.2,Buffalo sauce
2709752,E,30.4,E,19.0,Steak sauce
2709753,E,20.0,E,14.6,Cocktail sauce
2709754,E,25.9,E,29.9,Puerto Rican seasoning with ham
2709755,D,43.7,D,33.7,Puerto Rican seasoning without ham and tomato sauce
2709756,E,27.1,E,18.5,Tomato and cucumber salad made with tomato, cucumber, oil, and vinegar
2709757,A,77.2,C,49.7,Soup, tomato
2709758,C,54.1,D,35.9,Soup, cream of tomato
2709759,B,62.4,D,37.9,Soup, tomato, canned
2709760,B,67.1,D,41.9,Soup, tomato, canned / carton, reduced sodium
2709761,D,43.5,C,52.4,Tomato sandwich on white
2709762,C,50.7,B,59.9,Tomato sandwich on wheat
2709763,A,80.9,C,53.9,Raw vegetable, NFS
2709764,A,83.1,B,60.2,Sprouts, NFS
2709765,A,85.1,B,64.3,Alfalfa sprouts, raw
2709766,A,76.6,C,56.2,Artichoke
2709767,A,82.7,B,57.9,Asparagus, raw
2709768,A,83.1,B,60.2,Bean sprouts, raw
2709769,A,78.1,C,54.5,Green beans, raw
2709770,A,75.1,C,51.4,Beets, raw
2709771,A,83.4,B,60.4,Broccoflower, raw
2709772,A,80.8,B,60.4,Brussels sprouts, raw
2709773,A,78.1,C,51.6,Cabbage, green, raw
2709774,A,81.6,C,55.3,Cabbage, Chinese, raw
2709775,A,78.2,C,52.5,Cabbage, red, raw
2709776,A,81.3,C,54.6,Cactus, raw
2709777,A,81.8,C,56.4,Cauliflower, raw
2709778,A,77.9,C,49.9,Celery, raw
2709779,A,78.9,C,52.9,Fennel bulb, raw
2709780,A,84.5,B,61.7,Basil, raw
2709781,A,84.6,B,62.1,Chives, raw
2709782,A,82.8,B,57.8,Cilantro, raw
2709783,B,62.7,C,49.3,Corn, raw
2709784,A,77.0,C,49.4,Cucumber, raw
2709785,A,78.9,C,51.7,Eggplant, raw
2709786,C,57.3,C,56.9,Garlic, raw
2709787,A,76.6,C,50.0,Jicama, raw
2709788,A,81.8,C,55.8,Kohlrabi, raw
2709789,A,80.1,C,52.7,Lettuce, raw
2709790,A,80.1,C,52.6,Lettuce, Boston, raw
2709791,A,83.4,B,59.4,Lettuce, arugula, raw
2709792,A,81.1,C,54.4,Mixed salad greens, raw
2709793,A,80.8,B,58.2,Mushrooms, raw
2709794,A,79.6,C,55.1,Onions, green, raw
2709795,A,74.3,C,48.6,Onions, raw
2709796,A,81.4,B,59.6,Parsley, raw
2709797,A,75.4,B,63.5,Green peas, raw
2709798,A,78.8,C,53.4,Peppers, hot, raw
2709799,A,79.6,C,52.1,Peppers, raw, NFS
2709800,A,79.1,C,51.4,Peppers, sweet, green, raw
2709801,A,78.5,C,51.8,Peppers, sweet, red, raw
2709802,A,81.7,C,55.7,Peppers, banana, raw
2709803,A,79.3,C,51.5,Radish
2709804,A,77.2,C,51.5,Rutabaga, raw
2709805,A,80.9,B,60.7,Seaweed, raw
2709806,A,79.8,B,58.2,Snowpeas, raw
2709807,A,80.1,C,52.9,Summer squash, yellow, raw
2709808,A,80.6,C,53.8,Summer squash, green, raw
2709809,A,79.2,C,51.9,Turnip, raw
2709810,A,79.3,C,51.6,Mixed vegetable juice
2709811,A,77.9,C,49.9,Celery juice
2709812,E,27.1,D,35.1,Broccoli salad with cauliflower, cheese, bacon bits, and dressing
2709813,C,48.5,D,39.1,Broccoli slaw salad
2709814,E,24.5,E,19.3,Coleslaw, fast food / restaurant
2709815,D,43.2,E,32.0,Coleslaw
2709816,A,74.1,C,48.7,Cabbage salad, NFS
2709817,D,43.9,E,32.2,Coleslaw, with fruit
2709818,B,63.6,D,40.3,Cucumber and vegetable namasu
2709819,E,42.0,E,25.5,Cucumber salad, made with sour cream dressing
2709820,E,23.8,E,15.4,Cucumber salad, made with Italian dressing
2709821,C,53.6,E,30.2,Cucumber salad made with cucumber and vinegar
2709822,A,80.5,C,53.3,Lettuce, salad with assorted vegetables including tomatoes and/or carrots, no dressing
2709823,A,80.8,C,53.9,Lettuce, salad with assorted vegetables excluding tomatoes and carrots, no dressing
2709824,A,72.9,C,49.7,Lettuce, salad with avocado, tomato, and/or carrots, with or without other vegetables, no dressing
2709825,B,67.1,C,57.1,Lettuce, salad with cheese, tomato and/or carrots, with or without other vegetables, no dressing
2709826,A,77.8,B,58.5,Lettuce, salad with egg, tomato, and/or carrots, with or without other vegetables, no dressing
2709827,A,72.2,B,57.8,Lettuce, salad with egg, cheese, tomato, and/or carrots, with or without other vegetables, no dressing
2709828,B,63.9,C,49.0,Lettuce, wilted, with bacon dressing
2709829,E,20.0,E,26.0,Seven-layer salad, lettuce salad made with a combination of onion, celery, green pepper, peas, mayonnaise, cheese, eggs, and/or bacon
2709830,A,76.8,C,55.9,Greek Salad, no dressing
2709831,A,76.0,B,68.5,Spinach salad, no dressing
2709832,A,81.5,A,83.3,Cobb salad, no dressing
2709833,B,70.3,D,42.6,Aloe vera juice drink
2709834,A,82.8,B,58.3,Asparagus, fresh, cooked, no added fat
2709835,A,83.9,B,60.7,Asparagus, frozen, cooked, no added fat
2709836,A,82.5,B,57.5,Asparagus, canned, cooked, no added fat
2709837,A,76.8,C,54.6,Asparagus, NS as to form, cooked
2709838,A,76.8,C,54.6,Asparagus, fresh, cooked, fat added, NS as to fat type
2709839,A,79.5,B,57.9,Asparagus, frozen, cooked, fat added, NS as to fat type
2709840,A,77.3,C,54.3,Asparagus, canned, cooked, fat added, NS as to fat type
2709841,A,75.6,C,53.9,Asparagus, fresh, cooked with oil
2709842,A,77.5,C,55.0,Asparagus, fresh, cooked with butter or margarine
2709843,A,78.5,B,57.3,Asparagus, frozen, cooked with oil
2709844,A,80.0,B,58.2,Asparagus, frozen, cooked with butter or margarine
2709845,A,76.3,C,53.7,Asparagus, canned, cooked with oil
2709846,A,77.9,C,54.6,Asparagus, canned, cooked with butter or margarine
2709847,A,72.8,C,49.5,Bamboo shoots, cooked
2709848,B,69.3,B,61.7,Lima beans, from frozen, no added fat
2709849,B,63.2,B,57.8,Lima beans, from frozen, fat added
2709850,B,62.7,B,57.2,Lima beans, from canned
2709851,B,63.4,D,46.1,Green beans, cooked, from restaurant
2709852,A,77.3,C,54.2,Green beans, fresh, cooked, no added fat
2709853,A,79.8,C,53.7,Green beans, frozen, cooked, no added fat
2709854,A,76.4,C,49.8,Green beans, canned, cooked, no added fat
2709855,B,70.3,C,48.2,Green beans, NS as to form, cooked
2709856,B,69.9,C,49.9,Green beans, fresh, cooked, fat added, NS as to fat type
2709857,A,72.1,C,49.0,Green beans, frozen, cooked, fat added, NS as to fat type
2709858,B,66.6,D,43.0,Green beans, canned, cooked, fat added, NS as to fat type
2709859,B,68.1,C,49.0,Green beans, fresh, cooked with oil
2709860,B,70.9,C,50.4,Green beans, fresh, cooked with butter or margarine
2709861,B,71.1,C,48.5,Green beans, frozen, cooked with oil
2709862,A,73.0,C,49.5,Green beans, frozen, cooked with butter or margarine
2709863,B,65.6,D,42.6,Green beans, canned, cooked with oil
2709864,B,66.4,D,42.8,Green beans, canned, cooked with butter or margarine
2709865,A,79.3,C,52.5,Green beans, canned, reduced sodium, cooked, no added fat
2709866,A,73.1,C,48.5,Green beans, canned, reduced sodium, cooked, fat added, NS as to fat type
2709867,A,71.8,C,47.8,Green beans, canned, reduced sodium, cooked with oil
2709868,A,73.7,C,48.9,Green beans, canned, reduced sodium, cooked with butter or margarine
2709869,E,27.5,E,30.4,Fried green beans
2709870,A,72.0,C,49.0,Yellow string beans, cooked
2709871,A,74.2,A,75.2,Bean sprouts, cooked
2709872,A,74.2,C,50.9,Beets, fresh, cooked, no added fat
2709873,A,75.6,C,49.5,Beets, canned, cooked, no added fat
2709874,B,67.8,D,44.5,Beets, NS as to form, cooked
2709875,B,64.7,D,45.2,Beets, fresh, cooked, fat added
2709876,B,67.8,D,44.5,Beets, canned, cooked, fat added
2709877,B,67.0,D,43.7,Beets, canned, reduced sodium, cooked
2709878,A,75.7,C,49.8,Bitter melon, cooked
2709879,C,46.0,D,34.4,Breadfruit, cooked
2709880,A,76.6,C,56.9,Broccoflower, cooked
2709881,A,80.5,B,60.6,Brussels sprouts, fresh, cooked, no added fat
2709882,A,81.2,B,61.3,Brussels sprouts, frozen, cooked, no added fat
2709883,A,74.5,B,57.2,Brussels sprouts, NS as to form, cooked
2709884,A,74.5,B,57.2,Brussels sprouts, fresh, cooked, fat added
2709885,A,75.3,B,57.8,Brussels sprouts, frozen, cooked, fat added
2709886,C,53.3,D,39.2,Burdock, cooked
2709887,A,81.7,C,55.5,Cabbage, Chinese, cooked, no added fat
2709888,A,78.6,C,53.7,Cabbage, Chinese, cooked, fat added
2709889,A,77.8,C,51.6,Cabbage, green, cooked, no added fat
2709890,B,71.6,C,48.0,Cabbage, green, cooked, fat added, NS as to fat type
2709891,B,70.5,C,47.4,Cabbage, green, cooked with oil
2709892,A,72.6,C,48.6,Cabbage, green, cooked with butter or margarine
2709893,A,71.8,C,49.2,Cabbage, red, cooked
2709894,A,75.3,C,53.1,Cabbage, savoy, cooked
2709895,A,81.2,C,54.5,Cactus, cooked, no added fat
2709896,A,77.0,C,51.8,Cactus, cooked, fat added
2709897,A,81.7,C,56.6,Cauliflower, fresh, cooked, no added fat
2709898,A,81.2,C,55.1,Cauliflower, frozen, cooked, no added fat
2709899,A,75.8,C,53.3,Cauliflower, NS as to form, cooked
2709900,A,75.8,C,53.3,Cauliflower, fresh, cooked, fat added, NS as to fat type
2709901,A,76.7,C,52.5,Cauliflower, frozen, cooked, fat added, NS as to fat type
2709902,A,74.8,C,52.7,Cauliflower, fresh, cooked with oil
2709903,A,76.7,C,53.8,Cauliflower, fresh, cooked with butter or margarine
2709904,A,75.7,C,51.9,Cauliflower, frozen, cooked with oil
2709905,A,77.4,C,52.9,Cauliflower, frozen, cooked with butter or margarine
2709906,B,69.8,D,44.3,Celery, cooked
2709907,B,69.8,C,48.2,Fennel bulb, cooked
2709908,B,71.2,D,46.4,Christophine, cooked
2709909,D,44.4,D,37.4,Corn, cooked, from restaurant
2709910,B,61.2,C,48.0,Corn, fresh, cooked, no added fat
2709911,B,60.3,D,45.1,Corn, frozen, cooked, no added fat
2709912,C,56.6,D,40.0,Corn, canned, cooked, no added fat
2709913,C,46.3,D,33.5,Corn, NS as to form, cooked
2709914,C,52.5,D,42.5,Corn, fresh, cooked, fat added, NS as to fat type
2709915,C,51.2,D,39.5,Corn, frozen, cooked, fat added, NS as to fat type
2709916,C,46.3,D,33.5,Corn, canned, cooked, fat added, NS as to fat type
2709917,C,51.7,D,42.2,Corn, fresh, cooked with oil
2709918,C,53.2,D,42.9,Corn, fresh, cooked with butter or margarine
2709919,C,50.1,D,39.0,Corn, frozen, cooked with oil
2709920,C,51.9,D,39.8,Corn, frozen, cooked with butter or margarine
2709921,C,46.4,D,33.9,Corn, canned, cooked with oil
2709922,C,46.2,D,33.1,Corn, canned, cooked with butter or margarine
2709923,C,51.5,D,35.2,Corn, creamed
2709924,B,64.1,D,45.7,Corn, canned, reduced sodium, cooked, no added fat
2709925,C,53.4,D,39.1,Corn, canned, reduced sodium, cooked, fat added, NS as to fat type
2709926,C,52.5,D,38.7,Corn, canned, reduced sodium, cooked with oil
2709927,C,54.0,D,39.2,Corn, canned, reduced sodium, cooked with butter or margarine
2709928,B,62.8,D,39.1,Cucumber, cooked
2709929,A,78.3,C,51.4,Eggplant, cooked, no added fat
2709930,B,69.4,D,45.9,Eggplant, cooked, fat added
2709931,A,75.4,C,49.9,Flowers or blossoms of sesbania, squash, or lily, cooked
2709932,C,56.2,C,55.8,Garlic, cooked
2709933,E,35.3,E,22.6,Hominy, cooked
2709934,A,75.5,C,52.6,Kohlrabi, cooked
2709935,B,60.0,D,43.6,Leeks
2709936,B,60.5,D,43.6,Lotus root, cooked
2709937,A,78.6,B,59.0,Mushrooms, fresh, cooked, no added fat
2709938,B,68.4,C,52.4,Mushrooms, NS as to form, cooked
2709939,B,68.4,C,52.4,Mushrooms, fresh, cooked, fat added, NS as to fat type
2709940,C,56.9,D,37.0,Mushrooms, canned, cooked
2709941,B,67.1,C,51.8,Mushrooms, fresh, cooked with oil
2709942,B,69.5,C,52.9,Mushrooms, fresh, cooked with butter or margarine
2709943,A,75.4,C,53.6,Mushroom, Asian, cooked, from dried
2709944,A,79.6,C,55.8,Okra, fresh, cooked, no added fat
2709945,A,80.8,C,54.9,Okra, frozen, cooked, no added fat
2709946,A,73.0,C,52.0,Okra, NS as to form, cooked
2709947,A,73.0,C,52.0,Okra, fresh, cooked, fat added
2709948,A,73.1,C,50.3,Okra, frozen, cooked, fat added
2709949,A,73.9,C,49.5,Lettuce, cooked
2709950,B,71.2,C,47.6,Onions, cooked, no added fat
2709951,C,57.7,D,39.4,Onions, cooked, fat added
2709952,B,65.0,D,41.4,Onions, pearl, cooked
2709953,B,71.5,C,51.3,Onions, green, cooked
2709954,C,45.7,D,39.1,Palm hearts, cooked
2709955,C,57.4,D,41.1,Parsnips, cooked
2709956,B,65.6,B,65.8,Blackeyed peas, from frozen
2709957,B,64.7,B,64.9,Blackeyed peas, from canned
2709958,B,64.7,B,57.4,Green peas, cooked, from restaurant
2709959,A,74.8,B,63.7,Green peas, fresh, cooked, no added fat
2709960,A,72.9,B,60.9,Green peas, frozen, cooked, no added fat
2709961,A,73.8,B,59.0,Green peas, canned, cooked, no added fat
2709962,B,66.4,C,56.8,Green peas, NS as to form, cooked
2709963,B,68.5,B,59.8,Green peas, fresh, cooked, fat added, NS as to fat type
2709964,B,66.4,C,56.8,Green peas, frozen, cooked, fat added, NS as to fat type
2709965,B,65.7,C,54.0,Green peas, canned, cooked, fat added, NS as to fat type
2709966,B,67.8,B,59.4,Green peas, fresh, cooked with oil
2709967,B,69.3,B,60.3,Green peas, fresh, cooked with butter or margarine
2709968,B,65.4,C,56.3,Green peas, frozen, cooked with oil
2709969,B,67.1,B,57.2,Green peas, frozen, cooked with butter or margarine
2709970,B,64.9,C,53.6,Green peas, canned, cooked with oil
2709971,B,66.4,C,54.4,Green peas, canned, cooked with butter or margarine
2709972,A,74.5,B,58.4,Green peas, canned, reduced sodium, cooked, no added fat
2709973,B,65.1,C,53.0,Green peas, canned, reduced sodium, cooked, fat added, NS as to fat type
2709974,B,64.0,C,52.4,Green peas, canned, reduced sodium, cooked with oil
2709975,B,66.2,C,53.6,Green peas, canned, reduced sodium, cooked with butter or margarine
2709976,A,73.9,C,48.6,Peppers, green, cooked
2709977,A,72.7,C,48.8,Peppers, red, cooked
2709978,A,72.4,C,50.1,Peppers, hot, cooked
2709979,A,81.3,C,54.6,Pimiento
2709980,B,68.3,D,46.6,Rutabaga, cooked
2709981,B,59.1,D,45.1,Salsify, cooked
2709982,B,69.9,D,45.1,Sauerkraut
2709983,A,79.5,B,58.3,Snowpeas, fresh, cooked, no added fat
2709984,A,78.3,B,59.3,Snowpeas, frozen, cooked, no added fat
2709985,A,73.0,C,54.6,Snowpeas, NS as to form, cooked
2709986,A,73.0,C,54.6,Snowpeas, fresh, cooked, fat added
2709987,B,70.6,C,54.8,Snowpeas, frozen, cooked, fat added
2709988,A,88.6,A,93.8,Seaweed, dried
2709989,A,80.8,B,60.6,Seaweed, cooked, no added fat
2709990,A,74.1,C,56.6,Seaweed, cooked, fat added
2709991,A,80.6,C,53.9,Summer squash, yellow or green, fresh, cooked, no added fat
2709992,A,79.2,C,52.6,Summer squash, yellow or green, frozen, cooked, no added fat
2709993,A,73.6,C,49.6,Summer squash, yellow or green, NS as to form, cooked
2709994,A,73.6,C,49.6,Summer squash, yellow or green, fresh, cooked, fat added, NS as to fat type
2709995,A,72.6,C,48.3,Summer squash, yellow or green, frozen, cooked, fat added, NS as to fat type
2709996,B,62.6,D,38.0,Summer squash, yellow or green, canned, cooked, fat added, NS as to fat type
2709997,A,72.3,C,48.9,Summer squash, yellow or green, fresh, cooked with oil
2709998,A,74.4,C,50.1,Summer squash, yellow or green, fresh, cooked with butter or margarine
2709999,A,72.0,C,48.0,Summer squash, yellow or green, frozen, cooked with oil
2710000,A,73.3,C,48.7,Summer squash, yellow or green, frozen, cooked with butter or margarine
2710001,B,65.2,D,41.3,Spaghetti squash, cooked
2710002,B,70.0,D,46.5,Turnip, cooked
2710003,B,61.6,D,43.2,Water Chesnut
2710004,B,69.7,D,43.5,Winter melon, cooked
2710005,A,93.0,A,95.3,Yeast
2710006,A,77.3,A,84.1,Yeast extract spread
2710007,B,65.2,C,53.9,Lima beans and corn, cooked, no added fat
2710008,C,57.9,C,49.5,Lima beans and corn, cooked, fat added
2710009,C,54.9,D,45.4,Bean salad, yellow and/or green string beans
2710010,A,77.2,C,51.4,Peppers and onions, cooked, no added fat
2710011,B,71.1,C,48.2,Peppers and onions, cooked, fat added
2710012,B,60.1,C,47.4,Classic mixed vegetables, cooked, from restaurant
2710013,A,72.5,C,53.9,Classic mixed vegetables, frozen, cooked, no added fat
2710014,A,75.3,C,53.0,Classic mixed vegetables, canned, cooked, no added fat
2710015,B,64.6,C,49.5,Classic mixed vegetables, NS as to form, cooked
2710016,B,64.6,C,49.5,Classic mixed vegetables, frozen, cooked, fat added, NS as to fat type
2710017,B,66.5,C,47.8,Classic mixed vegetables, canned, cooked, fat added, NS as to fat type
2710018,B,63.8,C,49.1,Classic mixed vegetables, frozen, cooked with oil
2710019,B,65.5,C,49.9,Classic mixed vegetables, frozen, cooked with butter or margarine
2710020,B,65.4,C,47.2,Classic mixed vegetables, canned, cooked with oil
2710021,B,68.3,C,48.8,Classic mixed vegetables, canned, cooked with butter or margarine
2710022,A,76.5,C,53.5,Classic mixed vegetables, canned, reduced sodium, cooked, no added fat
2710023,B,67.5,C,48.3,Classic mixed vegetables, canned, reduced sodium, cooked, fat added, NS as to fat type
2710024,B,66.4,C,47.8,Classic mixed vegetables, canned, reduced sodium, cooked with oil
2710025,B,69.4,C,49.4,Classic mixed vegetables, canned, reduced sodium, cooked with butter or margarine
2710026,B,67.6,C,53.8,Peas and corn, cooked, no added fat
2710027,B,59.8,C,49.1,Peas and corn, cooked, fat added
2710028,B,65.6,D,44.8,Ratatouille
2710029,C,55.6,D,40.7,Vegetables, stew type, cooked, fat added
2710030,B,66.6,D,46.8,Vegetables, stew type, cooked, no added fat
2710031,A,82.7,B,58.2,Broccoli and cauliflower, cooked, no added fat
2710032,A,77.4,C,55.2,Broccoli and cauliflower, cooked, fat added
2710033,A,82.0,C,56.2,Broccoli, cauliflower and carrots, cooked, no added fat
2710034,A,75.7,C,52.7,Broccoli, cauliflower and carrots, cooked, fat added
2710035,A,76.6,C,54.3,Asian stir fry vegetables, cooked, no added fat
2710036,B,68.7,C,49.9,Asian stir fry vegetables, cooked, fat added
2710037,A,74.9,B,59.0,Jai, Monk's Food
2710038,A,92.0,A,95.7,Vegetable mixture, dried
2710039,D,44.2,D,44.4,Artichokes, stuffed
2710040,B,68.0,C,47.5,Green bean casserole
2710041,C,55.2,D,43.4,Green beans, cooked, Szechuan-style
2710042,E,29.9,E,32.3,Fried cauliflower
2710043,D,41.7,C,50.8,Chiles rellenos, cheese-filled
2710044,D,44.8,C,55.8,Chiles rellenos, filled with meat and cheese
2710045,C,48.2,B,58.4,Stuffed jalapeno pepper
2710046,C,49.4,D,43.8,Corn, scalloped or pudding
2710047,E,23.6,D,36.9,Fritter, corn
2710048,E,23.7,E,26.3,Fried eggplant
2710049,D,40.1,D,41.3,Eggplant dip
2710050,C,47.8,C,50.8,Eggplant parmesan casserole, regular
2710051,B,66.4,B,59.1,Eggplant with cheese and tomato sauce
2710052,D,40.9,C,57.0,Mushrooms, stuffed
2710053,E,26.0,E,30.4,Fried mushrooms
2710054,E,26.5,E,29.1,Fried okra
2710055,E,15.0,E,21.8,Fried onion rings
2710056,E,29.7,E,28.9,Pea salad
2710057,E,31.0,D,35.1,Pea salad with cheese
2710058,E,26.3,E,28.6,Fried summer squash, yellow or green
2710059,B,63.2,C,50.1,Squash, summer, casserole with tomato and cheese
2710060,B,59.8,D,44.5,Squash, summer, casserole, with rice and tomato sauce
2710061,B,60.5,C,48.9,Squash, summer, casserole, with cheese sauce
2710062,D,43.0,D,39.8,Squash, summer, souffle
2710063,A,74.6,C,50.8,Stew, vegetable
2710064,B,68.0,D,44.9,Chow mein or chop suey, meatless, no noodles
2710065,E,31.8,D,33.8,Vegetable tempura
2710066,C,50.2,D,45.9,Pakora
2710067,C,57.1,D,41.0,Vegetable curry
2710068,C,46.4,D,34.9,Vegetable curry with rice
2710069,D,37.4,E,31.1,Chow mein or chop suey, meatless, with noodles
2710070,C,50.2,E,31.6,Green beans, pickled
2710071,C,52.4,D,32.9,Beets, pickled
2710072,E,47.8,E,25.2,Celery, pickled
2710073,D,33.3,E,24.6,Relish, corn
2710074,A,72.0,C,48.6,Cauliflower, pickled
2710075,B,62.6,D,39.2,Cabbage, green, pickled
2710076,B,70.4,D,46.6,Cabbage, red, pickled
2710077,A,77.5,C,50.9,Kimchi
2710078,E,49.7,E,26.4,Pickles, dill
2710079,E,15.6,E,9.2,Relish, pickle
2710080,D,33.5,E,19.8,Pickles, sweet
2710081,E,47.5,E,26.3,Eggplant, pickled
2710082,E,49.5,E,25.9,Ginger root, pickled
2710083,A,73.5,C,49.4,Horseradish
2710084,E,49.1,E,31.9,Mushrooms, pickled
2710085,C,54.6,D,42.7,Mustard
2710086,E,10.5,E,11.9,Honey mustard dip
2710087,B,70.2,C,47.6,Okra, pickled
2710088,D,34.5,E,24.6,Olives, NFS
2710089,E,14.0,E,10.2,Olives, green
2710090,D,34.5,E,24.6,Olives, black
2710091,E,15.9,E,11.6,Olives, stuffed
2710092,E,8.2,E,8.2,Olive tapenade
2710093,A,72.5,C,47.2,Hot pepper sauce
2710094,A,72.6,C,47.0,Peppers, sweet, pickled
2710095,E,50.6,E,27.8,Peppers, hot, pickled
2710096,A,79.2,C,51.8,Peppers, jalapenos
2710097,E,49.7,E,26.4,Pickles, NFS
2710098,E,16.7,E,19.9,Pickles, fried
2710099,E,48.2,E,25.9,Radishes, pickled
2710100,B,65.8,C,47.7,Seaweed, pickled
2710101,A,73.9,C,49.0,Vegetables, pickled
2710102,E,46.7,E,25.7,Turnip, pickled
2710103,E,9.8,E,11.7,Wasabi paste
2710104,E,48.8,E,27.5,Zucchini, pickled
2710105,B,71.6,D,44.7,Soup, borscht
2710106,A,79.0,C,51.6,Soup, gazpacho
2710107,D,45.2,E,30.9,Soup, cream of mushroom
2710108,C,48.5,D,44.1,Soup, French onion
2710109,C,51.1,D,34.7,Soup, cream of vegetable
2710110,B,61.2,D,44.7,Soup, seaweed
2710111,B,70.9,D,46.3,Soup, vegetable, canned
2710112,A,72.7,C,47.9,Soup, vegetable, canned, reduced sodium
2710113,A,76.7,C,49.7,Soup, vegetable
2710114,A,73.6,C,50.2,Soup, minestrone
2710115,A,72.5,C,53.5,Soup, beef
2710116,A,74.2,C,55.0,Soup, vegetable, with meat
2710117,A,75.9,C,51.7,Baby Toddler vegetable, NFS
2710118,A,79.5,C,51.9,Baby Toddler carrots, Stage 1
2710119,A,77.7,C,51.0,Baby Toddler carrots, Stage 2
2710120,A,78.0,C,50.7,Baby Toddler squash, Stage 1
2710121,A,78.5,C,51.1,Baby Toddler squash, Stage 2
2710122,B,71.6,C,48.5,Baby Toddler sweet potatoes, Stage 1
2710123,B,70.4,C,47.9,Baby Toddler sweet potatoes, Stage 2
2710124,A,80.3,C,53.5,Baby Toddler green beans, Stage 1
2710125,A,80.3,C,53.5,Baby Toddler green beans, Stage 2
2710126,A,74.6,C,49.7,Baby Toddler beets
2710127,A,75.9,C,51.7,Baby Toddler multiple vegetables, Stage 2
2710128,A,75.9,C,51.7,Baby Toddler multiple vegetables, Stage 3
2710129,A,72.3,C,51.0,Baby Toddler vegetables, with grain
2710130,A,72.3,C,54.1,Baby Toddler vegetables and meat
2710131,A,75.1,C,55.9,Baby Toddler peas, Stage 1
2710132,A,75.1,C,55.9,Baby Toddler peas, Stage 2
2710133,B,61.0,C,48.6,Toddler meal, NFS
2710134,B,66.1,C,51.7,Toddler meal, meat and vegetables
2710135,B,64.1,C,51.9,Toddler meal, rice and vegetables
2710136,C,45.9,D,38.4,Toddler meal, pasta
2710137,B,62.6,C,47.9,Toddler meal, pasta and vegetables
2710138,D,37.8,D,39.9,Fried stuffed potatoes, Puerto Rican style
2710139,D,39.6,B,62.7,Green plantain with cracklings, Puerto Rican style
2710140,C,46.3,B,66.6,Ripe plantain meat pie, Puerto Rican style
2710141,D,37.7,D,45.2,Puerto Rican pasteles
2710142,C,49.5,B,59.9,Stuffed cabbage, with meat, Puerto Rican style
2710143,B,63.8,C,49.7,Stuffed cabbage, with meat and rice, Syrian dish, Puerto Rican style
2710144,B,66.9,B,62.1,Eggplant and meat casserole
2710145,A,72.9,D,46.6,Vegetable and fruit juice, 100% juice, with high vitamin C
2710146,B,68.9,C,48.2,Fruit and vegetable smoothie, with dairy
2710147,A,75.3,B,69.2,Fruit and vegetable smoothie, added protein
2710148,B,69.7,C,47.4,Fruit and vegetable smoothie, non-dairy
2710149,A,75.3,B,68.0,Fruit and vegetable smoothie, non-dairy, added protein
2710150,B,68.4,D,44.3,Fruit and vegetable smoothie, bottled
2710151,B,68.4,D,46.6,Fruit and vegetable smoothie, no dairy
2710152,B,62.7,C,48.3,Vegetable smoothie
2710153,E,28.7,E,16.5,Table fat, NFS
2710154,E,22.3,E,13.8,Butter, NFS
2710155,E,22.3,E,13.8,Butter, stick
2710156,E,20.3,E,11.7,Butter, tub
2710157,E,22.2,E,21.1,Butter, light
2710158,C,53.9,D,32.9,Margarine, NFS
2710159,D,44.6,E,24.8,Margarine, stick
2710160,C,56.9,D,35.5,Margarine, tub
2710161,C,57.4,D,35.8,Butter replacement, liquid
2710162,B,60.3,D,39.5,Margarine, light
2710163,E,17.5,E,15.0,Butter replacement, powder
2710164,D,39.9,E,21.9,Oil or table fat, NFS
2710165,D,32.8,E,23.2,Animal fat or drippings
2710166,E,30.8,E,15.5,Lard
2710167,D,38.5,E,19.6,Shortening, NS as to vegetable or animal
2710168,E,19.6,E,10.8,Ghee, clarified butter
2710169,E,2.5,E,5.7,Garlic sauce
2710170,E,1.6,E,3.3,Lemon-butter sauce
2710171,E,8.9,E,21.0,Hollandaise sauce
2710172,D,39.4,E,22.8,Sandwich spread
2710173,D,35.6,E,21.1,Tartar sauce
2710174,E,3.0,E,5.3,Horseradish sauce
2710175,E,21.4,D,39.4,Pesto sauce
2710176,E,2.8,E,4.8,Fry sauce
2710177,E,25.4,E,17.6,Sauce, NFS
2710178,C,46.0,E,32.4,Curry sauce
2710179,E,22.7,E,13.2,Honey butter
2710180,C,49.5,E,26.9,Vegetable oil, NFS
2710181,B,64.5,D,38.5,Almond oil
2710182,E,8.7,E,4.4,Coconut oil
2710183,C,51.2,E,28.2,Corn oil
2710184,C,47.1,E,26.9,Cottonseed oil
2710185,C,47.4,E,24.6,Flaxseed oil
2710186,C,48.8,E,26.6,Olive oil
2710187,C,45.9,E,24.3,Peanut oil
2710188,C,54.5,E,29.8,Canola oil
2710189,B,66.8,D,40.2,Safflower oil
2710190,D,44.2,E,22.5,Sesame oil
2710191,C,45.9,E,24.0,Soybean oil
2710192,B,70.0,D,43.1,Sunflower oil
2710193,C,47.1,E,24.1,Walnut oil
2710194,B,67.9,D,43.1,Wheat germ oil
2710195,D,41.0,E,24.7,Salad dressing, NFS, for salads
2710196,D,42.3,E,24.2,Salad dressing, NFS, for sandwiches
2710197,D,42.6,E,25.9,Blue or roquefort cheese dressing
2710198,D,40.4,E,26.1,Bacon and tomato dressing
2710199,D,41.9,E,27.8,Caesar dressing
2710200,D,40.1,E,22.9,Coleslaw dressing
2710201,D,42.5,E,24.7,French or Catalina dressing
2710202,D,44.8,E,25.7,Honey mustard dressing
2710203,D,35.2,E,19.0,Italian dressing, made with vinegar and oil
2710204,D,42.7,E,24.6,Mayonnaise, regular
2710205,D,38.1,E,20.2,Vegan mayonnaise
2710206,D,41.4,E,23.4,Russian dressing
2710207,D,38.2,E,21.3,Mayonnaise-type salad dressing
2710208,D,43.1,E,27.7,Avocado dressing
2710209,D,36.4,E,20.1,Creamy Italian dressing
2710210,D,38.2,E,22.2,Poppy seed dressing
2710211,D,44.5,E,32.1,Sesame dressing
2710212,D,41.0,E,24.7,Ranch dressing
2710213,D,40.4,E,23.9,Thousand Island dressing
2710214,E,26.5,E,21.3,Fruit dressing
2710215,D,34.0,E,21.7,Salad dressing, light, NFS
2710216,D,39.9,E,24.7,Blue or roquefort cheese dressing, light
2710217,E,28.0,E,16.0,Creamy Italian dressing, light
2710218,D,40.8,E,22.7,French or Catalina dressing, light
2710219,E,20.0,E,11.0,Caesar dressing, light
2710220,D,35.8,E,19.2,Mayonnaise, light
2710221,D,39.8,E,21.3,Mayonnaise, reduced fat,  with olive oil
2710222,D,32.4,E,18.3,Mayonnaise-type salad dressing, light
2710223,D,41.8,E,24.5,Honey mustard dressing, light
2710224,E,26.5,E,14.8,Italian dressing, light
2710225,D,34.0,E,21.7,Ranch dressing, light
2710226,E,26.5,E,14.8,Sesame dressing, light
2710227,D,38.4,E,22.1,Thousand Island dressing, light
2710228,D,37.4,E,28.5,Korean dressing or marinade
2710229,E,15.4,E,12.5,Blue or roquefort cheese dressing, fat free
2710230,E,10.7,E,9.9,Caesar dressing, fat free
2710231,E,-4.7,E,0.8,Creamy Italian dressing, fat free
2710232,E,29.9,E,15.7,French or Catalina dressing, fat free
2710233,E,27.6,E,17.2,Honey mustard dressing, fat free
2710234,E,-17.5,E,-5.7,Italian dressing, fat free
2710235,D,39.3,E,20.5,Mayonnaise, fat free
2710236,E,25.0,E,16.8,Ranch dressing, fat free
2710237,E,25.0,E,16.8,Salad dressing, fat free, NFS
2710238,D,32.1,E,18.1,Thousand Island dressing, fat free
2710239,E,48.3,E,64.5,Bacon, for use with vegetables
2710240,E,62.1,E,71.7,Ham, for use with vegetables
2710241,A,85.7,A,90.7,Beef, for use with vegetables
2710242,A,82.6,A,88.3,Chicken, for use with vegetables
2710243,E,9.6,E,7.4,Cream sauce, for use with vegetables
2710244,E,32.6,E,30.5,Cheese sauce, for use with vegetables
2710245,E,42.0,E,22.0,Gravy, for use with vegetables
2710246,E,33.6,E,21.8,Soy based sauce, for use with vegetables
2710247,E,23.7,E,13.4,Tomato sauce, for use with vegetables
2710248,D,42.3,D,34.9,Avocado, for use on a sandwich
2710249,A,77.0,C,49.4,Cucumber, for use on a sandwich
2710250,A,80.1,C,52.7,Lettuce, for use on a sandwich
2710251,A,80.8,B,58.2,Mushrooms, for use on a sandwich
2710252,A,74.3,C,48.6,Onions, for use on a sandwich
2710253,A,79.6,C,52.1,Pepper, for use on a sandwich
2710254,A,84.0,B,60.5,Spinach, for use on a sandwich
2710255,A,79.6,C,52.1,Tomatoes, for use on a sandwich
2710256,E,46.9,E,63.9,Bacon, for use on a sandwich
2710257,E,4.2,E,3.1,Sugar, NFS
2710258,E,4.2,E,3.1,Sugar, white, granulated or lump
2710259,E,4.3,E,3.1,Sugar, white, confectioner's, powdered
2710260,E,6.3,E,5.1,Sugar, brown
2710261,E,8.3,E,7.0,Sugar, cinnamon
2710262,E,4.2,E,3.1,Sugar substitute and sugar blend
2710263,E,4.8,E,3.3,Sugar substitute, sucralose, powder
2710264,B,68.6,E,32.0,Sugar substitute, stevia, powder
2710265,E,45.4,E,25.4,Sugar substitute, stevia, liquid
2710266,B,68.6,E,32.0,Sugar substitute, monk fruit, powder
2710267,E,5.4,E,5.5,Sugar substitute, powder, NFS
2710268,E,45.4,E,25.4,Sugar substitute, liquid, NFS
2710269,E,5.2,E,6.0,Sugar substitute, saccharin, powder
2710270,C,50.7,E,26.3,Sugar substitute, saccharin, liquid
2710271,E,9.4,E,12.4,Sugar substitute, aspartame, powder
2710272,E,6.0,E,3.9,Syrup, NFS
2710273,E,6.0,E,3.9,Pancake syrup
2710274,E,5.4,E,3.6,Corn syrup
2710275,E,5.3,E,3.8,Blueberry syrup
2710276,E,7.2,E,4.9,Chocolate syrup
2710277,E,20.3,E,16.7,Chocolate syrup, light
2710278,E,10.0,E,6.0,Simple syrup
2710279,E,6.5,E,4.2,Strawberry drink syrup
2710280,E,10.5,E,5.9,Pancake syrup, light
2710281,E,6.9,E,5.7,Honey
2710282,E,10.2,E,7.9,Agave liquid sweetener
2710283,E,26.9,E,21.6,Molasses
2710284,E,10.4,E,9.6,Topping, butterscotch or caramel
2710285,E,19.4,E,26.0,Topping, chocolate
2710286,E,11.8,E,9.0,Topping, fruit
2710287,E,6.6,E,6.7,Topping, marshmallow
2710288,E,15.4,E,23.4,Topping, nuts and syrup
2710289,E,11.6,E,22.7,Chocolate hazelnut spread
2710290,E,5.6,E,7.0,Icing, chocolate
2710291,E,3.1,E,2.2,Icing, white
2710292,E,5.9,E,6.8,Caramel dip, regular
2710293,E,10.4,E,9.6,Caramel dip, light
2710294,E,11.7,E,17.2,Chocolate dip
2710295,E,19.2,E,28.3,Dessert dip
2710296,E,12.1,E,7.4,Sweet and sour sauce
2710297,E,11.0,E,6.0,Dessert sauce
2710298,E,6.3,E,4.6,Duck sauce
2710299,E,9.7,E,7.3,Jam or jelly, NFS
2710300,E,8.0,E,5.9,Jelly
2710301,E,10.5,E,8.6,Jam
2710302,E,15.2,E,10.9,Fruit butter
2710303,E,10.3,E,7.8,Marmalade
2710304,D,32.0,E,22.4,Jam or jelly, sugar free
2710305,E,23.8,E,16.5,Jam or jelly, reduced sugar
2710306,E,17.1,E,12.4,Jam or jelly, fruit juice sweetened
2710307,E,18.3,E,14.6,Guava paste
2710308,E,13.8,E,11.9,Sweet potato paste
2710309,D,39.8,D,44.7,Bean paste, sweetened
2710310,D,45.2,E,27.1,Gelatin dessert
2710311,C,48.6,E,29.3,Gelatin dessert with fruit
2710312,C,55.7,D,36.6,Gelatin salad with vegetables
2710313,C,53.5,E,30.3,Gelatin dessert, sugar free
2710314,B,60.4,D,36.0,Gelatin dessert, sugar free, with fruit
2710315,E,31.3,E,26.4,Yokan
2710316,E,7.2,E,9.7,Haupia
2710317,E,18.9,E,12.0,Italian Ice
2710318,A,74.3,D,45.9,Italian Ice, no sugar added
2710319,D,38.0,E,20.8,Popsicle, NFS
2710320,D,38.0,E,20.8,Popsicle
2710321,A,74.3,D,45.9,Popsicle, no sugar added
2710322,D,38.0,E,20.8,Freezer pop
2710323,E,18.9,E,12.0,Snow cone
2710324,A,74.3,D,45.9,Snow cone, no sugar added
2710325,E,7.1,E,10.2,Candy, NFS
2710326,D,41.8,B,66.0,Almonds, chocolate covered candy
2710327,E,15.9,E,31.7,Chocolate candy, other, NFS
2710328,E,15.9,E,31.7,Chocolate candy
2710329,E,24.6,C,47.0,Chocolate candy with nuts, other, NFS
2710330,E,24.6,C,47.0,Chocolate candy with nuts
2710331,E,17.4,D,32.9,Chocolate candy with cereal
2710332,E,11.3,E,23.1,Chocolate candy, cookie filled
2710333,E,10.6,E,18.8,Chocolate chips
2710334,E,1.6,E,1.0,Candy, sprinkles
2710335,E,16.7,E,25.9,Dark chocolate candy, other, NFS
2710336,E,16.7,E,25.9,Dark chocolate candy
2710337,E,31.0,D,45.3,Dark chocolate candy with nuts, other, NFS
2710338,E,31.0,D,45.3,Dark chocolate candy with nuts
2710339,E,10.7,E,23.3,White chocolate candy
2710340,E,7.5,E,9.9,Chocolate candy, fudge
2710341,E,15.4,E,28.0,Chocolate candy, caramel filled
2710342,E,18.2,E,32.6,Chocolate candy, caramel filled with nuts
2710343,E,11.4,E,22.5,Chocolate candy, coconut filled
2710344,E,10.4,E,13.3,Chocolate candy, cream filled
2710345,E,8.7,E,14.9,Chocolate candy, nougat filled
2710346,E,15.1,E,27.8,Chocolate candy, nougat filled with nuts
2710347,E,17.9,D,33.4,Chocolate candy, peanut butter filled
2710348,E,13.7,E,20.5,Chocolate candy with dried fruit
2710349,E,24.3,C,51.0,Chocolate candy, sugar free
2710350,E,3.9,E,2.9,Candy, non chocolate, other, NFS
2710351,E,19.1,E,31.7,Ladoo, round ball
2710352,E,4.3,E,3.2,Candy, licorice
2710353,E,9.2,E,11.1,Candy, marshmallow
2710354,E,12.0,E,16.8,Candy, caramel
2710355,E,29.9,D,43.9,Candy, nougat with nuts
2710356,D,32.8,B,59.0,Peanuts, chocolate covered candy
2710357,E,21.5,D,35.4,Candy, peanut brittle
2710358,E,4.3,E,3.1,Candy, mint
2710359,E,4.3,E,3.2,Candy, gummy
2710360,E,4.3,E,3.2,Candy, hard
2710361,E,4.3,E,3.2,Candy, lollipop
2710362,E,4.3,E,3.1,Cough drops
2710363,E,4.2,E,3.1,Candy, cotton
2710364,E,3.6,E,2.8,Candy, fruit flavored pieces
2710365,E,10.6,E,19.0,Chocolate candy, candy shell
2710366,E,26.4,C,47.7,Chocolate candy, candy shell with nuts
2710367,E,24.5,E,20.2,Candy, fruit snacks
2710368,E,24.5,E,20.2,Candy, fruit leather
2710369,E,3.4,E,2.9,Candy, taffy
2710370,E,4.1,E,3.0,Candy, non chocolate, sugar free
2710371,E,5.7,E,4.2,Chewing gum
2710372,E,8.0,E,5.5,Chewing gum, sugar free
2710373,B,65.3,D,38.6,Coffee, NS as to type
2710374,B,65.3,D,38.6,Coffee, NS as to brewed or instant
2710375,B,65.3,D,38.6,Coffee, brewed
2710376,B,69.1,E,32.7,Coffee, brewed, blend of regular and decaffeinated
2710377,C,55.3,E,30.3,Coffee, Turkish
2710378,A,76.9,C,48.3,Coffee, espresso
2710379,A,76.8,C,48.2,Coffee, espresso, decaffeinated
2710380,B,65.3,D,38.6,Coffee, brewed, flavored
2710381,A,73.2,D,45.6,Coffee, Cuban
2710382,A,78.6,C,52.0,Coffee, macchiato
2710383,A,73.1,C,48.3,Coffee, macchiato, sweetened
2710384,A,74.1,C,50.5,Coffee, cafe con leche
2710385,A,74.1,C,50.6,Coffee, cafe con leche, decaffeinated
2710386,A,75.8,C,54.9,Coffee, Latte
2710387,A,81.5,B,58.5,Coffee, Latte, nonfat
2710388,A,78.7,C,51.7,Coffee, Latte, with non-dairy milk
2710389,B,71.2,C,51.8,Coffee, Latte, flavored
2710390,A,76.6,C,55.4,Coffee, Latte, nonfat, flavored
2710391,A,74.6,C,49.1,Coffee, Latte, with non-dairy milk, flavored
2710392,A,75.8,C,55.0,Coffee, Latte, decaffeinated
2710393,A,81.5,B,58.5,Coffee, Latte, decaffeinated, nonfat
2710394,A,78.7,C,51.6,Coffee, Latte, decaffeinated, with non-dairy milk
2710395,B,71.1,C,51.7,Coffee, Latte, decaffeinated, flavored
2710396,A,76.6,C,55.4,Coffee, Latte, decaffeinated, nonfat, flavored
2710397,A,74.6,C,49.1,Coffee, Latte, decaffeinated, with non-dairy milk, flavored
2710398,C,57.1,D,38.9,Frozen coffee drink
2710399,B,62.4,D,42.5,Frozen coffee drink, nonfat
2710400,B,62.3,D,39.8,Frozen coffee drink, with non-dairy milk
2710401,C,46.8,E,32.0,Frozen coffee drink, with whipped cream
2710402,C,51.6,D,35.4,Frozen coffee drink, nonfat, with whipped cream
2710403,C,51.7,D,33.2,Frozen coffee drink, with non-dairy milk and whipped cream
2710404,C,56.9,D,38.8,Frozen coffee drink, decaffeinated
2710405,B,62.4,D,42.5,Frozen coffee drink, decaffeinated, nonfat
2710406,C,57.7,D,39.8,Frozen coffee drink, decaffeinated, with non-dairy milk
2710407,C,46.6,E,31.9,Frozen coffee drink, decaffeinated, with whipped cream
2710408,C,51.4,D,35.2,Frozen coffee drink, decaffeinated, nonfat, with whipped cream
2710409,C,48.6,E,32.5,Frozen coffee drink, decaffeinated, with non-dairy milk and whipped cream
2710410,B,66.4,C,48.3,Coffee, Cafe Mocha
2710411,A,72.5,C,52.3,Coffee, Cafe Mocha, nonfat
2710412,B,70.9,D,46.8,Coffee, Cafe Mocha, with non-dairy milk
2710413,B,66.4,C,48.3,Coffee, Cafe Mocha, decaffeinated
2710414,A,72.5,C,52.4,Coffee, Cafe Mocha, decaffeinated, nonfat
2710415,B,70.9,D,46.8,Coffee, Cafe Mocha, decaffeinated, with non-dairy milk
2710416,C,58.3,D,39.5,Frozen mocha coffee drink
2710417,B,63.4,D,42.9,Frozen mocha coffee drink, nonfat
2710418,B,63.3,D,40.4,Frozen mocha coffee drink, with non-dairy milk
2710419,C,47.6,E,32.4,Frozen mocha coffee drink, with whipped cream
2710420,C,52.4,D,35.7,Frozen mocha coffee drink, nonfat, with whipped cream
2710421,C,52.8,D,33.8,Frozen mocha coffee drink, with non-dairy milk and whipped cream
2710422,C,57.4,D,39.0,Frozen mocha coffee drink, decaffeinated
2710423,B,63.5,D,43.0,Frozen mocha coffee drink, decaffeinated, nonfat
2710424,B,63.4,D,40.5,Frozen mocha coffee drink, decaffeinated, with non-dairy milk
2710425,C,47.6,E,32.4,Frozen mocha coffee drink, decaffeinated, with whipped cream
2710426,C,52.4,D,35.7,Frozen mocha coffee drink, decaffeinated, nonfat, with whipped cream
2710427,C,52.6,D,33.6,Frozen mocha coffee drink, decaffeinated, with non-dairy milk and whipped cream
2710428,B,63.5,D,37.0,Iced Coffee, brewed
2710429,B,69.0,E,32.5,Iced Coffee, brewed, decaffeinated
2710430,C,51.4,E,27.6,Iced Coffee, pre-lightened and pre-sweetened
2710431,A,78.4,C,53.2,Coffee, Iced Latte
2710432,A,79.8,C,54.5,Coffee, Iced Latte, nonfat
2710433,A,78.3,C,52.2,Coffee, Iced Latte, with non-dairy milk
2710434,A,72.4,C,49.1,Coffee, Iced Latte, flavored
2710435,A,75.6,C,51.5,Coffee, Iced Latte, nonfat, flavored
2710436,A,74.8,C,48.0,Coffee, Iced Latte, with non-dairy milk, flavored
2710437,A,78.4,C,53.2,Coffee, Iced Latte, decaffeinated
2710438,A,79.9,C,54.5,Coffee, Iced Latte, decaffeinated, nonfat
2710439,A,78.0,C,50.3,Coffee, Iced Latte, decaffeinated, with non-dairy milk
2710440,A,72.3,C,49.0,Coffee, Iced Latte, decaffeinated, flavored
2710441,A,75.6,C,51.5,Coffee, Iced Latte, decaffeinated, nonfat, flavored
2710442,A,74.9,C,48.0,Coffee, Iced Latte, decaffeinated, with non-dairy milk, flavored
2710443,B,67.5,D,45.6,Coffee, Iced Cafe Mocha
2710444,B,71.5,C,48.4,Coffee, Iced Cafe Mocha, nonfat
2710445,B,71.2,D,45.5,Coffee, Iced Cafe Mocha, with non-dairy milk
2710446,B,66.9,D,45.2,Coffee, Iced Cafe Mocha, decaffeinated
2710447,B,71.5,C,48.4,Coffee, Iced Cafe Mocha, decaffeinated, nonfat
2710448,B,71.2,D,45.5,Coffee, Iced Cafe Mocha, decaffeinated, with non-dairy milk
2710449,B,64.9,D,38.3,Coffee, instant, reconstituted
2710450,B,65.3,D,38.6,Coffee, instant, 50% less caffeine, reconstituted
2710451,B,69.1,E,32.6,Coffee, NS as to brewed or instant, decaffeinated
2710452,B,69.1,E,32.6,Coffee, brewed, decaffeinated
2710453,B,64.5,D,37.9,Coffee, instant, decaffeinated, reconstituted
2710454,C,52.6,E,28.1,Coffee, instant, pre-lightened and pre-sweetened with sugar, reconstituted
2710455,C,52.1,E,27.6,Coffee, instant, decaffeinated, pre-lightened and pre-sweetened with sugar, reconsitituted
2710456,B,59.4,D,33.7,Coffee, instant, pre-sweetened with sugar, reconstituted
2710457,B,62.6,D,36.8,Coffee, mocha, instant, pre-lightened and pre-sweetened with low calorie sweetener, reconstituted
2710458,C,53.1,E,28.5,Coffee, instant, pre-lightened and pre-sweetened with low calorie sweetener, reconstituted
2710459,C,53.1,E,28.5,Coffee, instant, decaffeinated, pre-lightened and pre-sweetened with low calorie sweetener, reconstituted
2710460,C,52.6,E,28.1,Coffee, pre-lightened and pre-sweetened with sugar
2710461,C,52.1,E,27.6,Coffee, decaffeinated, pre-lightened and pre-sweetened with sugar
2710462,C,53.1,E,28.5,Coffee, pre-lightened and pre-sweetened with low calorie sweetener
2710463,C,53.1,E,28.5,Coffee, decaffeinated, pre-lightened and pre-sweetened with low calorie sweetener
2710464,C,53.3,E,28.7,Coffee, pre-lightened
2710465,C,53.3,E,28.7,Coffee, decaffeinated, pre-lightened
2710466,B,59.4,D,33.7,Coffee, pre-sweetened with sugar
2710467,C,57.7,E,32.2,Coffee, decaffeinated, pre-sweetened with sugar
2710468,B,64.8,D,38.2,Coffee, pre-sweetened with low calorie sweetener
2710469,B,64.5,D,37.9,Coffee, decaffeinated, pre-sweetened with low calorie sweetener
2710470,B,65.3,D,38.6,Coffee and chicory, brewed
2710471,B,69.1,E,32.6,Coffee and chicory, brewed, decaffeinated
2710472,A,78.2,C,53.0,Coffee, Cappuccino
2710473,A,79.7,C,54.3,Coffee, Cappuccino, nonfat
2710474,A,78.1,C,50.3,Coffee, Cappuccino, with non-dairy milk
2710475,A,78.2,C,53.0,Coffee, Cappuccino, decaffeinated
2710476,A,79.7,C,54.3,Coffee, Cappuccino, decaffeinated, nonfat
2710477,A,78.1,C,50.3,Coffee, Cappuccino, decaffeinated, with non-dairy milk
2710478,C,56.1,D,39.4,Coffee, bottled/canned
2710479,B,69.4,D,45.3,Coffee, bottled/canned, light
2710480,C,55.4,A,73.1,Coffee, instant, not reconstituted
2710481,C,53.7,B,70.3,Coffee, instant, decaffeinated, not reconstituted
2710482,E,14.6,E,17.3,Coffee, instant, pre-sweetened with sugar, not reconstituted
2710483,E,8.7,E,12.6,Coffee, instant, pre-lightened and pre-sweetened with sugar, not reconstituted
2710484,E,1.5,E,0.9,Coffee, instant, decaffeinated, pre-lightened and pre-sweetened with sugar, not reconstituted
2710485,E,11.7,E,19.6,Coffee, instant, decaffeinated, pre-lightened and pre-sweetened with low calorie sweetener, not reconstituted
2710486,A,72.4,D,44.5,Coffee substitute
2710487,A,72.5,D,44.8,Chicory beverage
2710488,B,60.3,D,34.2,Tea, hot, leaf, black
2710489,B,60.3,D,34.2,Tea, hot, leaf, black, decaffeinated
2710490,C,56.6,E,31.6,Tea, hot, leaf, green
2710491,B,68.6,E,32.0,Tea, hot, leaf, green, decaffeinated
2710492,C,53.1,E,28.2,Tea, hot, leaf, oolong
2710493,C,53.8,E,28.8,Tea, iced, instant, black, unsweetened
2710494,C,52.5,E,27.8,Tea, iced, instant, black, pre-sweetened with sugar
2710495,C,51.8,E,27.6,Tea, iced, instant, black, decaffeinated, pre-sweetened with sugar
2710496,C,56.9,E,31.5,Tea, iced, instant, black, pre-sweetened with low calorie sweetener
2710497,B,58.9,D,33.1,Tea, iced, instant, black, decaffeinated, pre-sweetened with low calorie sweetener
2710498,C,57.3,E,31.9,Tea, iced, instant, black, decaffeinated, unsweetened
2710499,B,68.6,E,32.0,Tea, iced, instant, green, unsweetened
2710500,E,50.2,E,25.8,Tea, iced, instant, green, pre-sweetened with sugar
2710501,A,75.8,C,47.1,Tea, iced, instant, green, pre-sweetened with low calorie sweetener
2710502,C,56.3,E,30.9,Tea, hot, herbal
2710503,B,68.6,E,32.0,Tea, hot, hibiscus
2710504,C,51.9,E,30.3,Corn beverage
2710505,C,57.0,E,31.5,Tea, hot, chamomile
2710506,B,62.8,D,41.8,Tea, hot, with milk
2710507,C,53.3,E,28.5,Tea, ginger
2710508,C,46.1,E,25.4,Tea, bubble
2710509,C,52.1,E,27.6,Tea, kombucha
2710510,A,82.9,A,90.6,Tea, iced, instant, black, unsweetened, dry
2710511,E,5.4,E,4.3,Tea, iced, instant, black, pre-sweetened, dry
2710512,B,69.5,D,42.7,Iced Tea / Lemonade juice drink
2710513,A,75.0,D,46.9,Iced Tea / Lemonade juice drink, light
2710514,B,70.2,D,42.5,Iced Tea / Lemonade juice drink, diet
2710515,C,52.3,E,27.9,Tea, iced, brewed, black, pre-sweetened with sugar
2710516,B,60.3,D,34.2,Tea, iced, brewed, black, pre-sweetened with low calorie sweetener
2710517,B,60.3,D,34.2,Tea, iced, brewed, black, unsweetened
2710518,C,52.3,E,27.9,Tea, iced, brewed, black, decaffeinated, pre-sweetened with sugar
2710519,B,60.3,D,34.2,Tea, iced, brewed, black, decaffeinated, pre-sweetened with low calorie sweetener
2710520,B,60.3,D,34.2,Tea, iced, brewed, black, decaffeinated, unsweetened
2710521,C,51.8,E,27.9,Tea, iced, brewed, green, pre-sweetened with sugar
2710522,C,56.6,E,31.6,Tea, iced, brewed, green, pre-sweetened with low calorie sweetener
2710523,C,56.6,E,31.6,Tea, iced, brewed, green, unsweetened
2710524,C,51.2,E,26.9,Tea, iced, brewed, green, decaffeinated, pre-sweetened with sugar
2710525,C,53.7,E,28.8,Tea, iced, brewed, green, decaffeinated, pre-sweetened with low calorie sweetener
2710526,B,68.6,E,32.0,Tea, iced, brewed, green, decaffeinated, unsweetened
2710527,C,48.6,E,25.5,Tea, iced, bottled, black
2710528,C,51.4,E,27.3,Tea, iced, bottled, black, decaffeinated
2710529,C,49.8,E,25.5,Tea, iced, bottled, black, diet
2710530,B,68.6,E,32.0,Tea, iced, bottled, black, decaffeinated, diet
2710531,B,68.6,E,32.0,Tea, iced, bottled, black, unsweetened
2710532,B,60.3,D,34.2,Tea, iced, bottled, black, decaffeinated, unsweetened
2710533,E,50.2,E,25.8,Tea, iced, bottled, green
2710534,A,75.8,C,47.1,Tea, iced, bottled, green, diet
2710535,B,68.6,E,32.0,Tea, iced, bottled, green, unsweetened
2710536,E,3.1,E,2.6,Soft drink, NFS
2710537,C,57.8,E,32.4,Soft drink, NFS, diet
2710538,C,49.4,E,25.5,Water, tonic
2710539,B,68.6,E,32.0,Water, carbonated, plain
2710540,B,69.1,E,32.6,Water, carbonated, flavored
2710541,E,3.1,E,2.6,Soft drink, cola
2710542,C,57.8,E,32.4,Soft drink, cola, diet
2710543,E,3.1,E,2.6,Soft drink, cola, decaffeinated
2710544,C,54.2,E,29.4,Soft drink, cola, decaffeinated, diet
2710545,E,3.1,E,2.6,Soft drink, pepper type
2710546,C,57.8,E,32.4,Soft drink, pepper type, diet
2710547,E,3.1,E,2.6,Soft drink, pepper type, decaffeinated
2710548,C,54.2,E,29.4,Soft drink, pepper type, decaffeinated, diet
2710549,E,3.3,E,2.8,Soft drink, cream soda
2710550,B,69.1,E,32.6,Soft drink, cream soda, diet
2710551,E,3.9,E,3.4,Soft drink, fruit flavored, caffeine free
2710552,B,69.1,E,32.6,Soft drink, fruit flavored, diet, caffeine free
2710553,E,3.2,E,2.6,Soft drink, fruit flavored, caffeine containing
2710554,B,69.1,E,32.6,Soft drink, fruit flavored, caffeine containing, diet
2710555,E,4.5,E,3.8,Soft drink, ginger ale
2710556,B,69.1,E,32.6,Soft drink, ginger ale, diet
2710557,E,3.4,E,2.8,Soft drink, root beer
2710558,B,69.1,E,32.6,Soft drink, root beer, diet
2710559,E,5.3,E,4.4,Soft drink, chocolate flavored
2710560,C,57.8,E,32.4,Soft drink, chocolate flavored, diet
2710561,E,3.1,E,2.6,Soft drink, cola, fruit or vanilla flavored
2710562,E,3.1,E,2.6,Soft drink, cola, chocolate flavored
2710563,C,57.8,E,32.4,Soft drink, cola, fruit or vanilla flavored, diet
2710564,C,57.8,E,32.4,Soft drink, cola, chocolate flavored, diet
2710565,A,75.9,C,48.6,Fruit juice drink, citrus, carbonated
2710566,A,74.3,D,46.4,Fruit juice drink, noncitrus, carbonated
2710567,E,49.5,E,25.2,Fruit juice drink
2710568,D,36.1,E,24.7,Tamarind drink
2710569,B,64.0,D,38.7,Fruit punch, made with fruit juice and soda
2710570,C,52.0,E,28.5,Lemonade, fruit juice drink
2710571,B,65.6,D,38.6,Lemonade, fruit flavored drink
2710572,E,15.5,E,11.3,Lemonade, frozen concentrate, not reconstituted
2710573,D,40.4,E,21.1,Fruit flavored drink
2710574,E,20.1,E,13.0,Pina Colada, nonalcoholic
2710575,D,32.8,E,17.7,Margarita mix, nonalcoholic
2710576,C,51.1,E,26.6,Slush frozen drink
2710577,C,52.1,E,27.4,Slush frozen drink, no sugar added
2710578,A,75.6,C,47.0,Fruit flavored drink, with high vitamin C
2710579,B,69.5,D,43.9,Cranberry juice drink, with high vitamin C
2710580,B,71.6,D,45.1,Fruit juice drink, with high vitamin C
2710581,A,77.3,C,48.5,Vegetable and fruit juice drink, with high vitamin C
2710582,B,68.3,D,43.2,Fruit juice drink (Sunny D)
2710583,B,65.6,D,38.6,Fruit flavored drink, powdered, reconstituted
2710584,A,73.2,D,45.7,Fruit flavored drink, with high vitamin C, powdered, reconstituted
2710585,A,76.8,C,48.1,Fruit juice drink, with high vitamin C, light
2710586,C,58.5,D,33.3,Fruit juice drink, light
2710587,B,71.6,D,43.7,Fruit juice drink, diet
2710588,A,76.8,C,48.1,Cranberry juice drink, with high vitamin C, light
2710589,A,75.7,C,47.2,Grape juice drink, light
2710590,A,77.9,C,49.3,Orange juice beverage, 40-50% juice, light
2710591,A,76.1,C,47.4,Apple juice beverage, 40-50% juice, light
2710592,A,76.3,C,47.5,Lemonade, fruit juice drink, light
2710593,B,63.3,D,36.9,Pomegranate juice beverage, 40-50% juice, light
2710594,A,77.7,C,48.8,Vegetable and fruit juice drink, with high vitamin C, diet
2710595,A,77.7,C,48.8,Vegetable and fruit juice drink, with high vitamin C, light
2710596,A,74.7,D,46.3,Fruit flavored drink, with high vitamin C, diet
2710597,A,76.1,C,47.5,Fruit flavored drink, diet
2710598,A,74.7,D,46.3,Fruit flavored drink, with high vitamin C, powdered, reconstituted, diet
2710599,A,74.1,D,45.8,Fruit flavored drink, powdered, reconstituted, diet
2710600,C,58.5,D,33.3,Fruit juice drink (Capri Sun)
2710601,B,69.1,D,43.5,Fruit juice drink, added calcium (Sunny D)
2710602,D,41.9,E,27.5,Horchata, made with water
2710603,D,41.9,E,28.5,Horchata, made with milk
2710604,C,51.2,E,28.3,Frescavena
2710605,D,45.2,E,31.1,Atole de avena
2710606,D,37.2,E,19.6,Sugar cane beverage
2710607,D,44.4,E,30.6,Atole
2710608,D,38.5,E,27.9,Atole de chocolate
2710609,A,76.5,C,48.7,Wine, nonalcoholic
2710610,C,54.1,E,30.0,Beer, nonalcoholic
2710611,C,45.6,E,24.2,Shirley Temple
2710612,E,28.8,E,23.5,Fruit flavored drink, with high vitamin C, powdered, not reconstituted
2710613,E,17.9,E,14.4,Fruit flavored drink, powdered, not reconstituted
2710614,D,34.9,E,28.3,Fruit flavored drink, powdered, not reconstituted, diet
2710615,E,17.9,E,14.4,Sports drink, dry concentrate, not reconstituted
2710616,C,52.7,E,30.0,Beer
2710617,C,56.1,E,31.2,Beer, light
2710618,C,52.1,E,31.9,Beer, higher alcohol
2710619,D,43.0,E,23.7,Alcoholic malt beverage, sweetened
2710620,C,52.1,E,31.9,Alcoholic malt beverage
2710621,C,49.8,E,27.7,Hard cider
2710622,C,52.0,E,27.4,Hard seltzer
2710623,E,5.8,E,3.9,Liqueur
2710624,E,5.2,E,3.9,Liqueur, cream
2710625,E,5.2,E,3.9,Liqueur, coffee flavored
2710626,E,31.6,E,16.8,Cocktail, NFS
2710627,E,9.5,E,8.8,Brandy Alexander
2710628,B,62.6,D,42.1,Bloody Mary
2710629,C,47.8,E,31.6,Cape Cod
2710630,E,20.6,E,11.9,Daiquiri
2710631,E,26.5,E,15.0,Gelatin shot, alcoholic
2710632,E,12.6,E,8.5,Gimlet
2710633,D,33.3,E,17.5,Gin and tonic
2710634,C,53.8,D,35.9,Greyhound
2710635,E,28.4,E,16.7,Jagerbomb
2710636,E,10.9,E,6.9,Kamikaze
2710637,E,8.4,E,5.3,Manhattan
2710638,E,17.6,E,9.7,Margarita
2710639,E,9.4,E,6.0,Martini
2710640,E,12.9,E,8.7,Martini, flavored
2710641,A,75.8,C,49.1,Michelada
2710642,B,62.9,D,40.7,Mimosa
2710643,E,9.6,E,5.8,Mint julep
2710644,C,48.1,E,27.2,Mojito
2710645,E,31.3,E,16.8,Moscow mule
2710646,E,16.6,E,11.2,Old fashioned
2710647,C,49.1,D,33.7,Orange Blossom
2710648,E,9.0,E,5.7,Rob Roy
2710649,E,7.2,E,4.6,Rusty Nail
2710650,C,52.2,D,35.5,Screwdriver
2710651,C,51.2,D,34.0,Seabreeze
2710652,D,32.9,E,17.7,Seven and Seven
2710653,E,18.6,E,10.5,Tom Collins
2710654,E,18.6,E,10.5,Whiskey sour
2710655,D,43.1,E,22.5,Whiskey and soda
2710656,D,43.5,E,22.8,Whiskey and water
2710657,E,31.6,E,16.8,Whiskey and cola
2710658,D,43.8,E,23.4,Whiskey and diet cola
2710659,D,34.5,E,18.4,Whiskey and ginger ale
2710660,E,31.6,E,16.8,Rum and cola
2710661,D,43.8,E,23.4,Rum and diet cola
2710662,E,14.9,E,9.9,Pina Colada
2710663,E,31.6,E,16.8,Brandy and cola
2710664,D,43.1,E,22.5,Vodka and soda
2710665,E,31.4,E,17.1,Vodka and lemonade
2710666,E,31.6,E,16.8,Vodka and cola
2710667,D,43.8,E,23.4,Vodka and diet cola
2710668,D,34.0,E,19.7,Vodka and energy drink
2710669,D,43.5,E,22.8,Vodka and water
2710670,D,33.3,E,17.5,Vodka and tonic
2710671,D,41.2,E,22.0,Sloe gin fizz
2710672,E,5.9,E,4.1,Black Russian
2710673,E,14.7,E,14.6,White Russian
2710674,D,36.7,E,21.4,Fruit punch, alcoholic
2710675,E,24.2,E,15.1,Champagne punch
2710676,D,33.9,E,19.5,Singapore Sling
2710677,E,17.3,E,11.4,Mai Tai
2710678,D,40.9,E,28.7,Tequila Sunrise
2710679,E,23.4,E,12.7,Long Island iced tea
2710680,D,43.7,E,30.7,Fuzzy Navel
2710681,E,31.8,E,17.3,Alcoholic coffee drink
2710682,E,17.4,E,9.9,Frozen daiquiri
2710683,E,17.6,E,9.7,Frozen margarita
2710684,D,45.1,D,38.3,Eggnog, alcoholic
2710685,D,41.2,E,22.0,Gin fizz
2710686,E,11.2,E,6.5,Rum, hot buttered
2710687,D,41.3,E,23.2,Wine, sparkling
2710688,D,39.0,E,22.6,Wine, red
2710689,D,38.2,E,21.5,Wine, white
2710690,D,38.6,E,22.5,Wine, rose
2710691,E,18.3,E,12.1,Wine, rice
2710692,E,14.3,E,9.3,Wine, dessert, sweet
2710693,C,55.6,E,31.9,Wine, light
2710694,D,43.0,E,23.7,Wine cooler
2710695,D,36.2,E,20.1,Sangria, red
2710696,D,36.2,E,19.9,Sangria, white
2710697,C,51.2,E,28.2,Wine spritzer
2710698,D,33.8,E,19.8,Glug
2710699,E,7.8,E,4.9,Brandy
2710700,E,7.8,E,4.9,Whiskey
2710701,E,7.8,E,4.9,Scotch
2710702,E,7.8,E,4.9,Gin
2710703,E,7.8,E,4.9,Rum
2710704,E,7.8,E,4.9,Vodka
2710705,E,7.8,E,4.9,Tequila
2710706,B,68.6,E,32.0,Water, NFS
2710707,B,68.6,E,32.0,Water, tap
2710708,B,68.6,E,32.0,Water, bottled, plain
2710709,C,49.8,E,25.5,Water, non-carbonated, flavored
2710710,A,77.1,C,48.3,Water beverage, fruit flavored
2710711,A,76.8,C,48.0,Water, enhanced, regular
2710712,B,68.6,E,32.0,Water, enhanced, diet
2710713,B,68.6,E,32.0,Water, baby
2710714,B,65.0,C,54.7,Nutritional drink or shake, ready-to-drink (Boost)
2710715,C,55.9,C,53.1,Nutritional drink or shake, ready-to-drink (Boost Plus)
2710716,B,69.2,B,60.2,Nutritional drink or shake, ready-to-drink (Carnation Instant Breakfast)
2710717,B,60.9,C,50.8,Nutritional drink or shake, ready-to-drink (Ensure)
2710718,C,52.6,C,50.2,Nutritional drink or shake, ready-to-drink (Ensure Plus)
2710719,B,68.9,C,57.1,Nutritional drink or shake, ready-to-drink, sugar free (Glucerna)
2710720,A,82.5,B,68.5,Nutritional drink or shake, ready-to-drink (Muscle Milk)
2710721,A,82.9,B,65.4,Nutritional drink or shake, ready-to-drink, light (Muscle Milk)
2710722,A,77.0,B,58.3,Nutritional drink or shake, ready-to-drink (Slim Fast)
2710723,A,77.0,B,58.3,Nutritional drink or shake, ready-to-drink, sugar free (Slim Fast)
2710724,A,82.2,B,70.6,Nutritional drink or shake, high protein, ready-to-drink (Slim Fast)
2710725,B,60.9,C,50.8,Nutritional drink or shake, ready-to-drink, NFS
2710726,A,82.2,B,70.6,Nutritional drink or shake, high protein, ready-to-drink, NFS
2710727,C,55.9,C,53.1,Nutritional drink or shake, high protein, light, ready-to-drink, NFS
2710728,C,55.9,C,53.1,Nutritional drink or shake, liquid, soy-based
2710729,A,72.8,A,85.8,Nutritional powder mix (Carnation Instant Breakfast)
2710730,A,86.0,A,92.8,Nutritional powder mix, sugar free (Carnation Instant Breakfast)
2710731,A,80.7,A,88.6,Nutritional powder mix (EAS Whey Protein Powder)
2710732,A,77.5,A,86.1,Nutritional powder mix (EAS Soy Protein Powder)
2710733,A,84.9,A,92.2,Nutritional powder mix, high protein (Herbalife)
2710734,A,84.6,A,91.7,Nutritional powder mix (Isopure)
2710735,A,86.4,A,92.5,Nutritional powder mix (Muscle Milk)
2710736,A,84.2,A,91.7,Nutritional powder mix, light (Muscle Milk)
2710737,A,75.0,A,71.6,Nutritional powder mix (Slim Fast)
2710738,A,75.0,A,71.6,Nutritional powder mix, sugar free (Slim Fast)
2710739,A,95.0,A,97.4,Nutritional powder mix, high protein (Slim Fast)
2710740,A,72.8,A,85.8,Nutritional powder mix, NFS
2710741,A,84.9,A,92.2,Nutritional powder mix, high protein, NFS
2710742,A,83.7,A,90.7,Nutritional powder mix, whey based, NFS
2710743,A,84.6,A,90.8,Nutritional powder mix, protein, soy based, NFS
2710744,A,84.2,A,91.7,Nutritional powder mix, protein, light, NFS
2710745,A,83.7,A,90.7,Nutritional powder mix, protein, NFS
2710746,E,4.3,E,4.2,Energy drink (Full Throttle)
2710747,E,2.5,E,3.2,Energy drink (Monster)
2710748,E,4.5,E,4.4,Energy drink (Mountain Dew AMP)
2710749,E,24.7,E,21.6,Energy drink (No Fear)
2710750,E,24.7,E,21.6,Energy drink (No Fear Motherload)
2710751,E,1.1,E,0.9,Energy drink (NOS)
2710752,E,9.6,E,9.2,Energy drink (Red Bull)
2710753,E,3.8,E,4.1,Energy drink (Rockstar)
2710754,E,26.2,E,21.8,Energy drink (SoBe Energize Energy Juice Drink)
2710755,E,3.5,E,2.9,Energy drink (Vault)
2710756,E,9.6,E,9.2,Energy Drink
2710757,E,0.3,E,0.2,Energy drink, low calorie (Monster)
2710758,E,0.3,E,0.2,Energy drink, sugar free (Monster)
2710759,E,1.5,E,1.2,Energy drink, sugar free (Mountain Dew AMP)
2710760,E,28.0,E,24.4,Energy drink, sugar free (No Fear)
2710761,E,0.3,E,0.2,Energy drink, sugar-free (NOS)
2710762,E,27.6,E,23.0,Energy drink (Ocean Spray Cran-Energy Juice Drink)
2710763,E,1.1,E,1.6,Energy drink, sugar-free (Red Bull)
2710764,E,4.0,E,3.9,Energy drink, sugar free (Rockstar)
2710765,E,8.3,E,7.6,Energy drink, sugar free (Vault)
2710766,E,1.1,E,1.6,Energy drink (XS)
2710767,E,1.1,E,1.6,Energy drink (XS Gold Plus)
2710768,E,1.9,E,2.2,Energy drink, sugar free
2710769,E,2.1,E,1.8,Sports drink (Gatorade G)
2710770,E,2.0,E,1.7,Sports drink (Powerade)
2710771,E,2.1,E,1.8,Sports drink, NFS
2710772,E,0.6,E,0.7,Sports drink, low calorie (Gatorade G2)
2710773,E,0.0,E,0.0,Sports drink, low calorie (Powerade Zero)
2710774,E,0.6,E,0.7,Sports drink, low calorie
2710775,E,0.5,E,0.4,Fluid replacement, electrolyte solution
2710776,E,0.0,E,0.0,Fluid replacement, 5% glucose in water
2710777,B,70.7,C,47.8,Fruit juice, acai blend
2710778,C,46.4,B,65.7,Cheese as ingredient in sandwiches
2710779,D,45.3,B,64.3,Cheese and Queso as ingredient
2710780,B,69.9,A,79.7,Beef as ingredient in recipes
2710781,E,52.3,E,66.8,Breakfast meat as ingredient in omelet
2710782,A,83.6,A,89.2,Chicken as ingredient in recipes
2710783,A,91.1,A,94.4,Fish, cooked, as ingredient
2710784,B,68.7,A,79.8,Fish fillet, fried as ingredient in sandwiches
2710785,D,36.3,D,42.5,Breading or batter as ingredient in food
2710786,C,54.1,B,67.8,Wheat bread as ingredient in sandwiches
2710787,C,54.1,B,67.8,Wheat bun as ingredient in sandwiches
2710788,E,31.6,E,26.7,Rice, white, cooked, as ingredient
2710789,D,37.8,E,31.2,Rice, brown, cooked, as ingredient
2710790,B,63.3,D,46.7,Potato, cooked, as ingredient
2710791,A,82.4,B,61.5,Spinach, cooked, as ingredient
2710792,A,79.6,B,57.6,Broccoli, cooked, as ingredient
2710793,A,74.4,C,49.8,Carrots, cooked, as ingredient
2710794,B,64.9,C,47.1,Sweet potato, cooked, as ingredient
2710795,A,80.4,C,53.3,Tomatoes, cooked, as ingredient
2710796,A,72.5,C,48.8,Onions, cooked, as ingredient
2710797,A,79.3,B,59.6,Mushrooms, cooked, as ingredient
2710798,A,79.2,C,51.6,Green pepper, cooked, as ingredient
2710799,A,78.3,C,51.9,Red pepper, cooked, as ingredient
2710800,A,78.0,C,51.7,Cabbage, cooked, as ingredient
2710801,A,81.9,C,56.7,Cauliflower, cooked, as ingredient
2710802,A,79.0,C,52.0,Eggplant, cooked, as ingredient
2710803,A,77.6,C,54.4,Green beans, cooked, as ingredient
2710804,A,80.8,C,54.2,Summer squash, cooked, as ingredient
2710805,A,78.0,C,50.0,Celery, cooked, as ingredient
2710806,A,81.4,B,59.6,Dark green vegetables as ingredient in omelet
2710807,A,80.2,C,53.2,Tomatoes as ingredient in omelet
2710808,A,79.0,B,58.4,Other vegetables as ingredient in omelet
2710809,A,75.8,C,50.4,Mirepoix, cooked, as ingredient
2710810,A,73.9,C,51.7,Vegetables as ingredient in curry
2710811,A,75.0,C,52.5,Vegetables as ingredient in soups
2710812,A,72.5,C,51.0,Vegetables as ingredient in stews
2710813,E,6.1,E,7.5,Sauce as ingredient in hamburgers
2710814,E,0.9,E,0.7,Industrial oil as ingredient in food
